Excel row,Old Comp ID,IPMS Component ID,Category,Project label,Verification,In Inv (current stock),Unit Price,GST percent,Inward Date,Result,Issue,Warning,Description,Rack,Box
4,C_00624,(create new),ELECTRICALS,INVENTORY,Verified,2,17267.20,0.00,2020-10-02,READY,,,T-Motor Antigravity MN1005 V2.0 90KV,R18,A56
5,C_00301,(create new),COMMUNICATION,INVENTORY,Verified,1,75500.00,18.00,2022-07-09,READY,,,Herelink Controller Unit (V1.1),R48,
7,C_00703,(create new),ELECTRONICS,INVENTORY,Verified,1,2677.97,18.00,2022-08-08,READY,,,Waveshare Industrial Grade Isolated RS232 to RS485 Converter (Without Power Adapter),R31,PO-177
8,C_00175,,PAYLOAD,AGRI R&D,Verified,8,7183.02,18.00,2022-08-25,EXCLUDED PROJECT LABEL,,Project label AGRI R&D excluded from shared store scope,Centrifugal Nozzle Spray System for Agriculture Drone,R52,A41
10,C_00296,(create new),ELECTRONICS,INVENTORY,Verified,1,14777.63,0.00,2022-08-30,READY,,,Here 3 GPS,R34,A22
11,NA,,AIRFRAMES,INVENTORY,Verified,1,301025.73,0.00,2022-08-30,BLOCKED,Missing or placeholder Comp ID,"Original Round-off retained in source metadata, not added to current valuation; Invalid HSN retained in source metadata only",M 1500 Frame+Power System,Inv Room,
12,C_00386,(create new),AIRFRAMES,INVENTORY,Verified,1,18765.24,0.00,2022-08-30,READY,,Invalid HSN retained in source metadata only,M1500 T-Drone Landing gear,R44,A69
13,C_00387,(create new),AIRFRAMES,INVENTORY,Verified,6,46913.10,0.00,2022-08-30,READY,,Invalid HSN retained in source metadata only,M1500 T-Drone Motor arm Motor+ESC+Mount,R44,A69
14,C_00216,(create new),ELECTRICALS,INVENTORY,Verified,2,1186.44,0.00,2022-09-02,READY,,"Original Round-off retained in source metadata, not added to current valuation",ECO II Series 2207 1700KV Brushless Motor,R18,A48
15,C_00233,,AIRFRAMES,AGRI R&D,Verified,8,990.00,0.00,2022-09-07,EXCLUDED PROJECT LABEL,,Project label AGRI R&D excluded from shared store scope,EFT Y Shaped High Pressure Nozzles for Agriculture Drone,R51,A36
16,C_00054,,COMMUNICATION,INVENTORY,Verified,1,7320.00,0.00,2022-09-08,BLOCKED,Comp ID C_00054 refers to conflicting categories or products,Invalid HSN retained in source metadata only,433MHz Telemetry module pair for Pixhawk and APM 100mw 2Km range,R26,A21
17,NA,,ELECTRICALS,INVENTORY,Verified,1,8774.00,0.00,2022-09-14,BLOCKED,Missing or placeholder Comp ID,Invalid HSN retained in source metadata only,M1500PDB,R21,A9
18,C_00276,,AIRFRAMES,INVENTORY,Excess in stock,2,199.00,18.00,2022-11-14,BLOCKED,Physical stock verification requires review: Excess in stock,Invalid HSN retained in source metadata only,"Gemfan Hurricane Super Light SL 5125 Tri-Blade 5"" Prop 4 Pack (1.5mm Mounting)",R2,
19,C_00198,(create new),ELECTRONICS,INVENTORY,Verified,1,1099.00,0.00,2022-11-15,READY,,,Cyclone 35A 2-6S Blheli_S DSHOT600 OPTO Brushless ESC for RC Drone FPV Racing,R33,T-24
21,C_00535,(create new),AIRFRAMES,INVENTORY,Verified,2,199.00,0.00,2022-11-19,READY,,,Pro-Range Propellers 5042 WinDancer PC 3 Blade Propellers 2CW+2CCW- Clear,R2,
22,C_00535,(create new),AIRFRAMES,INVENTORY,Verified,1,199.00,0.00,2022-11-19,READY,,,Pro-Range Propellers 5042 WinDancer PC 3 Blade Propellers 2CW+2CCW- Clear,R2,
23,C_00235,(create new),ELECTRICALS,INVENTORY,Verified,4,1146.17,0.00,2022-11-21,READY,,"Original Round-off retained in source metadata, not added to current valuation",Emax ECOII-2004-2000KV Brushless Motor,R19,A48
25,C_00147,,ELECTRONICS,INDOOR R&D,Verified,2,2542.37,0.00,2022-12-26,EXCLUDED PROJECT LABEL,,Invalid HSN retained in source metadata only; Project label INDOOR R&D excluded from shared store scope,Benewake TFMini-S Micro LiDAR Distance Sensor for Drones UAV UAS Robots (12m) UART,R28,A26
26,C_00550,,ELECTRONICS,INDOOR R&D,Verified,1,3058.00,0.00,2022-12-26,EXCLUDED PROJECT LABEL,,Project label INDOOR R&D excluded from shared store scope,Raspberry Pi 3 Model B+,R26,A58
27,C_00148,,PAYLOAD,INDOOR R&D,Verified,1,20894.49,0.00,2023-01-24,EXCLUDED PROJECT LABEL,,Project label INDOOR R&D excluded from shared store scope,BETAFPV SMO 4K CAMERA,L5,C1
29,C_00012,(create new),ELECTRONICS,INVENTORY,Verified,1,309.00,0.00,2023-02-01,READY,,,1575 Mhz GPS Antenna for GPS and GSM module,R34,A22
31,C_00097,(create new),ELECTRONICS,INVENTORY,Verified,1,371.70,0.00,2023-02-01,READY,,,Adafruit Perma-Proto Half-sized Breadboard PCB - Single,R31,
32,C_00122,(create new),ELECTRONICS,INVENTORY,Verified,2,295.00,0.00,2023-02-01,READY,,,Arduino Nano v3.0,R26,A58
33,C_00201,(create new),ELECTRONICS,INVENTORY,Verified,1,2699.10,0.00,2023-02-01,READY,,,DC 3-6V Liquid Level Sensor,R28,A85
35,C_00255,(create new),PAYLOAD,INVENTORY,Verified,1,4999.00,0.00,2023-02-01,READY,,,FitSpark Eagle i6 PRO Real 4K WiFi Action Camera 16MP Ultra HD 170° Wide-Angle Lens,L5,C1
36,C_00256,,ELECTRONICS,INVENTORY,Excess in stock,2,8999.10,0.00,2023-02-01,BLOCKED,Physical stock verification requires review: Excess in stock,,FLAME 60A 12S V2.0 Multi-Rotor UAVs ESC,R33,A65
37,C_00256,,ELECTRONICS,INVENTORY,Excess in stock,1,9899.00,0.00,2023-02-01,BLOCKED,Physical stock verification requires review: Excess in stock,Invalid HSN retained in source metadata only,FLAME 60A 12S V2.0 Multi-Rotor UAVs ESC,R33,A65
38,C_00264,(create new),AIRFRAMES,INVENTORY,Verified,3,28799.10,0.00,2023-02-01,READY,,,Foxtech Diamond 3010 CF Propeller 1CW 1CCW-1pair,Before L1,
39,C_00277,(create new),ELECTRONICS,INVENTORY,Verified,1,3644.00,0.00,2023-02-01,READY,,,"Generic Aluminium 2-axle brushless gimbal camera mount controller plug & play, Multicolour",R21,KM-01
40,C_00288,(create new),PAYLOAD,INVENTORY,Verified,1,142762.73,0.00,2023-02-01,READY,,,Gremsy S1 V3 Gimbal,L2,
41,C_00299,(create new),ELECTRONICS,INVENTORY,Verified,2,1649.50,0.00,2023-02-01,READY,,,Herelink Antenna,R48,
42,C_00300,(create new),ELECTRONICS,INVENTORY,Verified,1,3299.00,0.00,2023-02-01,READY,,,Herelink Antenna (air unit),R48,
43,C_00352,(create new),ELECTRICALS,INVENTORY,Verified,2,2969.10,0.00,2023-02-01,READY,,,HS-75BB Retract Nylon Gear Analog Low Profile Servo,R26,A67
44,C_00365,(create new),ACCESSORIES,INVENTORY,Verified,1,39000.00,0.00,2023-02-01,READY,,,Johnnette Technologies' NPNT U2.0 Module,R31,
45,C_00371,(create new),ELECTRICALS,INVENTORY,Verified,4,5755.50,0.00,2023-02-01,READY,,,KDE2315XF-885 Brushless Motor for Electric Multi-Rotor (sUAS) Series,R18,A47
46,C_00371,(create new),ELECTRICALS,INVENTORY,Verified,4,5755.50,0.00,2023-02-01,READY,,Invalid HSN retained in source metadata only,KDE2315XF-885 Brushless Motor for Electric Multi-Rotor (sUAS) Series,,
47,C_00371,(create new),ELECTRICALS,INVENTORY,Verified,6,5755.50,0.00,2023-02-01,READY,,,KDE2315XF-885 Brushless Motor for Electric Multi-Rotor (sUAS) Series,R18,A47
48,C_00372,(create new),ELECTRONICS,INVENTORY,Verified,6,2265.30,0.00,2023-02-01,READY,,,KDEXF-UAS20LV 20A + Electronic Speed Controller (ESC) for Electric Multi-Rotor (UAS) Series,R33,T-24
49,C_00372,(create new),ELECTRONICS,INVENTORY,Verified,4,2265.30,0.00,2023-02-01,READY,,Invalid HSN retained in source metadata only,KDEXF-UAS20LV 20A + Electronic Speed Controller (ESC) for Electric Multi-Rotor (UAS) Series,Above L1,
50,C_00478,(create new),ELECTRONICS,INVENTORY,Verified,1,1300.00,0.00,2023-02-01,READY,,,Mini OSD FOR APM 2.6/2.8,R31,A50
51,C_00511,(create new),AIRFRAMES,INVENTORY,Verified,1,75.42,0.00,2023-02-01,READY,,,Orange HD Propellers 1045 (10X4.5) ABS 1CW 1CCW-1pair,R4,PR1
53,C_00571,(create new),ELECTRONICS,INVENTORY,Verified,1,8500.00,0.00,2023-02-01,READY,,,Seagull UAV #REC Camera Controller,R26,A8
54,C_00614,(create new),ELECTRONICS,INVENTORY,Verified,2,3481.00,0.00,2023-02-01,READY,,,Storm32 - 3 Axis Brushless Gimbal Controller Board,R26,A58
55,C_00650,(create new),AIRFRAMES,INVENTORY,Verified,1,19710.00,0.00,2023-02-01,READY,,,TAROT FLIR Metal 3 Axis gimbal TL02FLIR,R21,KM-01
56,C_00653,(create new),ELECTRONICS,INVENTORY,Verified,1,1246.00,0.00,2023-02-01,READY,,,TBS M8.2 GPS Glonass Blacksheep,R34,A22
59,C_00623,(create new),ELECTRICALS,INVENTORY,Verified,3,10174.50,0.00,2023-02-01,READY,,,T-Motor Antigravity 4004 300KV,R18,A56
60,C_00631,,AIRFRAMES,INVENTORY,Excess in stock,3,6540.75,0.00,2023-02-01,BLOCKED,Physical stock verification requires review: Excess in stock,,T-Motor FA15.2x5 Prop - 2PCS/PAIR,R4,PR4
61,C_00633,(create new),ELECTRICALS,INVENTORY,Verified,1,2331.00,0.00,2023-02-01,READY,,,T-Motor GB2208 KV128 Gimbal Motor,R21,KM-01
62,C_00635,(create new),ELECTRICALS,INVENTORY,Verified,2,5571.00,0.00,2023-02-01,READY,,,T-Motor MN3110 Multirotor Fixed Wing UAV Motor KV470,R18,A47
63,C_00638,(create new),AIRFRAMES,INVENTORY,Verified,8,2439.00,0.00,2023-02-01,READY,,,T-Motor P11x3.7 Propellers,R4,PR5
64,C_00638,(create new),AIRFRAMES,INVENTORY,Verified,4,2009.06,0.00,2023-02-01,READY,,,T-Motor P11x3.7 Propellers,R4,PR5
65,C_00642,(create new),ELECTRICALS,INVENTORY,Verified,1,13050.00,0.00,2023-02-01,READY,,,T-Motor U Power U7 490KV,R18,AD1
67,C_00672,(create new),ELECTRICALS,INVENTORY,Verified,1,82.00,0.00,2023-02-01,READY,,,TowerPro SG90 Continuous Rotation 360 Degree Servo Motor,R26,A67
68,C_00681,(create new),ELECTRONICS,INVENTORY,Verified,1,2189.00,0.00,2023-02-01,READY,,,Ublox NEO M8N GPS For Pixhawk Flight Controller With Compass,R34,A22
69,C_00689,(create new),AIRFRAMES,INVENTORY,Verified,1,7132.50,0.00,2023-02-01,READY,,,Velbon QRA-635LII Quick Release Adapter and Plate - Black,R21,KM-01
71,C_00121,,PAYLOAD,BHIMA R&D,Verified,1,4259.32,0.00,2023-02-04,EXCLUDED PROJECT LABEL,,Project label BHIMA R&D excluded from shared store scope,Arducam OV9281 Monochrome Global Shutter Camera Module for Raspberry Pi,L5,C1
72,C_00173,,ACCESSORIES,BHIMA R&D,Unlabelled colour,1,12000.00,0.00,2023-02-15,EXCLUDED PROJECT LABEL,Physical stock verification requires review: Unlabelled colour,Project label BHIMA R&D excluded from shared store scope,Carrycase ID: 30.75x30.75x29.75'' with wheels,Carrycase Room,
73,C_00501,,ELECTRONICS,BHIMA R&D,Verified,1,20301.30,0.00,2023-02-16,EXCLUDED PROJECT LABEL,,Project label BHIMA R&D excluded from shared store scope,NRA24 24GHz Alimeter Radar,R28,A4
74,C_00596,,ELECTRONICS,BHIMA R&D,Verified,1,228925.41,0.00,2023-02-27,EXCLUDED PROJECT LABEL,,Project label BHIMA R&D excluded from shared store scope,Skycat X85-CF package,R43,Parachute-702
75,C_00129,,PAYLOAD,Astra-x,Verified,1,249588.50,0.00,2023-02-28,EXCLUDED PROJECT LABEL,,Project label ASTRA-X excluded from shared store scope,AT19 Lightweight 19mm 640*512 Thermal Camera with AI Tracking Objects,L4,
78,C_00564,,PAYLOAD,AHMEDNAGAR NANO,Verified,2,15715.00,0.00,2023-03-25,EXCLUDED PROJECT LABEL,,Project label AHMEDNAGAR NANO excluded from shared store scope,RunCam Link Wasp Digital HD FPV Camera System,L5,C1
80,C_00146,,ELECTRONICS,AHMEDNAGAR NANO,Verified,2,1364.41,0.00,2023-03-31,EXCLUDED PROJECT LABEL,,Project label AHMEDNAGAR NANO excluded from shared store scope,Beitian Dual BN-220 GPS GLONASS Antenna Module TTL Level RC Drone,R34,A22
81,C_00640,,ELECTRICALS,Astra-x,Verified,2,3033.90,0.00,2023-03-31,EXCLUDED PROJECT LABEL,,Description differs across rows using this Comp ID; Project label ASTRA-X excluded from shared store scope,T-Motor Quick Attach-Detach Propeller Adapter Q1824,R32,
82,C_00639,(create new),AIRFRAMES,INVENTORY,Verified,2,22900.00,0.00,2023-04-01,READY,,,T-Motor P30x10 Prop 1CW 1CCW-1Pair,Before L1,
83,C_00343,,ELECTRONICS,AHMEDNAGAR NANO,Verified,1,7970.48,5.00,2023-06-01,EXCLUDED PROJECT LABEL,,Project label AHMEDNAGAR NANO excluded from shared store scope,Holybro Kakute H7 V2 Flight Controller,R7,
84,NA,,AIRFRAMES,VTOL,Verified,1,1307383.17,0.00,2023-06-08,EXCLUDED PROJECT LABEL,Missing or placeholder Comp ID,Project label VTOL excluded from shared store scope,VTOL,Assembly Area,
85,C_00746,,AIRFRAMES,R&D,Verified,1,3902.00,0.00,2023-07-04,EXCLUDED PROJECT LABEL,,Project label R&D excluded from shared store scope,Toy Drone - BIR v2,R30,
86,C_00744,,AIRFRAMES,R&D,Verified,1,3902.00,0.00,2023-07-04,EXCLUDED PROJECT LABEL,,Project label R&D excluded from shared store scope,Toy Drone - Falcon,R30,
87,C_00743,,AIRFRAMES,R&D,Verified,1,3902.00,0.00,2023-07-04,EXCLUDED PROJECT LABEL,,Project label R&D excluded from shared store scope,Toy Drone - RC Drone,R30,
88,C_00745,,AIRFRAMES,R&D,Verified,1,3902.00,0.00,2023-07-04,EXCLUDED PROJECT LABEL,,Project label R&D excluded from shared store scope,Toy Drone - SU-35,R30,
90,C_00474,,ELECTRICALS,CRRI,Verified,1,6101.69,0.00,2023-07-15,EXCLUDED PROJECT LABEL,,Project label CRRI excluded from shared store scope,Metal Gear Servo Motor RDS5180 80kg,R26,
91,C_00671,,ELECTRICALS,CRRI,Verified,1,84.75,18.00,2023-07-15,EXCLUDED PROJECT LABEL,,Project label CRRI excluded from shared store scope,Towerpro MG996R Digital High Torque Servo Motor,R26,A67
92,C_00680,,ELECTRONICS,CRRI,Verified,1,952.38,5.00,2023-07-15,EXCLUDED PROJECT LABEL,,Project label CRRI excluded from shared store scope,Ubec-8A 6-36V 2-8S Lipo Esc,R26,A17
93,C_00343,,ELECTRONICS,AHMEDNAGAR NANO,Verified,1,13333.00,0.00,2023-07-27,EXCLUDED PROJECT LABEL,,Project label AHMEDNAGAR NANO excluded from shared store scope,Holybro Kakute H7 V2 Flight Controller,R32,
94,C_00260,,COMMUNICATION,CRRI,Verified,1,4480.95,5.00,2023-08-07,EXCLUDED PROJECT LABEL,,Project label CRRI excluded from shared store scope,Flysky FS-I6x 2.4gHZ 6CHAFHDS 2A RC Transmitter with FS-iA10B 10CH Receiver,R50,
96,C_00560,,AIRFRAMES,AHMEDNAGAR NANO,Verified,1,3499.00,0.00,2023-08-11,EXCLUDED PROJECT LABEL,,"Original Shipping retained in source metadata, not added to current valuation; Project label AHMEDNAGAR NANO excluded from shared store scope",Rekon 4 FR Freestyle Frame Kit 4 Inches Frame,R7,
97,C_00556,,ELECTRONICS,INVENTORY,Excess in stock,1,1638.14,18.00,2023-08-25,BLOCKED,Physical stock verification requires review: Excess in stock,,Ready to sky BN-880 GPS Module,R34,A22
98,C_00656,(create new),ELECTRONICS,INVENTORY,Verified,1,14665.00,5.00,2023-08-25,READY,,,Tekko32 F4 4in1 50A ESC(AM32),R33,
99,C_00252,(create new),ELECTRONICS,INVENTORY,Verified,1,27235.22,0.00,2023-09-02,READY,,"Original Shipping retained in source metadata, not added to current valuation",Fat Shark Recon FPV HD Goggles fsv1127,R33,
100,C_00270,(create new),COMMUNICATION,INVENTORY,Verified,1,12500.00,18.00,2023-09-07,READY,,,FrSky Taranis X9D Plus 2019 ACCESS 2.4G 24CH Radio Transmitter,R48,
101,C_00269,(create new),COMMUNICATION,INVENTORY,Verified,1,3046.67,5.00,2023-09-11,READY,,,FrSky R9M Transmitter Module,R48,
102,C_00303,(create new),ELECTRICALS,INVENTORY,Verified,4,1691.57,0.00,2023-09-21,READY,,,HGLRC AEOLUS 1202.5 5600/8000/11600KV Brushless Motor,R7,
103,C_00122,(create new),ELECTRONICS,INVENTORY,Verified,2,1525.43,18.00,2023-09-28,READY,,,Arduino Nano v3.0,R26,A58
105,C_00646,(create new),AIRFRAMES,INVENTORY,Verified,3,3095.24,5.00,2023-10-11,READY,,"Original Shipping retained in source metadata, not added to current valuation",Tarot 1760 Propellers TL100D10 1CW 1CCW-1Pair,R4,PR1
106,C_00497,(create new),PAYLOAD,INVENTORY,Verified,1,1366799.62,0.00,2023-10-16,READY,,"Original Shipping retained in source metadata, not added to current valuation",Nighthawk 2 Next Vision Camera,L2,
107,C_00207,(create new),PAYLOAD,INVENTORY,Verified,3,33655.00,0.00,2023-10-20,READY,,"Original Shipping retained in source metadata, not added to current valuation",Doodle Labs - EK-915 & EK-2450 Evaluation Kits,L4,
108,C_00208,(create new),PAYLOAD,INVENTORY,Verified,3,144000.00,0.00,2023-10-20,READY,,"Original Shipping retained in source metadata, not added to current valuation",Doodle Labs - RM-2450 - 12M3 - Radio Unit,L4,
109,C_00699,,PAYLOAD,,Verified,1,11763.56,18.00,2023-11-09,EXCLUDED PROJECT LABEL,,Project label (blank) excluded from shared store scope,Walksnail Avatar HD Pro Kit (Dual Antennas Version) 32G With Gyroflow,L5,C1
110,C_00027,(create new),ELECTRONICS,INVENTORY,Verified,1,3041.53,18.00,2023-11-15,READY,,"Original Shipping retained in source metadata, not added to current valuation","200MM, 7mm/S, 1500N, 12V Linear Actuator",R26,
111,C_00462,(create new),ELECTRONICS,INVENTORY,Verified,2,1196.08,18.00,2023-11-15,READY,,,Matek AP Periph CAN Node CAN-L4-PWM,R26,A8
112,C_00016,(create new),ELECTRONICS,INVENTORY,Verified,1,2500.00,18.00,2023-11-20,READY,,"Original Shipping retained in source metadata, not added to current valuation",1710-2400Mhz Airtel 4G Patch Panel Antenna,R35,
113,C_00380,(create new),ELECTRONICS,INVENTORY,Verified,2,273.73,18.00,2023-11-22,READY,,,LM2577 3A DC-DC Step UP LED Voltmeter 3-34 to 4-35V Adjustable Boost Converter module,R26,A37
114,C_00381,,ELECTRONICS,INVENTORY,Excess in stock,2,117.80,18.00,2023-11-22,BLOCKED,Physical stock verification requires review: Excess in stock,,LM2596 2A Buck Step-down Power Converter Module DC 4-40 to 1.3-37V LED Voltmeter,R26,A37
115,C_00837,,ELECTRONICS,Astra-x,Verified,1,2889.84,0.00,2023-12-07,EXCLUDED PROJECT LABEL,,Project label ASTRA-X excluded from shared store scope,Oneclap Micro- Wired GPS tracker,R34,A22
116,C_00658,,ELECTRONICS,Astra-x,Verified,1,27287.29,0.00,2023-12-07,EXCLUDED PROJECT LABEL,,Project label ASTRA-X excluded from shared store scope,TF03 IP67 Long Range LiDAR Sensor,R28,A26
117,C_00561,,ELECTRONICS,INVENTORY,Doubt (need to check where it is located),4,190.00,0.00,2023-12-21,BLOCKED,Physical stock verification requires review: Doubt (need to check where it is located),,RF Cables,R28,RF-01
118,C_00590,(create new),COMMUNICATION,INVENTORY,Verified,1,31780.00,18.00,2023-12-21,READY,,"Original Shipping retained in source metadata, not added to current valuation",SIYI HM30 DUAL LONGE RANGE MODULE,R50,
119,C_00561,,ELECTRONICS,INVENTORY,Doubt (need to check where it is located),4,190.00,18.00,2023-12-29,BLOCKED,Physical stock verification requires review: Doubt (need to check where it is located),"Original Shipping retained in source metadata, not added to current valuation",RF Cables,R28,RF-01
120,C_00002,,ELECTRICALS,VYOMA(TA),Verified,2,93.22,0.00,2024-01-02,EXCLUDED PROJECT LABEL,Comp ID C_00002 refers to conflicting categories or products,Project label VYOMA(TA) excluded from shared store scope,100A Multirotor ESC Power Distribution Battery Board (PBD),R21,A9
121,C_00207,,PAYLOAD,VYOMA,Verified,2,34847.00,18.04,2024-01-02,EXCLUDED PROJECT LABEL,,"Nonstandard GST rate; review source; Original Shipping retained in source metadata, not added to current valuation; Project label VYOMA excluded from shared store scope",Doodle Labs - EK-915 & EK-2450 Evaluation Kits,L4,
122,C_00207,,PAYLOAD,VYOMA,Verified,1,34847.00,0.00,2024-01-02,EXCLUDED PROJECT LABEL,,Project label VYOMA excluded from shared store scope,Doodle Labs - EK-915 & EK-2450 Evaluation Kits,L4,
124,C_00684,,ELECTRICALS,VYOMA(TA),Verified,2,2010.17,0.00,2024-01-02,EXCLUDED PROJECT LABEL,,Project label VYOMA(TA) excluded from shared store scope,Ultra Torque Quarter Scale 60kgcm Metal Gear Servo Motor,R26,A18
127,C_00206,,AIRFRAMES,VYOMA(TA),Verified,1,216.51,18.00,2024-01-03,EXCLUDED PROJECT LABEL,,Project label VYOMA(TA) excluded from shared store scope,Doodle Lab Housing Top,R9,A73
128,C_00208,,PAYLOAD,VYOMA,Verified,2,135812.00,18.00,2024-01-03,EXCLUDED PROJECT LABEL,,Project label VYOMA excluded from shared store scope,Doodle Labs - RM-2450 - 12M3 - Radio Unit,L4,
129,C_00208,,PAYLOAD,VYOMA,Verified,1,135812.00,0.00,2024-01-03,EXCLUDED PROJECT LABEL,,Project label VYOMA excluded from shared store scope,Doodle Labs - RM-2450 - 12M3 - Radio Unit,L4,
135,C_00471,,ACCESSORIES,VYOMA,Verified,1,40000.00,18.00,2024-01-09,EXCLUDED PROJECT LABEL,,Project label VYOMA excluded from shared store scope,MAX615TR-PP Carrycase with XLPE Foam Accessories,Inv Room,
137,NA,,ACCESSORIES,VYOMA,Verified,1,3219.49,18.00,2024-01-12,EXCLUDED PROJECT LABEL,Missing or placeholder Comp ID,Project label VYOMA excluded from shared store scope,Cable creation USB Type C cable,R25,
139,NA,,AIRFRAMES,VYOMA,Verified,1,94.60,18.00,2024-01-17,EXCLUDED PROJECT LABEL,Missing or placeholder Comp ID,Project label VYOMA excluded from shared store scope,GPS enclosure,R58,
140,C_00515,,AIRFRAMES,VYOMA,Verified,1,5233.10,18.00,2024-01-17,EXCLUDED PROJECT LABEL,,Project label VYOMA excluded from shared store scope,Patch Antenna mount,R58,
141,NA,,AIRFRAMES,VYOMA,Verified,1,5160.00,18.00,2024-01-17,EXCLUDED PROJECT LABEL,Missing or placeholder Comp ID,Project label VYOMA excluded from shared store scope,Tripod mounting plate,R9,A73
143,C_00563,,ELECTRICALS,VYOMA,Verified,2,2795.76,18.00,2024-01-19,EXCLUDED PROJECT LABEL,,"Original Shipping retained in source metadata, not added to current valuation; Project label VYOMA excluded from shared store scope",Robot Servo 60kg RDS5160 Metal Gear Digital servo Motor 180 Degree,R26,A18
144,C_00080,,ELECTRICALS,BHIMA,Doubt (need to check where it is located),2,22500.00,18.05,2024-01-20,EXCLUDED PROJECT LABEL,Physical stock verification requires review: Doubt (need to check where it is located),"Nonstandard GST rate; review source; Original Shipping retained in source metadata, not added to current valuation; Project label BHIMA excluded from shared store scope",6S 21000mAh Li-Ion Battery,Charging Room,
145,C_00472,,ACCESSORIES,VYOMA,Verified,1,18200.00,18.00,2024-01-22,EXCLUDED PROJECT LABEL,,Project label VYOMA excluded from shared store scope,MAX620H340TR-Pelican Carrycase,Carrycase Room,
146,C_00533,,ELECTRONICS,VYOMA,Verified,1,2149.00,18.00,2024-01-22,EXCLUDED PROJECT LABEL,,"Original Shipping retained in source metadata, not added to current valuation; Project label VYOMA excluded from shared store scope",Polulu 1350/1352/1354/1356 Mini/Micro Maestro 6/12/18/24 Channel USB servo,R26,A8
147,C_00022,,ELECTRONICS,VYOMA,Verified,1,14364.39,18.00,2024-01-30,EXCLUDED PROJECT LABEL,,Project label VYOMA excluded from shared store scope,2.4Ghz 11 dBi Dual Polarization Diversity/MIMO/802.11n Antenna-3ft RP-SMA,R35,
148,C_00497,,PAYLOAD,VYOMA,Verified,1,1335079.58,0.00,2024-02-17,EXCLUDED PROJECT LABEL,,"Original Shipping retained in source metadata, not added to current valuation; Project label VYOMA excluded from shared store scope",Nighthawk 2 Next Vision Camera,L2,
149,C_00678,,PAYLOAD,VYOMA,Verified,1,220664.46,0.00,2024-02-17,EXCLUDED PROJECT LABEL,,"Original Shipping retained in source metadata, not added to current valuation; Project label VYOMA excluded from shared store scope",TRIP 5 for Night Hawk 2,L2,
150,C_00589,,ELECTRONICS,TAWANG,Verified,1,45238.10,5.17,2024-02-19,EXCLUDED PROJECT LABEL,,"Nonstandard GST rate; review source; Original Shipping retained in source metadata, not added to current valuation; Project label TAWANG excluded from shared store scope",SIYI AI Tracking module,L1,
151,C_00591,,ELECTRONICS,TAWANG,Verified,1,1798.10,5.00,2024-02-19,EXCLUDED PROJECT LABEL,,Project label TAWANG excluded from shared store scope,SIYI MK15 Camera Hub,L4,
153,C_00561,,ELECTRONICS,VYOMA,Doubt (need to check where it is located),4,215.00,18.00,2024-03-04,EXCLUDED PROJECT LABEL,Physical stock verification requires review: Doubt (need to check where it is located),"Original Shipping retained in source metadata, not added to current valuation; Project label VYOMA excluded from shared store scope",RF Cables,R28,RF-01
154,C_00648,(create new),ELECTRICALS,INVENTORY,Verified,7,3800.00,5.00,2024-03-04,READY,,,Tarot 4008 TL2955 330KV,R18,A49
155,C_00558,(create new),ELECTRONICS,INVENTORY,Verified,2,557.96,5.00,2024-03-05,READY,,"Original Shipping retained in source metadata, not added to current valuation",ReadytoSky 30A 2-6S ESC Banana connector,R33,A65
156,C_00616,(create new),AIRFRAMES,INVENTORY,Verified,17,264.38,5.00,2024-03-05,READY,,"Original Shipping retained in source metadata, not added to current valuation",Sunny Sky 1038 Propellers CW & CCW Rotation Pair,S,PR3
157,C_00617,(create new),ELECTRICALS,INVENTORY,Verified,2,2852.71,5.00,2024-03-05,READY,,"Original Shipping retained in source metadata, not added to current valuation",Sunny Sky X3108S KV900 Brushless Motors,R18,A45
159,C_00034,(create new),AIRFRAMES,INVENTORY,Verified,30,1530.00,18.00,2024-04-01,READY,,,2388 propellers 1CW 1CCW-1Pair,R4,PR2
160,C_00223,,AIRFRAMES,AGRI R&D,Doubt (need to check where it is located),4,2350.00,5.00,2024-04-26,EXCLUDED PROJECT LABEL,Physical stock verification requires review: Doubt (need to check where it is located),Project label AGRI R&D excluded from shared store scope,EFT Carbon Fiber Folding Arm Dia 40x37x380mm,R10,B7
161,C_00223,,AIRFRAMES,AGRI R&D,Doubt (need to check where it is located),6,2350.00,5.00,2024-04-26,EXCLUDED PROJECT LABEL,Physical stock verification requires review: Doubt (need to check where it is located),Project label AGRI R&D excluded from shared store scope,EFT Carbon Fiber Folding Arm Dia 40x37x380mm,R10,B7
164,C_00218,,PAYLOAD,AGRI R&D,Excess in stock,1,6860.00,5.00,2024-04-26,EXCLUDED PROJECT LABEL,Physical stock verification requires review: Excess in stock,Project label AGRI R&D excluded from shared store scope,EFT 10L Sprayer tank,Assembly Area,
165,C_00221,,AIRFRAMES,AGRI R&D,Verified,5,2690.00,5.00,2024-04-26,EXCLUDED PROJECT LABEL,,Project label AGRI R&D excluded from shared store scope,EFT Aluminum Main Arm Dia 40x37x315mm with Arm Folding Parts Dia40,R10,B7
166,C_00221,,AIRFRAMES,AGRI R&D,Verified,6,2690.00,5.00,2024-04-26,EXCLUDED PROJECT LABEL,,Project label AGRI R&D excluded from shared store scope,EFT Aluminum Main Arm Dia 40x37x315mm with Arm Folding Parts Dia40,R10,B7
167,C_00222,,AIRFRAMES,AGRI R&D,Verified,5,500.00,5.00,2024-04-26,EXCLUDED PROJECT LABEL,,Project label AGRI R&D excluded from shared store scope,EFT Arm Locking Cap Dia 35mm,R10,B7
168,C_00232,,ELECTRICALS,AGRI R&D,Verified,1,3000.00,5.00,2024-04-26,EXCLUDED PROJECT LABEL,,Project label AGRI R&D excluded from shared store scope,EFT PDB,R20,blue bin
174,C_00224,,AIRFRAMES,AGRI R&D,Verified,4,925.00,5.00,2024-04-26,EXCLUDED PROJECT LABEL,,Project label AGRI R&D excluded from shared store scope,EFT Dia 20x420mm Vertical Landing Gear Kit,R10,B7
175,NA,,AIRFRAMES,AGRI R&D,Doubt (need to check where it is located),2,360.00,5.00,2024-04-30,EXCLUDED PROJECT LABEL,Physical stock verification requires review: Doubt (need to check where it is located); Missing or placeholder Comp ID,Project label AGRI R&D excluded from shared store scope,Camera mount for E610P frame,EFT Spares,
176,NA,,ELECTRICALS,Astra-x,Verified,2,217.00,0.00,2024-05-04,EXCLUDED PROJECT LABEL,Missing or placeholder Comp ID,"Original Shipping retained in source metadata, not added to current valuation; Project label ASTRA-X excluded from shared store scope",3.5mm Male Female Banana Plug Bullet Connector (Pack of 10),,
177,C_00501,,ELECTRONICS,AGRI R&D,Verified,1,22415.25,18.00,2024-05-06,EXCLUDED PROJECT LABEL,,"Original Shipping retained in source metadata, not added to current valuation; Project label AGRI R&D excluded from shared store scope",NRA24 24GHz Alimeter Radar,R28,A4
178,C_00200,,ELECTRONICS,AGRI R&D,Verified,1,38000.00,18.00,2024-05-31,EXCLUDED PROJECT LABEL,,Project label AGRI R&D excluded from shared store scope,Data Acquistion system,L1,A57
180,C_00267,,ELECTRONICS,AGRI R&D,Verified,1,1100.85,18.00,2024-06-05,EXCLUDED PROJECT LABEL,,Project label AGRI R&D excluded from shared store scope,FrSky 900MHz Super 8 Antenna for R9M and R9M Lite Module,R26,A8
181,NA,,ELECTRICALS,AGRI-TC,Verified,4,57.37,18.00,2024-06-24,EXCLUDED PROJECT LABEL,Missing or placeholder Comp ID,"Original Shipping retained in source metadata, not added to current valuation; Project label AGRI-TC excluded from shared store scope",Amass XT150 Gold Plated Female Connector,R22,
182,NA,,ELECTRICALS,AGRI-TC,Verified,4,57.37,18.00,2024-06-24,EXCLUDED PROJECT LABEL,Missing or placeholder Comp ID,"Original Shipping retained in source metadata, not added to current valuation; Project label AGRI-TC excluded from shared store scope",Amass XT150 Gold Plated Male Connector,R22,A64
183,NA,,ELECTRICALS,AGRI R&D,Verified,2,111.10,18.00,2024-06-24,EXCLUDED PROJECT LABEL,Missing or placeholder Comp ID,"Original Shipping retained in source metadata, not added to current valuation; Project label AGRI R&D excluded from shared store scope",Amass XT150 Gold Plated Male Connector,R22,A64
188,NA,,AIRFRAMES,CRRI,Verified,1,17650.00,18.00,2024-07-10,EXCLUDED PROJECT LABEL,Missing or placeholder Comp ID,"Original Shipping retained in source metadata, not added to current valuation; Project label CRRI excluded from shared store scope",SS Ball & SS Rod,R44,CRRI Spares
189,NA,,AIRFRAMES,P0006,Verified,1,42855.00,5.00,2024-07-23,EXCLUDED PROJECT LABEL,Missing or placeholder Comp ID,Project label P0006 excluded from shared store scope,E616P frame without tank,,
190,C_00054,,AIRFRAMES,NRSC,Verified,1,5761.87,18.00,2024-07-26,EXCLUDED PROJECT LABEL,Comp ID C_00054 refers to conflicting categories or products,Project label NRSC excluded from shared store scope,3DR 100mW Radio Telemetry 433MHZ For APM PX4 Pixhawk,R26,A21
191,C_00099,,ELECTRONICS,P0006,Verified,1,74000.00,18.00,2024-08-05,EXCLUDED PROJECT LABEL,,Project label P0006 excluded from shared store scope,AI Computational Board,L1,A57
192,C_00267,,ELECTRONICS,NANO-IA,Verified,1,3025.42,18.00,2024-08-09,EXCLUDED PROJECT LABEL,,Project label NANO-IA excluded from shared store scope,FrSky 900MHz Super 8 Antenna for R9M and R9M Lite Module,R26,A8
193,C_00160,,ELECTRONICS,P0006,Verified,1,9487.81,18.00,2024-08-17,EXCLUDED PROJECT LABEL,,Project label P0006 excluded from shared store scope,Bus Bar,R31,Brown box
194,C_00684,,ELECTRICALS,P0006,Verified,2,1471.19,18.00,2024-08-19,EXCLUDED PROJECT LABEL,,"Original Shipping retained in source metadata, not added to current valuation; Project label P0006 excluded from shared store scope",Ultra Torque Quarter Scale 60kgcm Metal Gear Servo Motor,R26,A18
195,C_00340,,ELECTRICALS,P0006,Verified,1,12100.00,18.00,2024-08-20,EXCLUDED PROJECT LABEL,,Project label P0006 excluded from shared store scope,Hobbywing X8 CCW Combo,R19,V1
196,C_00341,,ELECTRICALS,P0006,Verified,1,12100.00,18.00,2024-08-20,EXCLUDED PROJECT LABEL,,Project label P0006 excluded from shared store scope,Hobbywing X8 CW Combo,R19,V1
197,C_00671,,ELECTRICALS,P0006,Verified,1,237.29,18.00,2024-08-21,EXCLUDED PROJECT LABEL,,"Original Shipping retained in source metadata, not added to current valuation; Project label P0006 excluded from shared store scope",Towerpro MG996R Digital High Torque Servo Motor,R26,A67
199,C_00463,,ELECTRONICS,P0004,Verified,2,8399.00,12.00,2024-08-23,EXCLUDED PROJECT LABEL,,Project label P0004 excluded from shared store scope,Matek GNSS M10-L4-3100 DroneCAN,R34,A22
200,C_00464,,ELECTRONICS,P0004,Excess in stock,1,541.50,5.00,2024-08-23,EXCLUDED PROJECT LABEL,Physical stock verification requires review: Excess in stock,Project label P0004 excluded from shared store scope,Matek MICRO BEC 5V/12V-ADJ,R26,A17
202,C_00388,,ELECTRICALS,P0006,Verified,1,6696.51,0.00,2024-08-26,EXCLUDED PROJECT LABEL,,Project label P0006 excluded from shared store scope,M1500 T-Drone PDB,R22,A52
203,C_00627,,ELECTRICALS,P0006,Verified,4,19085.05,0.00,2024-08-26,EXCLUDED PROJECT LABEL,,Project label P0006 excluded from shared store scope,T-Motor Antigravity MN8017 120KV,R18,A56
204,C_00636,,AIRFRAMES,P0006,Excess in stock,1,22433.30,0.00,2024-08-26,EXCLUDED PROJECT LABEL,Physical stock verification requires review: Excess in stock,Project label P0006 excluded from shared store scope,T-motor NS30x10 Propellers 1CW 1CCW - 1Pair,Assembly Area,
206,C_00671,,ELECTRICALS,P0004,Verified,1,237.29,18.00,2024-08-30,EXCLUDED PROJECT LABEL,,"Original Shipping retained in source metadata, not added to current valuation; Project label P0004 excluded from shared store scope",Towerpro MG996R Digital High Torque Servo Motor,R26,A67
207,C_00295,,ELECTRONICS,P0004,Excess in stock,2,787.10,5.00,2024-08-31,EXCLUDED PROJECT LABEL,Physical stock verification requires review: Excess in stock,"Original Shipping retained in source metadata, not added to current valuation; Project label P0004 excluded from shared store scope",HENGE 8A UBEC,R26,A17
208,C_00671,,ELECTRICALS,P0004,Verified,3,237.29,18.00,2024-08-31,EXCLUDED PROJECT LABEL,,"Original Shipping retained in source metadata, not added to current valuation; Project label P0004 excluded from shared store scope",Towerpro MG996R Digital High Torque Servo Motor,R26,A67
209,C_00684,,ELECTRICALS,P0004,Verified,2,1483.05,18.00,2024-08-31,EXCLUDED PROJECT LABEL,,"Original Shipping retained in source metadata, not added to current valuation; Project label P0004 excluded from shared store scope",Ultra Torque Quarter Scale 60kgcm Metal Gear Servo Motor,R26,
210,C_00769,,AIRFRAMES,P0004,Verified,1,5145.00,18.00,2024-09-01,EXCLUDED PROJECT LABEL,,"Original Shipping retained in source metadata, not added to current valuation; Invalid HSN retained in source metadata only; Project label P0004 excluded from shared store scope",CF Sheet 300mmx300mmx2mm,,
211,C_00549,,COMMUNICATION,P0004,Verified,1,17190.48,5.00,2024-09-03,EXCLUDED PROJECT LABEL,,"Original Shipping retained in source metadata, not added to current valuation; Project label P0004 excluded from shared store scope",Radiomaster TX16S MKII Hall v4.0 ELRS Radio with RP1 ExpressLRS 2.4Ghz Nano receiver,R48,
213,C_00566,,ELECTRICALS,Inventory Drones,Excess in stock,7,46.40,18.00,2024-09-17,EXCLUDED PROJECT LABEL,Physical stock verification requires review: Excess in stock,"Original Shipping retained in source metadata, not added to current valuation; Project label INVENTORY DRONES excluded from shared store scope",SafeConnect Flat 30CM 22AWG Servo Lead Extension (Futaba) Cable,R21,A35
215,C_00671,,ELECTRICALS,Inventory Drones,Verified,2,237.29,18.00,2024-09-17,EXCLUDED PROJECT LABEL,,"Original Shipping retained in source metadata, not added to current valuation; Invalid HSN retained in source metadata only; Project label INVENTORY DRONES excluded from shared store scope",Towerpro MG996R Digital High Torque Servo Motor,R26,A67
216,C_00684,,ELECTRICALS,Inventory Drones,Verified,2,1483.05,18.00,2024-09-17,EXCLUDED PROJECT LABEL,,"Original Shipping retained in source metadata, not added to current valuation; Project label INVENTORY DRONES excluded from shared store scope",Ultra Torque Quarter Scale 60kgcm Metal Gear Servo Motor,R26,A18
217,C_00688,,ELECTRONICS,Inventory Drones,Verified,2,1126.74,5.00,2024-09-17,EXCLUDED PROJECT LABEL,,"Original Shipping retained in source metadata, not added to current valuation; Project label INVENTORY DRONES excluded from shared store scope",Vector BEC VOLTROX 12V 1.5A (6S -12S),R26,A17
220,C_00707,,ELECTRONICS,Inventory Drones,Verified,4,671.78,5.00,2024-09-19,EXCLUDED PROJECT LABEL,,Invalid HSN retained in source metadata only; Project label INVENTORY DRONES excluded from shared store scope,YRRC 2-13S 5V 5A BEC,R26,A17
221,C_00588,,PAYLOAD,Inventory Drones,Verified,1,19900.00,18.00,2024-09-20,EXCLUDED PROJECT LABEL,,Project label INVENTORY DRONES excluded from shared store scope,SIYI A8 mini 4K 8MP Ultra HD 6X Digital Zoom Gimbal Camera,L1,
223,C_00541,,ELECTRONICS,Inventory Drones,Verified,1,114250.00,18.00,2024-09-24,EXCLUDED PROJECT LABEL,,Invalid HSN retained in source metadata only; Project label INVENTORY DRONES excluded from shared store scope,Proximity Sensor,L1,
224,C_00541,,ELECTRONICS,Inventory Drones,Verified,1,114250.00,18.00,2024-09-24,EXCLUDED PROJECT LABEL,,Project label INVENTORY DRONES excluded from shared store scope,Proximity Sensor,L1,
225,C_00096,,ELECTRONICS,Inventory Drones,Verified,2,872.99,18.00,2024-09-25,EXCLUDED PROJECT LABEL,,"Original Shipping retained in source metadata, not added to current valuation; Project label INVENTORY DRONES excluded from shared store scope",Adafruit Accessories Electric Heating Pad 14cmx5cm,R16,
226,C_00464,,ELECTRONICS,Inventory Drones,Excess in stock,3,541.50,5.00,2024-09-25,EXCLUDED PROJECT LABEL,Physical stock verification requires review: Excess in stock,"Original Shipping retained in source metadata, not added to current valuation; Project label INVENTORY DRONES excluded from shared store scope",Matek MICRO BEC 5V/12V-ADJ,R26,A17
229,C_00466,,ELECTRONICS,Inventory Drones,Verified,2,4420.00,5.00,2024-09-30,EXCLUDED PROJECT LABEL,,Invalid HSN retained in source metadata only; Project label INVENTORY DRONES excluded from shared store scope,Mauch 003 PL 200A Sensor Board 10 AWG,R28,A19
230,C_00467,,ELECTRONICS,Inventory Drones,Verified,2,24700.00,5.00,2024-09-30,EXCLUDED PROJECT LABEL,,Invalid HSN retained in source metadata only; Project label INVENTORY DRONES excluded from shared store scope,Mauch 053 Power cube 3 V3,R28,A19
231,C_00626,,ELECTRICALS,Astra-x,Verified,1,7485.00,18.00,2024-09-30,EXCLUDED PROJECT LABEL,,Project label ASTRA-X excluded from shared store scope,T-Motor Antigravity MN5008 400KV,R18,A56
234,C_00563,,ELECTRICALS,CRRI,Verified,1,3299.00,0.00,2024-10-14,EXCLUDED PROJECT LABEL,,"Original Shipping retained in source metadata, not added to current valuation; Project label CRRI excluded from shared store scope",Robot Servo 60kg RDS5160 Metal Gear Digital servo Motor 180 Degree,R26,A18
235,C_00841,,AIRFRAMES,CRRI,Verified,4,950.00,18.00,2024-10-22,EXCLUDED PROJECT LABEL,,Project label CRRI excluded from shared store scope,CRRI - 14mm Ball Pin,R44,CRRI Spares
236,C_00840,,AIRFRAMES,CRRI,Verified,4,950.00,18.00,2024-10-22,EXCLUDED PROJECT LABEL,,Project label CRRI excluded from shared store scope,CRRI - 8mm Ball Pin,R44,CRRI Spares
237,C_00647,,AIRFRAMES,AVD,Verified,1,5200.00,18.00,2024-10-26,EXCLUDED PROJECT LABEL,,Project label AVD excluded from shared store scope,Tarot 1765 CF Propellers 1CW 1CCW-1Pair,R4,PR1
242,C_00460,,ELECTRONICS,BHUMI,Verified,9,11.86,18.00,2024-12-04,EXCLUDED PROJECT LABEL,Comp ID C_00460 refers to conflicting categories or products,"Original Shipping retained in source metadata, not added to current valuation; Invalid HSN retained in source metadata only; Project label BHUMI excluded from shared store scope",Male Dupont Terminal Reed Connector 2.54mm 5 Pins,R17,Black Box
245,C_00674,,AIRFRAMES,DRONE KIT,Verified,1,2736.44,18.00,2024-12-14,EXCLUDED PROJECT LABEL,,Project label DRONE KIT excluded from shared store scope,Toy Drone - DM002 DIY,R30,
246,C_00673,,AIRFRAMES,DRONE KIT,Verified,1,4999.00,18.00,2024-12-23,EXCLUDED PROJECT LABEL,,Project label DRONE KIT excluded from shared store scope,Toy Drone - Aasma BYOD,R30,
247,C_00675,,AIRFRAMES,DRONE KIT,Verified,1,5931.36,18.00,2024-12-24,EXCLUDED PROJECT LABEL,,Project label DRONE KIT excluded from shared store scope,Toy Drone - Pluto 1.2 Kit,R30,
248,C_00676,,AIRFRAMES,DRONE KIT,Verified,1,11609.32,18.00,2024-12-24,EXCLUDED PROJECT LABEL,,Project label DRONE KIT excluded from shared store scope,Toy Drone - Pluto X,R30,
250,C_00878,,ELECTRONICS,Astra-x,Verified,6,173.73,18.00,2025-01-02,EXCLUDED PROJECT LABEL,,"Original Shipping retained in source metadata, not added to current valuation; Project label ASTRA-X excluded from shared store scope",SMA Male to SMA Female Adapter,R22,
253,C_00370,,ACCESSORIES,NANO DRONE KIT,Verified,48,6.12,18.00,2025-01-18,EXCLUDED PROJECT LABEL,,Project label NANO DRONE KIT excluded from shared store scope,JST GH Female Crimp Terminal 26AWG SSHL-002T-P0.2,R17,Black Box
254,C_00014,,ELECTRONICS,NANO DRONE KIT,Verified,2,203.39,18.00,2025-01-22,EXCLUDED PROJECT LABEL,,"Original Shipping retained in source metadata, not added to current valuation; Project label NANO DRONE KIT excluded from shared store scope",15x20 cm Universal PCB Prototype Board Double-Sided,R45,D2
257,C_00087,,ELECTRICALS,NANO DRONE KIT,Verified,2,195.24,5.00,2025-01-22,EXCLUDED PROJECT LABEL,,"Original Shipping retained in source metadata, not added to current valuation; Project label NANO DRONE KIT excluded from shared store scope",720 Magnetic Micro Coreless Motor for Micro Quadcopters  2CW & 2CCW,R17,Black Box
259,C_00149,,ELECTRONICS,NANO DRONE KIT,Verified,2,21.19,18.00,2025-01-22,EXCLUDED PROJECT LABEL,,"Original Shipping retained in source metadata, not added to current valuation; Project label NANO DRONE KIT excluded from shared store scope",BMP Barometric Pressure and Altitude Sensor I2C/SPI Module,R45,D2
260,C_00150,,ELECTRICALS,NANO DRONE KIT,Verified,2,500.00,18.00,2025-01-22,EXCLUDED PROJECT LABEL,,"Original Shipping retained in source metadata, not added to current valuation; Project label NANO DRONE KIT excluded from shared store scope",Bonka 3.7V 1000mAh 25C 1S Lithium Polymer Battery,R23,Battery 07
261,C_00244,,ELECTRONICS,NANO DRONE KIT,Verified,2,283.90,18.00,2025-01-22,EXCLUDED PROJECT LABEL,,"Original Shipping retained in source metadata, not added to current valuation; Project label NANO DRONE KIT excluded from shared store scope",ESP WROOM 32 MCU Module Version 1.1,R45,D2
262,C_00245,,ELECTRONICS,NANO DRONE KIT,Verified,1,78.82,18.00,2025-01-22,EXCLUDED PROJECT LABEL,,"Original Shipping retained in source metadata, not added to current valuation; Project label NANO DRONE KIT excluded from shared store scope",ESP-12F ESP8266 Wifi Wireless IoT Board Module,R45,D2
263,C_00290,,ELECTRONICS,NANO DRONE KIT,Verified,2,109.32,18.00,2025-01-22,EXCLUDED PROJECT LABEL,,"Original Shipping retained in source metadata, not added to current valuation; Project label NANO DRONE KIT excluded from shared store scope",GY-271 HMC5883 3-axis Electronic Compass Module Magnetic Field Sensor,R45,D2
264,C_00291,,ELECTRONICS,NANO DRONE KIT,Verified,2,354.24,18.00,2025-01-22,EXCLUDED PROJECT LABEL,,"Original Shipping retained in source metadata, not added to current valuation; Project label NANO DRONE KIT excluded from shared store scope",GY-63 MS5611-01BA03 High Precision Pressure Sensor Height Sensor Module,R45,D2
270,C_00473,,ELECTRONICS,NANO DRONE KIT,Verified,2,237.29,18.00,2025-01-22,EXCLUDED PROJECT LABEL,,"Original Shipping retained in source metadata, not added to current valuation; Project label NANO DRONE KIT excluded from shared store scope",MB102 830 Point Breadboard+ Power Supply+ 140 Jump Wires Kit,R31,A32
271,C_00654,,ELECTRONICS,NANO DRONE KIT,Verified,1,1737.29,18.00,2025-01-22,EXCLUDED PROJECT LABEL,,"Original Shipping retained in source metadata, not added to current valuation; Project label NANO DRONE KIT excluded from shared store scope",Teensy 4.0 Development Board,R45,D2
273,C_00025,,ELECTRONICS,NANO DRONE KIT,Verified,1,5.50,18.00,2025-01-24,EXCLUDED PROJECT LABEL,,"Original Shipping retained in source metadata, not added to current valuation; Project label NANO DRONE KIT excluded from shared store scope",2.54mm Female Headers Berg Strip – 1×40 Pins,R45,D2
274,C_00345,,ELECTRONICS,NANO DRONE KIT,Verified,2,2990.00,18.00,2025-01-24,EXCLUDED PROJECT LABEL,,"Original Shipping retained in source metadata, not added to current valuation; Project label NANO DRONE KIT excluded from shared store scope",Holybro PMW3901 Optical Flow Sensor,R28,DA2
275,C_00490,,ELECTRONICS,NANO DRONE KIT,Verified,2,168.65,18.00,2025-01-24,EXCLUDED PROJECT LABEL,,"Original Shipping retained in source metadata, not added to current valuation; Project label NANO DRONE KIT excluded from shared store scope",MPU6050 Module TIFSS0063,R45,D2
276,C_00686,,ELECTRONICS,NANO DRONE KIT,Verified,1,340.00,18.00,2025-01-24,EXCLUDED PROJECT LABEL,,"Original Shipping retained in source metadata, not added to current valuation; Project label NANO DRONE KIT excluded from shared store scope",Unsoldered MPU9250 9-Axis Attitude +Gyro+Accelerator+Magnetometer Sensor Module,R45,D2
278,C_00691,,ELECTRONICS,NANO DRONE KIT,Verified,20,60.99,18.00,2025-01-29,EXCLUDED PROJECT LABEL,,Project label NANO DRONE KIT excluded from shared store scope,Vishay 60V 5A Schotty Diode 2-Pin DO-201AD SB56,R45,Spare box
279,C_00243,,ELECTRONICS,NANO DRONE KIT,Verified,1,2900.00,0.00,2025-01-30,EXCLUDED PROJECT LABEL,Comp ID C_00243 refers to conflicting categories or products,Project label NANO DRONE KIT excluded from shared store scope,ESP 32 Drone,R29,ARIS Drone
280,C_00116,,ELECTRICALS,BHUMI,Verified,44,27.12,18.00,2025-02-07,EXCLUDED PROJECT LABEL,,"Original Shipping retained in source metadata, not added to current valuation; Project label BHUMI excluded from shared store scope",Amass XT60H Male Connectors with Housing,R22,A62
281,C_00120,,ACCESSORIES,BHUMI,Verified,1,153.75,18.00,2025-02-07,EXCLUDED PROJECT LABEL,,"Original Shipping retained in source metadata, not added to current valuation; Project label BHUMI excluded from shared store scope",Anti-Vibration Shock Absorber for APM/KK/MWC/PixHawk,R1,
282,C_00254,,ELECTRICALS,BHUMI,Verified,24,7.63,18.00,2025-02-07,EXCLUDED PROJECT LABEL,,"Original Shipping retained in source metadata, not added to current valuation; Project label BHUMI excluded from shared store scope",Female Dupont Terminal Connector 2.54mm 5 pins,R17,Black Box
283,C_00460,,ELECTRICALS,BHUMI,Verified,97,7.63,18.00,2025-02-07,EXCLUDED PROJECT LABEL,Comp ID C_00460 refers to conflicting categories or products,"Original Shipping retained in source metadata, not added to current valuation; Project label BHUMI excluded from shared store scope",Male Dupont Terminal Reed Connector 2.54mm 5 Pins,R17,Black Box
284,C_00502,,ACCESSORIES,BHUMI,Verified,30,79.76,18.00,2025-02-07,EXCLUDED PROJECT LABEL,,"Original Shipping retained in source metadata, not added to current valuation; Project label BHUMI excluded from shared store scope",Nylon 14mm Expandable Braided Sleeve for Wire Protection-2M Length,R13,A90
285,C_00567,,ELECTRICALS,BHUMI,Verified,23,42.27,18.00,2025-02-07,EXCLUDED PROJECT LABEL,,"Original Shipping retained in source metadata, not added to current valuation; Project label BHUMI excluded from shared store scope",SafeConnect Flat 45 CM 22AWG Servo Lead Extension (Futaba) Cable with Self-Locking Hook,R21,A35
287,C_00705,,ELECTRONICS,BHUMI,Verified,9,406.78,18.00,2025-02-07,EXCLUDED PROJECT LABEL,,"Original Shipping retained in source metadata, not added to current valuation; Project label BHUMI excluded from shared store scope",XKC-Y25 NPN Intelligent Non-Contact Liquid Water Level Sensor,R28,DA2
290,C_00333,,AIRFRAMES,BHUMI,Excess in stock,7,1100.00,5.00,2025-02-10,EXCLUDED PROJECT LABEL,Physical stock verification requires review: Excess in stock,"Original Shipping retained in source metadata, not added to current valuation; Project label BHUMI excluded from shared store scope",Hobbywing 2480 CCW Propellers,R30,
291,C_00334,,AIRFRAMES,BHUMI,Excess in stock,7,1100.00,5.00,2025-02-10,EXCLUDED PROJECT LABEL,Physical stock verification requires review: Excess in stock,"Original Shipping retained in source metadata, not added to current valuation; Project label BHUMI excluded from shared store scope",Hobbywing 2480 CW Propellers,R30,
292,C_00364,,ELECTRONICS,BHUMI,Verified,14,27416.00,5.00,2025-02-10,EXCLUDED PROJECT LABEL,,"Original Shipping retained in source metadata, not added to current valuation; Project label BHUMI excluded from shared store scope",JIYI K++ v2 Flight Controller Kit,R32,
293,'-,,PAYLOAD,,Items are seprated from universal kit,26,,0.00,2025-02-10,EXCLUDED PROJECT LABEL,Physical stock verification requires review: Items are seprated from universal kit; Missing or placeholder Comp ID; Unit Price is missing or invalid,Project label (blank) excluded from shared store scope,L-Type Pneumatic Connector 10-8mm,R27,
294,C_00487,,ELECTRICALS,BHUMI,Verified,8,7200.00,5.00,2025-02-10,EXCLUDED PROJECT LABEL,,"Original Shipping retained in source metadata, not added to current valuation; Project label BHUMI excluded from shared store scope",Motor X6 Plus - 6218-150KV-D30-CCW,"R19, R20","A38,B6"
295,C_00488,,ELECTRICALS,BHUMI,Verified,7,7200.00,5.00,2025-02-10,EXCLUDED PROJECT LABEL,,"Original Shipping retained in source metadata, not added to current valuation; Project label BHUMI excluded from shared store scope",Motor X6 Plus - 6218-150KV-D30-CW,"R19, R20","A38,B6"
296,C_00542,,PAYLOAD,BHUMI,Verified,3,5500.00,5.00,2025-02-10,EXCLUDED PROJECT LABEL,,"Original Shipping retained in source metadata, not added to current valuation; Project label BHUMI excluded from shared store scope",Pump - 5L-Brushless,R52,
297,C_00599,,ELECTRICALS,BHUMI,Verified,2,15450.00,18.00,2025-02-10,EXCLUDED PROJECT LABEL,,Project label BHUMI excluded from shared store scope,Skyrc 1080PC charger,Charging Room,
298,'-,,PAYLOAD,,Items are seprated from universal kit,80,,0.00,2025-02-10,EXCLUDED PROJECT LABEL,Physical stock verification requires review: Items are seprated from universal kit; Missing or placeholder Comp ID; Unit Price is missing or invalid,Project label (blank) excluded from shared store scope,Stright Type Pneumatic Connector 8mm - 6mm,R27,
299,'-,,PAYLOAD,,Items are seprated from universal kit,4,,0.00,2025-02-10,EXCLUDED PROJECT LABEL,Physical stock verification requires review: Items are seprated from universal kit; Missing or placeholder Comp ID; Unit Price is missing or invalid,Project label (blank) excluded from shared store scope,Stright Type Pneumatic Connector 8mm - 6mm,R27,
300,C_00618,,COMMUNICATION,BHUMI,Verified,16,14250.00,18.00,2025-02-10,EXCLUDED PROJECT LABEL,,Project label BHUMI excluded from shared store scope,T-12 Remote Controller with camera,"R46, R47",
301,C_00651,,ELECTRICALS,BHUMI,Unlabelled colour,46,12400.00,18.00,2025-02-10,EXCLUDED PROJECT LABEL,Physical stock verification requires review: Unlabelled colour,Project label BHUMI excluded from shared store scope,Tattu 16000mAh 6S Lipo Battery,,
302,'-,,PAYLOAD,,Items are seprated from universal kit,26,,0.00,2025-02-10,EXCLUDED PROJECT LABEL,Physical stock verification requires review: Items are seprated from universal kit; Missing or placeholder Comp ID; Unit Price is missing or invalid,Project label (blank) excluded from shared store scope,T-Type Pneumatic Connector 8-12-8mm,R27,
303,'-,,PAYLOAD,,Items are seprated from universal kit,29,,0.00,2025-02-10,EXCLUDED PROJECT LABEL,Physical stock verification requires review: Items are seprated from universal kit; Missing or placeholder Comp ID; Unit Price is missing or invalid,Project label (blank) excluded from shared store scope,T-Type Pneumatic Connector 8-8-8mm,R27,
304,C_00685,,PAYLOAD,BHUMI,Items are seprated from universal kit,21,1500.00,5.00,2025-02-10,EXCLUDED PROJECT LABEL,Physical stock verification requires review: Items are seprated from universal kit,"Original Shipping retained in source metadata, not added to current valuation; Project label BHUMI excluded from shared store scope",Universal Pneumatic Kit,R27,
305,'-,,PAYLOAD,,Items are seprated from universal kit,4,,0.00,2025-02-10,EXCLUDED PROJECT LABEL,Physical stock verification requires review: Items are seprated from universal kit; Missing or placeholder Comp ID; Unit Price is missing or invalid,Project label (blank) excluded from shared store scope,Y-Type Pneumatic Connector 6-10-6 mm,R27,
306,'-,,PAYLOAD,,Items are seprated from universal kit,4,,0.00,2025-02-10,EXCLUDED PROJECT LABEL,Physical stock verification requires review: Items are seprated from universal kit; Missing or placeholder Comp ID; Unit Price is missing or invalid,Project label (blank) excluded from shared store scope,Y-Type Pneumatic Connector 6-8-6 mm,R27,
311,C_00021,,ELECTRICALS,A.R.I.S NANO,Verified,1,79.96,18.00,2025-02-20,EXCLUDED PROJECT LABEL,,"Original Shipping retained in source metadata, not added to current valuation; Project label A.R.I.S NANO excluded from shared store scope",1x40 Pin 2.54MM Berg Strip Male Connector - 10pcs,R45,D2
312,C_00023,,ELECTRICALS,A.R.I.S NANO,Verified,2,75.43,18.00,2025-02-20,EXCLUDED PROJECT LABEL,,"Original Shipping retained in source metadata, not added to current valuation; Project label A.R.I.S NANO excluded from shared store scope",2.54mm 1x40 Pin Female Single Row Header Strip (Pack of 10),R45,D2
314,C_00089,,ELECTRICALS,A.R.I.S NANO,Verified,2,380.00,5.00,2025-02-20,EXCLUDED PROJECT LABEL,,"Original Shipping retained in source metadata, not added to current valuation; Project label A.R.I.S NANO excluded from shared store scope",8520 Magnetic Micro Coreless Motor for Micro Quadcopters â€“ 2xCW & 2xCCW,R18,Black Box
317,C_00273,,AIRFRAMES,A.R.I.S NANO,Verified,1,213.81,18.00,2025-03-04,EXCLUDED PROJECT LABEL,,"Original Shipping retained in source metadata, not added to current valuation; Project label A.R.I.S NANO excluded from shared store scope",Gemfan 35mm Durable Tri-blade Propellers 1mm Shaft (4cw+4ccw) Grey,R2,
320,C_00005,,ELECTRONICS,A.R.I.S NANO,Verified,2,109.65,18.00,2025-03-05,EXCLUDED PROJECT LABEL,,"Original Shipping retained in source metadata, not added to current valuation; Project label A.R.I.S NANO excluded from shared store scope",12 x 18 cm Universal PCB Prototype Board Single-Sided 2.54mm Hole Pitch,R45,D2
321,C_00151,,ELECTRICALS,A.R.I.S NANO,Verified,1,340.69,18.00,2025-03-05,EXCLUDED PROJECT LABEL,,"Original Shipping retained in source metadata, not added to current valuation; Project label A.R.I.S NANO excluded from shared store scope",Bonka 3.7V 600mAh 25C 1S Lithium Polymer Battery,R23,Battery 07
324,C_00507,,ELECTRICALS,A.R.I.S NANO,Verified,1,220.34,18.00,2025-03-05,EXCLUDED PROJECT LABEL,,"Original Shipping retained in source metadata, not added to current valuation; Project label A.R.I.S NANO excluded from shared store scope",Orange 3.7V 360mAh 30C 1S Lithium Polymer Battery Pack,R23,Battery 07
325,C_00105,,ACCESSORIES,Training,Verified,1,4921.00,18.00,2025-03-07,EXCLUDED PROJECT LABEL,,Project label TRAINING excluded from shared store scope,AL6061 Braking Disk Mount,R19,
326,C_00106,,ACCESSORIES,Training,Verified,2,2829.00,18.00,2025-03-07,EXCLUDED PROJECT LABEL,,Project label TRAINING excluded from shared store scope,AL6061 Braking Disk Rod,R19,
327,C_00502,,ACCESSORIES,BHUMI,Verified,10,79.76,18.00,2025-03-07,EXCLUDED PROJECT LABEL,,Project label BHUMI excluded from shared store scope,Nylon 14mm Expandable Braided Sleeve for Wire Protection-2M Length,R13,A90
328,C_00502,,ACCESSORIES,BHUMI,Verified,28,79.76,18.00,2025-03-07,EXCLUDED PROJECT LABEL,,Project label BHUMI excluded from shared store scope,Nylon 14mm Expandable Braided Sleeve for Wire Protection-2M Length,R13,A90
329,C_00702,,ELECTRONICS,BHUMI,Verified,5,152.54,18.00,2025-03-07,EXCLUDED PROJECT LABEL,,Project label BHUMI excluded from shared store scope,Water Flow Sensor (Sea) YFS401 Flowmeter 0.3-6L/min3.5mm White,R28,DA2
334,C_00489,,ELECTRONICS,A.R.I.S NANO,Doubt (need to check where it is located),2,386.32,18.00,2025-03-13,EXCLUDED PROJECT LABEL,Physical stock verification requires review: Doubt (need to check where it is located),Project label A.R.I.S NANO excluded from shared store scope,MPU-6500 TDK InvenSense QFN-24-EP(3×3) Accelerometer gyroscope QFN-24-EP(3×3) Accelerometers ROHS,R45,D2
338,C_00247,,ELECTRONICS,A.R.I.S NANO,Verified,2,229.10,18.00,2025-03-13,EXCLUDED PROJECT LABEL,,Project label A.R.I.S NANO excluded from shared store scope,Espressif ESP32-WROOM-32E-N8 Modules,R45,D2
339,C_00510,,ELECTRONICS,A.R.I.S NANO,Verified,1,817.77,5.00,2025-03-13,EXCLUDED PROJECT LABEL,,Project label A.R.I.S NANO excluded from shared store scope,Orange HD 500PCS 0.1uf-1000uf Plug-in Electrolytic Capacitor Kit,R31,BC1
340,C_00693,,ELECTRONICS,A.R.I.S NANO,Excess in stock,2,486.71,18.00,2025-03-17,EXCLUDED PROJECT LABEL,Physical stock verification requires review: Excess in stock,"Original Shipping retained in source metadata, not added to current valuation; Project label A.R.I.S NANO excluded from shared store scope",VL53L1X Laser Time-of-Flight(ToF) 4 meters Ranging Sensor Module I2C Interface,R45,D2
341,C_00108,,AIRFRAMES,BHUMI,Verified,18,1000.00,18.00,2025-03-19,EXCLUDED PROJECT LABEL,,Project label BHUMI excluded from shared store scope,Aluminium Mount,R20,Blue bin
346,C_00307,,ELECTRICALS,BHUMI,Verified,38,134.50,18.00,2025-03-20,EXCLUDED PROJECT LABEL,,"Original Shipping retained in source metadata, not added to current valuation; Project label BHUMI excluded from shared store scope",High Quality Ultra Flexible 10AWG Silicone Wire â€“ Black,R25,
348,C_00308,,ELECTRICALS,BHUMI,Verified,38,134.36,18.00,2025-03-20,EXCLUDED PROJECT LABEL,,"Original Shipping retained in source metadata, not added to current valuation; Project label BHUMI excluded from shared store scope",High Quality Ultra Flexible 10AWG Silicone Wire â€“ Red,R24,
352,C_00491,,ELECTRONICS,BHUMI,Verified,5,24576.27,18.00,2025-03-20,EXCLUDED PROJECT LABEL,,"Original Shipping retained in source metadata, not added to current valuation; Project label BHUMI excluded from shared store scope",MR72 77GHZ Collision Avoidance Radar,R28,A3
353,C_00491,,ELECTRONICS,BHUMI,Verified,1,24576.27,18.00,2025-03-20,EXCLUDED PROJECT LABEL,,"Original Shipping retained in source metadata, not added to current valuation; Project label BHUMI excluded from shared store scope",MR72 77GHZ Collision Avoidance Radar,R28,R28
361,C_00244,,ELECTRONICS,A.R.I.S NANO,Verified,2,296.61,18.00,2025-03-24,EXCLUDED PROJECT LABEL,,"Original Shipping retained in source metadata, not added to current valuation; Project label A.R.I.S NANO excluded from shared store scope",ESP WROOM 32 MCU Module Version 1.1,R45,D2
365,C_00505,,AIRFRAMES,BHUMI,Verified,3,413.00,12.00,2025-03-25,EXCLUDED PROJECT LABEL,,Project label BHUMI excluded from shared store scope,Obstacle Sensor Plate - 2mm,R28,A3
366,C_00082,,ELECTRICALS,BHUMI,Verified,1,14500.00,18.00,2025-03-29,EXCLUDED PROJECT LABEL,,Project label BHUMI excluded from shared store scope,6S 22000mAh Tattu Battery,,
367,C_00586,,AIRFRAMES,BHUMI,Verified,6,4410.00,18.00,2025-03-31,EXCLUDED PROJECT LABEL,,"Original Shipping retained in source metadata, not added to current valuation; Project label BHUMI excluded from shared store scope",Sidewall,R5,
371,C_00572,,ELECTRONICS,A.R.I.S NANO,Verified,1,2438.48,18.00,2025-04-02,EXCLUDED PROJECT LABEL,,"Original Shipping retained in source metadata, not added to current valuation; Project label A.R.I.S NANO excluded from shared store scope",SEN-14722 SparkFun - Sensor,R29,BROWN BOX
372,C_00532,,PAYLOAD,R&D Horizontal Sprayer,Items are seprated from universal kit,3,112.00,18.00,2025-04-04,EXCLUDED PROJECT LABEL,Physical stock verification requires review: Items are seprated from universal kit,Project label R&D HORIZONTAL SPRAYER excluded from shared store scope,Pneumatic Connector Straight 12x14 Aluminium,R27,
373,C_00095,,AIRFRAMES,A.R.I.S NANO,Verified,1,86.00,18.00,2025-04-05,EXCLUDED PROJECT LABEL,,Project label A.R.I.S NANO excluded from shared store scope,A.R.I.S Airframe,R2,
376,C_00348,,PAYLOAD,BHUMI,Verified,1,88.00,18.00,2025-04-05,EXCLUDED PROJECT LABEL,,Project label BHUMI excluded from shared store scope,Hose Pipe 12mm,R27,
377,C_00349,,PAYLOAD,BHUMI,Verified,1,46.00,18.00,2025-04-05,EXCLUDED PROJECT LABEL,,Project label BHUMI excluded from shared store scope,Hose Pipe 6mm,R27,
378,C_00350,,PAYLOAD,BHUMI,Verified,2,58.00,18.00,2025-04-05,EXCLUDED PROJECT LABEL,,Project label BHUMI excluded from shared store scope,Hose Pipe 8mm,R27,
379,C_00374,,PAYLOAD,BHUMI,Verified,1,81.00,18.00,2025-04-05,EXCLUDED PROJECT LABEL,,Project label BHUMI excluded from shared store scope,L-type Pneumatic Connector 12mm - 10mm,R27,
381,C_00615,,PAYLOAD,BHUMI,Verified,1,36.00,18.00,2025-04-05,EXCLUDED PROJECT LABEL,,Project label BHUMI excluded from shared store scope,Stright Type Pneumatic Connector 6mm - 6mm,R27,
382,C_00643,,PAYLOAD,BHUMI,Verified,1,65.00,18.00,2025-04-05,EXCLUDED PROJECT LABEL,,Project label BHUMI excluded from shared store scope,T-Type Pneumatic Connector 6-8-6 mm,R27,
383,C_00644,,PAYLOAD,BHUMI,Verified,1,76.00,18.00,2025-04-05,EXCLUDED PROJECT LABEL,,Project label BHUMI excluded from shared store scope,T-Type Pneumatic Connector 8-10-8 mm,R27,
392,C_00170,,AIRFRAMES,BHUMI,Verified,1,14454.00,18.00,2025-04-09,EXCLUDED PROJECT LABEL,,Project label BHUMI excluded from shared store scope,Canopy - BHUMI,R5,
393,C_00707,,ELECTRONICS,BHUMI,Verified,4,608.49,5.00,2025-04-09,EXCLUDED PROJECT LABEL,,"Original Shipping retained in source metadata, not added to current valuation; Project label BHUMI excluded from shared store scope",YRRC 2-13S 5V 5A BEC,R26,A17
395,C_00074,,AIRFRAMES,A.R.I.S NANO,Verified,2,479.06,18.00,2025-04-11,EXCLUDED PROJECT LABEL,,"Original Shipping retained in source metadata, not added to current valuation; Project label A.R.I.S NANO excluded from shared store scope",65MM Blade Propeller Prop with 8520CW & CCW Coreless Brushed Motor for Indoor Racing Drone Quad,R2 & R18,
396,C_00192,,COMMUNICATION,Training,Verified,1,9490.00,18.00,2025-04-11,EXCLUDED PROJECT LABEL,,Project label TRAINING excluded from shared store scope,Controller Systems - Customised 6/8 CH Transmitter including receiver and wired joystick controller with inbuilt firmware,R50,
398,C_00359,,COMMUNICATION,Training,Verified,1,64990.00,18.00,2025-04-11,EXCLUDED PROJECT LABEL,,Project label TRAINING excluded from shared store scope,Interfacing kit for Radio Transmitter and wired Joystick with integraton box including accessories and cables,R50,
399,C_00587,,ELECTRONICS,Training,Unlabelled colour,1,9990.00,18.00,2025-04-11,EXCLUDED PROJECT LABEL,Physical stock verification requires review: Unlabelled colour,Project label TRAINING excluded from shared store scope,Simulation Software as per DGCA RPTO standard Version 1.01 Licensing Premium Version: 1 user per system license for a year,R50,
400,C_00517,,AIRFRAMES,BHUMI,Doubt (need to check where it is located),4,420.00,18.00,2025-04-12,EXCLUDED PROJECT LABEL,Physical stock verification requires review: Doubt (need to check where it is located),Project label BHUMI excluded from shared store scope,PDB Enclosure,R5,
402,C_00095,,AIRFRAMES,A.R.I.S NANO,Verified,1,2000.00,18.00,2025-04-15,EXCLUDED PROJECT LABEL,,Project label A.R.I.S NANO excluded from shared store scope,A.R.I.S Airframe,R2,
405,C_00516,,ELECTRONICS,A.R.I.S NANO,Verified,1,8400.00,18.00,2025-04-16,EXCLUDED PROJECT LABEL,,Project label A.R.I.S NANO excluded from shared store scope,PCB A.R.I.S,R29,
406,C_00516,,ELECTRONICS,A.R.I.S NANO,Verified,1,8400.00,18.00,2025-04-16,EXCLUDED PROJECT LABEL,,Project label A.R.I.S NANO excluded from shared store scope,PCB A.R.I.S,R29,
408,C_00170,,AIRFRAMES,BHUMI,Verified,1,14454.00,18.00,2025-04-17,EXCLUDED PROJECT LABEL,,Project label BHUMI excluded from shared store scope,Canopy - BHUMI,R5,
410,C_00261,,ELECTRICALS,A.R.I.S NANO,Verified,1,2495.28,0.00,2025-04-21,EXCLUDED PROJECT LABEL,,"Original Shipping retained in source metadata, not added to current valuation; Project label A.R.I.S NANO excluded from shared store scope",Flywoo 4pcs Explorer 1S 750mAh HV V2 A30 Plug,,
411,C_00275,,AIRFRAMES,A.R.I.S NANO,Verified,1,239.00,5.00,2025-04-21,EXCLUDED PROJECT LABEL,,"Original Shipping retained in source metadata, not added to current valuation; Project label A.R.I.S NANO excluded from shared store scope","Gemfan Hurricane 2023 Durable Propeller (set of 8) 1mm, Clear Yellow",R2,
412,C_00065,,AIRFRAMES,A.R.I.S NANO,Verified,60,59.68,5.00,2025-04-24,EXCLUDED PROJECT LABEL,,"Original Shipping retained in source metadata, not added to current valuation; Project label A.R.I.S NANO excluded from shared store scope",55MM Blade Propeller Prop with 8520CW & CCW Coreless Brushed Motor for Indoor Racing Drone Quad,R2 & R18,C3
413,C_00089,,ELECTRICALS,A.R.I.S NANO,Verified,50,371.43,5.00,2025-04-24,EXCLUDED PROJECT LABEL,,"Original Shipping retained in source metadata, not added to current valuation; Project label A.R.I.S NANO excluded from shared store scope",8520 Magnetic Micro Coreless Motor for Micro Quadcopters â€“ 2xCW & 2xCCW,R18,Black Box
414,C_00170,,AIRFRAMES,BHUMI,Verified,7,14454.00,18.00,2025-04-24,EXCLUDED PROJECT LABEL,,Project label BHUMI excluded from shared store scope,Canopy - BHUMI,R5,
415,C_00243,,AIRFRAMES,A.R.I.S NANO,Verified,2,,0.00,2025-04-24,EXCLUDED PROJECT LABEL,Unit Price is missing or invalid; Comp ID C_00243 refers to conflicting categories or products,Project label A.R.I.S NANO excluded from shared store scope,ESP 32 Drone,R29,ARIS Drone
417,C_00095,,AIRFRAMES,A.R.I.S NANO,Verified,5,1531.20,18.00,2025-04-28,EXCLUDED PROJECT LABEL,,"Original Shipping retained in source metadata, not added to current valuation; Project label A.R.I.S NANO excluded from shared store scope",A.R.I.S Airframe,R2,
418,C_00095,,AIRFRAMES,A.R.I.S NANO,Verified,5,1142.60,18.00,2025-04-28,EXCLUDED PROJECT LABEL,,Project label A.R.I.S NANO excluded from shared store scope,A.R.I.S Airframe,R2,
419,C_00229,,PAYLOAD,R&D 5L Agri,Verified,1,4989.00,5.00,2025-04-28,EXCLUDED PROJECT LABEL,,"Original Shipping retained in source metadata, not added to current valuation; Project label R&D 5L AGRI excluded from shared store scope",EFT G Series 6L Tank 6L/quick-release/G06,R54,
420,C_00095,,AIRFRAMES,A.R.I.S NANO,Verified,2,1363.00,18.00,2025-04-30,EXCLUDED PROJECT LABEL,,Project label A.R.I.S NANO excluded from shared store scope,A.R.I.S Airframe,R2,
421,C_00095,,AIRFRAMES,A.R.I.S NANO,Verified,2,1276.00,18.00,2025-04-30,EXCLUDED PROJECT LABEL,,Project label A.R.I.S NANO excluded from shared store scope,A.R.I.S Airframe,R2,
422,C_00137,,AIRFRAMES,A.R.I.S NANO,Verified,4,139.20,18.00,2025-04-30,EXCLUDED PROJECT LABEL,,Project label A.R.I.S NANO excluded from shared store scope,Battery Holder,R2,
423,C_00063,,ELECTRONICS,R&D 5L Agri,Verified,3,196.58,5.00,2025-05-02,EXCLUDED PROJECT LABEL,,Project label R&D 5L AGRI excluded from shared store scope,4S-6S 12V 3A UBEC,R26,A17
424,C_00064,,PAYLOAD,R&D 5L Agri,Verified,2,318.14,18.00,2025-05-02,EXCLUDED PROJECT LABEL,,Project label R&D 5L AGRI excluded from shared store scope,550 Diaphragm Pump 12V Water Pump for water Spray Fish Tank Reflux Pump,R53,
425,C_00165,,ELECTRONICS,R&D Warehouse,Verified,2,7317.65,0.00,2025-05-02,EXCLUDED PROJECT LABEL,,Project label R&D WAREHOUSE excluded from shared store scope,"Cable Power Module for Compansion Computer, Flight Controller & ESCs (Drones & Robots) (MDK-M0041) VOXL 2, VOXL & VOXL-Flight (4-Pin to 4-pin Cable)",R28,Model AI
426,C_00257,,ELECTRONICS,R&D Warehouse,Verified,1,14285.49,0.00,2025-05-02,EXCLUDED PROJECT LABEL,,Project label R&D WAREHOUSE excluded from shared store scope,Flight Core v2 - PX4 & ArduPilot Flight Controller NDAA '20 Section 848 Compliant Blue UAS Framework (Board Only),R28,
427,C_00677,,ELECTRICALS,A.R.I.S NANO,Verified,97,11.02,18.00,2025-05-02,EXCLUDED PROJECT LABEL,,Project label A.R.I.S NANO excluded from shared store scope,TP4056 Battery Charger C type Module with protection,R23,Battery 07
428,C_00694,,ELECTRONICS,R&D Warehouse,Verified,1,23784.41,0.00,2025-05-02,EXCLUDED PROJECT LABEL,,Project label R&D WAREHOUSE excluded from shared store scope,VOXL 2 Ethernet and USB Hub Add-on,R28,Model AI
429,C_00695,,ELECTRONICS,R&D Warehouse,Verified,1,9147.29,0.00,2025-05-02,EXCLUDED PROJECT LABEL,,Project label R&D WAREHOUSE excluded from shared store scope,VOXL 2 Expander Board (Board only),R28,Model AI
430,C_00696,,ELECTRONICS,R&D Warehouse,Verified,1,214981.79,0.00,2025-05-02,EXCLUDED PROJECT LABEL,,Project label R&D WAREHOUSE excluded from shared store scope,VOXL 2 Flight Deck 2.4/5ghz wifi,R28,Model AI
431,C_00697,,ELECTRONICS,R&D Warehouse,Verified,2,18295.49,0.00,2025-05-02,EXCLUDED PROJECT LABEL,,Project label R&D WAREHOUSE excluded from shared store scope,VOXL 2 Time of Flight (ToF) Depth Sensor Sensor with Adapter PCB & Extension Flex PCB (Panasonic AXT 36-Pin),R28,Model AI
432,C_00698,,ELECTRONICS,R&D Warehouse,Verified,1,9556.77,0.00,2025-05-02,EXCLUDED PROJECT LABEL,,Project label R&D WAREHOUSE excluded from shared store scope,VOXL 2 Wifi Add-on & I/O Breakout Board with Alfa Networks Wifi Adapter,R28,
433,C_00708,,AIRFRAMES,R&D 5L Agri,Verified,2,1345.12,5.00,2025-05-02,EXCLUDED PROJECT LABEL,,"Original Shipping retained in source metadata, not added to current valuation; Project label R&D 5L AGRI excluded from shared store scope",Z25 CNC Aluminium Folding Arm Tube Joint,R3,Black Box
436,C_00018,,ACCESSORIES,A.R.I.S NANO,Verified,1,600.00,18.00,2025-05-03,EXCLUDED PROJECT LABEL,,Project label A.R.I.S NANO excluded from shared store scope,1mm Heat Shrinkable Sleeves Black,,white cover
437,C_00039,,ACCESSORIES,A.R.I.S NANO,Verified,1,700.00,18.00,2025-05-03,EXCLUDED PROJECT LABEL,,Project label A.R.I.S NANO excluded from shared store scope,2mm Heat Shrinkable Sleeves Black,,white cover
438,C_00152,,ELECTRICALS,A.R.I.S NANO,Verified,70,353.00,18.00,2025-05-03,EXCLUDED PROJECT LABEL,,"Original Shipping retained in source metadata, not added to current valuation; Project label A.R.I.S NANO excluded from shared store scope",Bonka 850mAh - 1S Lipo Battery 3.7V 25c,R23,Battery 07
439,C_00219,,PAYLOAD,BHIMA - 16L Agri,Verified,1,8000.00,5.00,2025-05-03,EXCLUDED PROJECT LABEL,,Project label BHIMA - 16L AGRI excluded from shared store scope,EFT 16L Tank,R52,
443,C_00214,,ELECTRICALS,BHUMI,Verified,56,11.50,18.00,2025-05-07,EXCLUDED PROJECT LABEL,,Project label BHUMI excluded from shared store scope,Dupont Housing 3-Pin,R17,Black Box
445,C_00285,,AIRFRAMES,R&D 5L Agri,Verified,2,850.00,18.00,2025-05-07,EXCLUDED PROJECT LABEL,,"Original Shipping retained in source metadata, not added to current valuation; Project label R&D 5L AGRI excluded from shared store scope",Glass Fibre Sheet 600x500x2mm,,
447,C_00518,,AIRFRAMES,BHIMA - 16L Agri,Doubt (need to check where it is located),1,3943.10,18.00,2025-05-08,EXCLUDED PROJECT LABEL,Physical stock verification requires review: Doubt (need to check where it is located),Project label BHIMA - 16L AGRI excluded from shared store scope,PDB Enclosure for BHIMA,R42,A79
450,C_00095,,AIRFRAMES,A.R.I.S NANO,Verified,10,1176.00,18.00,2025-05-09,EXCLUDED PROJECT LABEL,,Project label A.R.I.S NANO excluded from shared store scope,A.R.I.S Airframe,R2,
451,C_00516,,ELECTRONICS,A.R.I.S NANO,Verified,100,2413.44,18.00,2025-05-09,EXCLUDED PROJECT LABEL,,"Original Shipping retained in source metadata, not added to current valuation; Project label A.R.I.S NANO excluded from shared store scope",PCB A.R.I.S,R29,
452,C_00020,,ELECTRICALS,A.R.I.S NANO,Verified,60,340.00,18.00,2025-05-12,EXCLUDED PROJECT LABEL,,Project label A.R.I.S NANO excluded from shared store scope,1S 850mAh Lithium Battery,R23,Battery 07
454,C_00192,,COMMUNICATION,Training,Verified,4,9490.00,18.00,2025-05-12,EXCLUDED PROJECT LABEL,,Project label TRAINING excluded from shared store scope,Controller Systems - Customised 6/8 CH Transmitter including receiver and wired joystick controller with inbuilt firmware,R50,
456,C_00359,,COMMUNICATION,Training,Verified,4,64990.00,18.00,2025-05-12,EXCLUDED PROJECT LABEL,,Project label TRAINING excluded from shared store scope,Interfacing kit for Radio Transmitter and wired Joystick with integraton box including accessories and cables,R50,
458,C_00587,,ELECTRONICS,Training,Unlabelled colour,4,9990.00,18.00,2025-05-12,EXCLUDED PROJECT LABEL,Physical stock verification requires review: Unlabelled colour,Project label TRAINING excluded from shared store scope,Simulation Software as per DGCA RPTO standard Version 1.01 Licensing Premium Version: 1 user per system license for a year,,
459,C_00139,,AIRFRAMES,A.R.I.S NANO,Verified,70,134.00,18.00,2025-05-13,EXCLUDED PROJECT LABEL,,Project label A.R.I.S NANO excluded from shared store scope,Battery Holder - Reduced both battery,R2,
460,C_00140,,AIRFRAMES,A.R.I.S NANO,Verified,10,140.00,18.00,2025-05-13,EXCLUDED PROJECT LABEL,,Project label A.R.I.S NANO excluded from shared store scope,Battery Holder - Reduced Tattu,R2,
461,C_00373,,ACCESSORIES,Kamikaze - FPV,Verified,2,987.59,18.00,2025-05-13,EXCLUDED PROJECT LABEL,,Project label KAMIKAZE - FPV excluded from shared store scope,Kreo Lynx Full HD Video Capture Card,R12,A46
462,C_00095,,AIRFRAMES,A.R.I.S NANO,Verified,4,,0.00,2025-05-14,EXCLUDED PROJECT LABEL,Unit Price is missing or invalid,Project label A.R.I.S NANO excluded from shared store scope,A.R.I.S Airframe,R2,
464,C_00128,,ELECTRICALS,R&D Warehouse,Verified,20,50.75,18.00,2025-05-14,EXCLUDED PROJECT LABEL,,Project label R&D WAREHOUSE excluded from shared store scope,ASSHSSH28K305 Connectors,R23,Black Box
465,C_00137,,AIRFRAMES,A.R.I.S NANO,Verified,4,,0.00,2025-05-14,EXCLUDED PROJECT LABEL,Unit Price is missing or invalid,Project label A.R.I.S NANO excluded from shared store scope,Battery Holder,R2,
466,C_00279,,ELECTRICALS,A.R.I.S NANO,Verified,860,3.91,18.00,2025-05-14,EXCLUDED PROJECT LABEL,,Project label A.R.I.S NANO excluded from shared store scope,GHR-02V-S Connectors,R23,
467,C_00280,,ELECTRICALS,R&D Warehouse,Verified,10,13.99,18.00,2025-05-14,EXCLUDED PROJECT LABEL,,Project label R&D WAREHOUSE excluded from shared store scope,GHR-06V-S Connectors,R23,
468,C_00281,,ELECTRICALS,R&D Warehouse,Verified,10,14.66,18.00,2025-05-14,EXCLUDED PROJECT LABEL,,Project label R&D WAREHOUSE excluded from shared store scope,GHR-10V-S Connectors,R23,Black Box
469,C_00282,,ELECTRICALS,R&D Warehouse,Verified,15,9.26,18.00,2025-05-14,EXCLUDED PROJECT LABEL,,"Original Shipping retained in source metadata, not added to current valuation; Project label R&D WAREHOUSE excluded from shared store scope",GHR-12V-S Connectors,R23,Black Box
470,C_00366,,ELECTRICALS,Astra-x,Verified,650,25.88,18.00,2025-05-14,EXCLUDED PROJECT LABEL,,Project label ASTRA-X excluded from shared store scope,JST - 15cm Crimp Cable - AGHGH28K152,R23,Black Box
471,C_00520,,ELECTRICALS,A.R.I.S NANO,Verified,1000,1.91,18.00,2025-05-14,EXCLUDED PROJECT LABEL,,Project label A.R.I.S NANO excluded from shared store scope,PHR-2 Connectors,R23,Black Box
472,C_00577,,ELECTRICALS,R&D Warehouse,Verified,9,6.55,18.00,2025-05-14,EXCLUDED PROJECT LABEL,,Project label R&D WAREHOUSE excluded from shared store scope,SHR-02V-S-B Connectors,R23,
474,C_00595,,ELECTRICALS,A.R.I.S NANO,Verified,1000,23.95,18.00,2025-05-14,EXCLUDED PROJECT LABEL,,Project label A.R.I.S NANO excluded from shared store scope,SKT - 24AWG Crimp Cable - ASPHSPH24K102,R23,Black Box
476,C_00040,,AIRFRAMES,R&D 5L Agri,Verified,4,2219.00,12.00,2025-05-15,EXCLUDED PROJECT LABEL,,Project label R&D 5L AGRI excluded from shared store scope,2mm thk GF Plate waterjet cutting,,
478,C_00053,,ELECTRICALS,BHUMI,Verified,168,6.93,18.00,2025-05-17,EXCLUDED PROJECT LABEL,,Project label BHUMI excluded from shared store scope,3D-10-6 CU Ring Lug (Lug Connector),R17,Black Box
480,C_00486,,AIRFRAMES,R&D Warehouse,Verified,4,470.00,12.00,2025-05-17,EXCLUDED PROJECT LABEL,,Project label R&D WAREHOUSE excluded from shared store scope,Motor Mount - 2mm,R6,
481,C_00107,,AIRFRAMES,R&D 5L Agri,Verified,2,257.14,5.00,2025-05-19,EXCLUDED PROJECT LABEL,,"Original Shipping retained in source metadata, not added to current valuation; Project label R&D 5L AGRI excluded from shared store scope",Aluminium C Clamp for 25mm CF Tube,R3,Black Box
482,C_00095,,AIRFRAMES,A.R.I.S NANO,Verified,2,,0.00,2025-05-20,EXCLUDED PROJECT LABEL,Unit Price is missing or invalid,Project label A.R.I.S NANO excluded from shared store scope,A.R.I.S Airframe,R2,
483,C_00701,,AIRFRAMES,R&D Warehouse,Verified,1,2000.00,18.00,2025-05-21,EXCLUDED PROJECT LABEL,,Project label R&D WAREHOUSE excluded from shared store scope,"Warehouse 3D Printed Parts - (Back Cover, Back Cover Motor Wire, Battery Support, Sider Cover)",R7,
484,C_00101,,AIRFRAMES,A.R.I.S NANO,Doubt (need to check where it is located),2,1282.00,18.00,2025-05-22,EXCLUDED PROJECT LABEL,Physical stock verification requires review: Doubt (need to check where it is located),Project label A.R.I.S NANO excluded from shared store scope,Airframe - Exp logo 4mm,R2,
485,C_00102,,AIRFRAMES,A.R.I.S NANO,Doubt (need to check where it is located),2,1282.00,18.00,2025-05-22,EXCLUDED PROJECT LABEL,Physical stock verification requires review: Doubt (need to check where it is located),Project label A.R.I.S NANO excluded from shared store scope,Airframe - Exp logo 5mm,R2,
486,C_00103,,AIRFRAMES,A.R.I.S NANO,Doubt (need to check where it is located),2,1282.00,18.00,2025-05-22,EXCLUDED PROJECT LABEL,Physical stock verification requires review: Doubt (need to check where it is located),Project label A.R.I.S NANO excluded from shared store scope,Airframe - Exp logo 5mm fillet,R2,
487,C_00138,,AIRFRAMES,A.R.I.S NANO,Verified,3,139.20,18.00,2025-05-22,EXCLUDED PROJECT LABEL,,"Original Shipping retained in source metadata, not added to current valuation; Project label A.R.I.S NANO excluded from shared store scope",Battery Holder - Bonka,,
489,C_00700,,COMMUNICATION,Kamikaze - FPV,Verified,4,22857.14,5.00,2025-05-26,EXCLUDED PROJECT LABEL,,"Original Shipping retained in source metadata, not added to current valuation; Project label KAMIKAZE - FPV excluded from shared store scope",Walksnail Avatar VRX,R48,
491,C_00062,,ELECTRICALS,R&D Warehouse,Verified,1,1840.00,18.00,2025-05-27,EXCLUDED PROJECT LABEL,,Project label R&D WAREHOUSE excluded from shared store scope,4S 2P 4000mAh Battery,,
492,C_00046,,PAYLOAD,R&D Horizontal Sprayer,Verified,1,350.00,0.00,2025-05-28,EXCLUDED PROJECT LABEL,,Project label R&D HORIZONTAL SPRAYER excluded from shared store scope,30cm Nozzle Gun,,
493,C_00131,,ELECTRICALS,A.R.I.S NANO,Verified,50,9.28,18.00,2025-05-29,EXCLUDED PROJECT LABEL,,"Original Shipping retained in source metadata, not added to current valuation; Project label A.R.I.S NANO excluded from shared store scope",B2B-PH-K-S Connectors,R23,
494,C_00001,,ELECTRONICS,BHIMA - 16L Agri,Verified,2,62.71,18.00,2025-05-30,EXCLUDED PROJECT LABEL,,Project label BHIMA - 16L AGRI excluded from shared store scope,1 Road/Channel Relay Module (with light coupling) 12V,R26,
495,C_00044,,ELECTRONICS,A.R.I.S NANO,Verified,3,24.58,18.00,2025-05-30,EXCLUDED PROJECT LABEL,,Project label A.R.I.S NANO excluded from shared store scope,3.7V to 12V Mini DC-DC Boost Step Up Converter Board Module 5V/8V/9V 12V Output,R45,D2
497,C_00702,,ELECTRONICS,BHIMA - 16L Agri,Verified,1,161.02,18.00,2025-05-30,EXCLUDED PROJECT LABEL,,"Original Shipping retained in source metadata, not added to current valuation; Project label BHIMA - 16L AGRI excluded from shared store scope",Water Flow Sensor (Sea) YFS401 Flowmeter 0.3-6L/min3.5mm White,R28,DA2
498,C_00706,,ELECTRONICS,A.R.I.S NANO,Verified,1,27.12,18.00,2025-05-30,EXCLUDED PROJECT LABEL,,Project label A.R.I.S NANO excluded from shared store scope,XL3608 Boost Module 5V,R45,D2
500,C_00166,,PAYLOAD,Kamikaze - FPV,Verified,5,5180.94,0.00,2025-05-31,EXCLUDED PROJECT LABEL,,Project label KAMIKAZE - FPV excluded from shared store scope,CADDXFPV GM1/GM2/GM3 GM1 (No camera),L3,
503,C_00699,,PAYLOAD,Kamikaze - FPV,Verified,5,13674.00,0.00,2025-05-31,EXCLUDED PROJECT LABEL,,Project label KAMIKAZE - FPV excluded from shared store scope,Walksnail Avatar HD Pro Kit (Dual Antennas Version) 32G With Gyroflow,L3,
505,NA,,ACCESSORIES,R&D Horizontal Sprayer,Verified,2,100.00,18.00,2025-06-02,EXCLUDED PROJECT LABEL,Missing or placeholder Comp ID,Project label R&D HORIZONTAL SPRAYER excluded from shared store scope,Servo Horns,,
506,C_00600,,ELECTRICALS,Kamikaze - FPV,Verified,10,3252.70,0.00,2025-06-02,EXCLUDED PROJECT LABEL,,Project label KAMIKAZE - FPV excluded from shared store scope,SkyRC B6neo Smart Charger,R18,Black Box
510,C_00504,,ELECTRONICS,Kamikaze - FPV,Verified,1,72390.00,18.00,2025-06-04,EXCLUDED PROJECT LABEL,,Project label KAMIKAZE - FPV excluded from shared store scope,Oblivion Node MK3 Autonomous Tactical AI Compute Hub,L1,
511,C_00573,,ELECTRONICS,Kamikaze - FPV,Verified,1,81430.00,18.00,2025-06-04,EXCLUDED PROJECT LABEL,,Project label KAMIKAZE - FPV excluded from shared store scope,Sentinel Core X900 Tactical Compute Engine,L1,
513,C_00336,,ELECTRICALS,R&D 5L Agri,Verified,1,9281.00,5.00,2025-06-05,EXCLUDED PROJECT LABEL,,Project label R&D 5L AGRI excluded from shared store scope,Hobbywing X6-SE CCW Combo (2270 propellers),R19,A38
514,C_00337,,ELECTRICALS,R&D 5L Agri,Verified,1,9281.00,5.00,2025-06-05,EXCLUDED PROJECT LABEL,,Project label R&D 5L AGRI excluded from shared store scope,Hobbywing X6-SE CW Combo (2270 propellers),R19,A38
516,C_00086,,ELECTRONICS,A.R.I.S NANO,Verified,6,767.51,18.00,2025-06-06,EXCLUDED PROJECT LABEL,,"Original Shipping retained in source metadata, not added to current valuation; Project label A.R.I.S NANO excluded from shared store scope",7 Semi ICM-20948 9DoF IMU Breakout (MPU-9250 Upgrade) (BO-10167) (472),R45,D2
519,C_00113,,ELECTRICALS,Micro-Railway,Verified,1,23.00,18.00,2025-06-07,EXCLUDED PROJECT LABEL,,Project label MICRO-RAILWAY excluded from shared store scope,Amass XT60 Male-Female Pair Connectors,R22,A62
521,C_00594,,PAYLOAD,Micro-Railway,Verified,1,190000.00,18.00,2025-06-07,EXCLUDED PROJECT LABEL,,"Original Shipping retained in source metadata, not added to current valuation; Project label MICRO-RAILWAY excluded from shared store scope",Siyi ZT6 Mini Optical Pod Dual Sensor 4K 8MP 6X Digital Zoom Gimbal Camera Thermal Imaging Temperature 3-Axis Payload Surveillance Inspection,L1,
523,C_00045,,ACCESSORIES,Micro-Railway,Verified,3,60.95,18.00,2025-06-09,EXCLUDED PROJECT LABEL,,"Original Shipping retained in source metadata, not added to current valuation; Project label MICRO-RAILWAY excluded from shared store scope",30cm Battery Strap,R12,
527,C_00332,,ELECTRICALS,BHUMI,Verified,2,14.41,18.00,2025-06-09,EXCLUDED PROJECT LABEL,,"Original Shipping retained in source metadata, not added to current valuation; Project label BHUMI excluded from shared store scope",HILEX 5 Amp 3 Pin Plug Computer Conversion Plug - HEPL-6619,,
528,C_00292,,ELECTRONICS,Micro-Railway,Verified,1,77800.00,18.00,2025-06-09,EXCLUDED PROJECT LABEL,,Project label MICRO-RAILWAY excluded from shared store scope,H-RTK Septentrio Elite Mosaic-H (Dual Antenna Heading) Anti Jamming Anti Spoofing GPS Module,"R28,R6",
529,C_00499,,AIRFRAMES,R&D Horizontal Sprayer,Doubt (need to check where it is located),1,350.00,18.00,2025-06-09,EXCLUDED PROJECT LABEL,Physical stock verification requires review: Doubt (need to check where it is located),Project label R&D HORIZONTAL SPRAYER excluded from shared store scope,Nozzle Mount - 1,,
530,C_00500,,AIRFRAMES,R&D Horizontal Sprayer,Doubt (need to check where it is located),1,220.00,18.00,2025-06-09,EXCLUDED PROJECT LABEL,Physical stock verification requires review: Doubt (need to check where it is located),Project label R&D HORIZONTAL SPRAYER excluded from shared store scope,Nozzle Mount - 2,,
534,C_00161,,AIRFRAMES,BHIMA - Paint Sprayer,Verified,4,248.57,5.00,2025-06-13,EXCLUDED PROJECT LABEL,,"Original Shipping retained in source metadata, not added to current valuation; Project label BHIMA - PAINT SPRAYER excluded from shared store scope",C Clamp for 20mm rod,R3,Black Box
537,C_00004,,ELECTRONICS,Kamikaze - FPV,Verified,8,1322.45,0.00,2025-06-16,EXCLUDED PROJECT LABEL,,Project label KAMIKAZE - FPV excluded from shared store scope,11850 FPV.O1.Pro Omni Antenna SMA-S-M 64,R31,A27
540,C_00067,,COMMUNICATION,Kamikaze - FPV,Verified,2,9840.72,0.00,2025-06-16,EXCLUDED PROJECT LABEL,,Project label KAMIKAZE - FPV excluded from shared store scope,6040 IRC Ghost Hybrid Duo,R32,
541,C_00068,,ELECTRONICS,Kamikaze - FPV,Verified,4,52893.45,0.00,2025-06-16,EXCLUDED PROJECT LABEL,,Project label KAMIKAZE - FPV excluded from shared store scope,6046 Orqa FPV.One Pilot,R33,
542,C_00069,,COMMUNICATION,Kamikaze - FPV,Verified,1,4050.60,0.00,2025-06-16,EXCLUDED PROJECT LABEL,,Project label KAMIKAZE - FPV excluded from shared store scope,6066 IRC Ghost Uberlite Tx,R48,
543,C_00070,,ELECTRONICS,Kamikaze - FPV,Verified,2,14101.69,0.00,2025-06-16,EXCLUDED PROJECT LABEL,,Project label KAMIKAZE - FPV excluded from shared store scope,6217 IRC RapidFire v2,R32,
544,C_00071,,ELECTRONICS,Kamikaze - FPV,Verified,4,14983.32,0.00,2025-06-16,EXCLUDED PROJECT LABEL,,Project label KAMIKAZE - FPV excluded from shared store scope,6226 Orqa ESC 30x30 v2.2,R33,
545,C_00072,,ELECTRONICS,Kamikaze - FPV,Verified,4,10575.16,0.00,2025-06-16,EXCLUDED PROJECT LABEL,,Project label KAMIKAZE - FPV excluded from shared store scope,6227 Orqa FC F405 v2.2.1,R32,
546,C_00073,,ELECTRONICS,Kamikaze - FPV,Verified,4,4406.91,0.00,2025-06-16,EXCLUDED PROJECT LABEL,,Project label KAMIKAZE - FPV excluded from shared store scope,6247 Orqa GPS Kit,R34,
547,C_00124,,ACCESSORIES,R&D 5L Agri,Verified,4,250.00,18.00,2025-06-16,EXCLUDED PROJECT LABEL,Comp ID C_00124 refers to conflicting categories or products,Project label R&D 5L AGRI excluded from shared store scope,Arm Mount Rubber Closure,,
551,C_00199,,AIRFRAMES,R&D 5L Agri,Doubt (need to check where it is located),1,1000.00,18.00,2025-06-16,EXCLUDED PROJECT LABEL,Physical stock verification requires review: Doubt (need to check where it is located),Project label R&D 5L AGRI excluded from shared store scope,Dangling Arm 1 & 2,,
552,C_00575,,AIRFRAMES,R&D 5L Agri,Verified,1,3800.00,18.00,2025-06-16,EXCLUDED PROJECT LABEL,,Project label R&D 5L AGRI excluded from shared store scope,Servo Holder,,
553,C_00171,,AIRFRAMES,R&D 5L Agri,Verified,1,12135.00,18.00,2025-06-18,EXCLUDED PROJECT LABEL,,"Original Shipping retained in source metadata, not added to current valuation; Project label R&D 5L AGRI excluded from shared store scope",Canopy for 5L Agri,R5,
554,C_00124,,AIRFRAMES,R&D 5L Agri,Verified,4,100.00,18.00,2025-06-19,EXCLUDED PROJECT LABEL,Comp ID C_00124 refers to conflicting categories or products,Project label R&D 5L AGRI excluded from shared store scope,Arm Mount Rubber Closure,,
555,C_00161,,AIRFRAMES,BHIMA - Paint Sprayer,Verified,2,248.57,5.00,2025-06-20,EXCLUDED PROJECT LABEL,,"Original Shipping retained in source metadata, not added to current valuation; Project label BHIMA - PAINT SPRAYER excluded from shared store scope",C Clamp for 20mm rod,R3,Black Box
558,C_00287,,AIRFRAMES,Micro-Railway,Verified,1,869.00,12.00,2025-06-21,EXCLUDED PROJECT LABEL,,Project label MICRO-RAILWAY excluded from shared store scope,GPS AIRUNIT Plate - 2 mm,,
559,C_00375,,AIRFRAMES,Micro-Railway,Verified,2,369.00,12.00,2025-06-21,EXCLUDED PROJECT LABEL,,Project label MICRO-RAILWAY excluded from shared store scope,Landing Skid - 3mm,,
561,C_00528,,AIRFRAMES,BHIMA - Paint Sprayer,Verified,1,142.00,12.00,2025-06-21,EXCLUDED PROJECT LABEL,,Project label BHIMA - PAINT SPRAYER excluded from shared store scope,PL Plate Support CF Strip 3mm,R12,
563,C_00265,,AIRFRAMES,Kamikaze - FPV,Doubt (need to check where it is located),9,650.12,0.00,2025-06-23,EXCLUDED PROJECT LABEL,Physical stock verification requires review: Doubt (need to check where it is located),Project label KAMIKAZE - FPV excluded from shared store scope,FPV Racing Bundle (6x4.2E-3 and 6x4.2EP-3),R2,
575,C_00266,,AIRFRAMES,Micro-Railway,Verified,1,840.00,18.00,2025-06-24,EXCLUDED PROJECT LABEL,,Project label MICRO-RAILWAY excluded from shared store scope,Front Canopy,R5,
577,C_00376,,ELECTRONICS,A.R.I.S NANO,Verified,1,152.54,18.00,2025-06-24,EXCLUDED PROJECT LABEL,,Project label A.R.I.S NANO excluded from shared store scope,LCD1602 Parallel LCD Display with IIC/I2C Interface,R31,Jumper cable box
580,C_00559,,ELECTRONICS,A.R.I.S NANO,Excess in stock,2,66.10,18.00,2025-06-24,EXCLUDED PROJECT LABEL,Physical stock verification requires review: Excess in stock,"Original Shipping retained in source metadata, not added to current valuation; Project label A.R.I.S NANO excluded from shared store scope",Red Two-Wire 0.56 Inch DC5V-120V DC Digital Display Voltmeter for Car Bicycle Motorcycle,R45,
585,C_00662,,AIRFRAMES,Micro-Railway,Verified,1,2160.00,18.00,2025-06-24,EXCLUDED PROJECT LABEL,,Project label MICRO-RAILWAY excluded from shared store scope,Top Canopy,R5,
586,C_00130,,PAYLOAD,Kamikaze - FPV,Verified,3,34532.00,5.00,2025-06-26,EXCLUDED PROJECT LABEL,,Project label KAMIKAZE - FPV excluded from shared store scope,Axisflying Dual Camera Model Thermal Imaging / FPV diy Cameras for day and night fpv camera / 256*192 camera,L3,
587,C_00547,,COMMUNICATION,Kamikaze - FPV,Verified,10,7017.00,5.00,2025-06-26,EXCLUDED PROJECT LABEL,,Project label KAMIKAZE - FPV excluded from shared store scope,Radiomaster Pocket Radio Controller - ELRS Version (Transparent),R48,
588,C_00628,,ELECTRICALS,Kamikaze - FPV,Verified,8,5110.00,5.00,2025-06-26,EXCLUDED PROJECT LABEL,,Project label KAMIKAZE - FPV excluded from shared store scope,T-motor Cine 60 6S Motor For 6â€ X4 Cinematic FPV Drone,,
589,C_00629,,ELECTRICALS,Kamikaze - FPV,Verified,20,1940.00,5.00,2025-06-26,EXCLUDED PROJECT LABEL,,Project label KAMIKAZE - FPV excluded from shared store scope,T-Motor F2203.5 KV1500,R18,Black Box
590,C_00630,,ELECTRONICS,Kamikaze - FPV,Verified,1,11896.00,5.00,2025-06-26,EXCLUDED PROJECT LABEL,,"Original Shipping retained in source metadata, not added to current valuation; Project label KAMIKAZE - FPV excluded from shared store scope",T-Motor F55A Pro III 3-8S 4in1 ESC,R32,
591,C_00687,,ELECTRONICS,Kamikaze - FPV,Verified,3,1808.57,5.00,2025-06-26,EXCLUDED PROJECT LABEL,,"Original Shipping retained in source metadata, not added to current valuation; Project label KAMIKAZE - FPV excluded from shared store scope",VAS 5.8GHz Minion Pro SMA Short Antenna (RHCP),R31,A50
592,C_00351,,ACCESSORIES,R&D 5L Agri,Doubt (need to check where it is located),1,9600.00,18.00,2025-06-27,EXCLUDED PROJECT LABEL,Physical stock verification requires review: Doubt (need to check where it is located),"Original Shipping retained in source metadata, not added to current valuation; Project label R&D 5L AGRI excluded from shared store scope",HS Foam,,
595,C_00548,,COMMUNICATION,Kamikaze - FPV,Verified,1,2380.00,5.00,2025-06-28,EXCLUDED PROJECT LABEL,,"Original Shipping retained in source metadata, not added to current valuation; Project label KAMIKAZE - FPV excluded from shared store scope",Radiomaster RP1 V2 ELRS 2.4GHz Nano Receiver W/UFL Antenna,,
596,C_00548,,COMMUNICATION,Kamikaze - FPV,Verified,6,2665.72,5.00,2025-06-28,EXCLUDED PROJECT LABEL,,"Original Shipping retained in source metadata, not added to current valuation; Project label KAMIKAZE - FPV excluded from shared store scope",Radiomaster RP1 V2 ELRS 2.4GHz Nano Receiver W/UFL Antenna,R48,
597,C_00668,,AIRFRAMES,Micro-Railway,Doubt (need to check where it is located),2,1356.00,18.00,2025-07-01,EXCLUDED PROJECT LABEL,Physical stock verification requires review: Doubt (need to check where it is located),Project label MICRO-RAILWAY excluded from shared store scope,Top Rod,,
602,C_00035,,ELECTRICALS,Horizontal Sprayer,Verified,1,1191.00,5.00,2025-07-02,EXCLUDED PROJECT LABEL,,"Original Shipping retained in source metadata, not added to current valuation; Project label HORIZONTAL SPRAYER excluded from shared store scope",25Kg Full Metal Gear Digital Servo with 25T Arm Default 90-180 Degrees,R41,
604,C_00428,,ACCESSORIES,Kamikaze - FPV,Verified,1,189.52,5.00,2025-07-02,EXCLUDED PROJECT LABEL,,"Original Shipping retained in source metadata, not added to current valuation; Project label KAMIKAZE - FPV excluded from shared store scope",M3 Silicone Grommets - 8mm (pack of 10),R12,GR-01
605,NA,,ACCESSORIES,R&D 5L Agri,Verified,2,60.00,5.00,2025-07-03,EXCLUDED PROJECT LABEL,Missing or placeholder Comp ID,Project label R&D 5L AGRI excluded from shared store scope,Battery strap,,
612,C_00340,,ELECTRICALS,BHIMA,Verified,1,12000.00,18.00,2025-07-03,EXCLUDED PROJECT LABEL,,Project label BHIMA excluded from shared store scope,Hobbywing X8 CCW Combo,R19,V1
613,C_00341,,ELECTRICALS,BHIMA,Verified,1,12000.00,18.00,2025-07-03,EXCLUDED PROJECT LABEL,,Project label BHIMA excluded from shared store scope,Hobbywing X8 CW Combo,R19,V1
617,C_00084,,ELECTRICALS,Bomb Dropper - BHIMA,Doubt (need to check where it is located),2,39600.00,18.00,2025-07-04,EXCLUDED PROJECT LABEL,Physical stock verification requires review: Doubt (need to check where it is located),Project label BOMB DROPPER - BHIMA excluded from shared store scope,6S 30000mAh Solid State Battery,Inv,
618,C_00084,,ELECTRICALS,Bomb Dropper - BHIMA,Doubt (need to check where it is located),2,39600.00,18.00,2025-07-04,EXCLUDED PROJECT LABEL,Physical stock verification requires review: Doubt (need to check where it is located),Project label BOMB DROPPER - BHIMA excluded from shared store scope,6S 30000mAh Solid State Battery,Inv,
619,C_00110,,ELECTRICALS,Kamikaze - FPV,Verified,2,171.42,5.00,2025-07-04,EXCLUDED PROJECT LABEL,,"Original Shipping retained in source metadata, not added to current valuation; Project label KAMIKAZE - FPV excluded from shared store scope",Amass Waterproof XT60 Connector (XT60W-XT60EW) Pair,R22,
621,C_00659,,ACCESSORIES,Kamikaze - FPV,Verified,1,508.40,18.00,2025-07-04,EXCLUDED PROJECT LABEL,,Project label KAMIKAZE - FPV excluded from shared store scope,"Threade Round Spacers M3x5.5, 35mm (Pack of 25)",,
622,C_00660,,ACCESSORIES,Kamikaze - FPV,Verified,1,593.20,18.00,2025-07-04,EXCLUDED PROJECT LABEL,,"Original Shipping retained in source metadata, not added to current valuation; Project label KAMIKAZE - FPV excluded from shared store scope","Threade Round Spacers M3x5.5, 40mm (Pack of 25)",,
624,C_00066,,PAYLOAD,R&D 5L Agri,Verified,1,10000.00,18.00,2025-07-05,EXCLUDED PROJECT LABEL,,"Original Shipping retained in source metadata, not added to current valuation; Project label R&D 5L AGRI excluded from shared store scope",5L Agriculture drone tank,Assembly Area,
633,C_00285,,AIRFRAMES,R&D 5L Agri,Verified,2,850.00,18.00,2025-07-05,EXCLUDED PROJECT LABEL,,"Original Shipping retained in source metadata, not added to current valuation; Project label R&D 5L AGRI excluded from shared store scope",Glass Fibre Sheet 600x500x2mm,,
644,C_00217,,ELECTRONICS,Kamikaze - FPV,Verified,9,64.06,18.00,2025-07-07,EXCLUDED PROJECT LABEL,,Project label KAMIKAZE - FPV excluded from shared store scope,EEUFR1V102 - Electrolytic Capacitor,R31,
650,C_00037,,AIRFRAMES,R&D 5L Agri,Verified,2,2465.00,18.00,2025-07-08,EXCLUDED PROJECT LABEL,,"Original Shipping retained in source metadata, not added to current valuation; Project label R&D 5L AGRI excluded from shared store scope",25x22x1000mm Carbon Fiber Tube,,
653,C_00259,,AIRFRAMES,Micro-Railway,Doubt (need to check where it is located),1,1242.70,18.00,2025-07-09,EXCLUDED PROJECT LABEL,Physical stock verification requires review: Doubt (need to check where it is located),Project label MICRO-RAILWAY excluded from shared store scope,Flight Stack Holder 22mm,,
656,C_00051,,PAYLOAD,Bomb Dropper - BHIMA,Verified,10,960.00,18.00,2025-07-10,EXCLUDED PROJECT LABEL,,Project label BOMB DROPPER - BHIMA excluded from shared store scope,3D Printing- FDM PLA+PL_3 v2 Density;50%,R8,
657,C_00052,,PAYLOAD,Bomb Dropper - BHIMA,Verified,10,850.00,18.00,2025-07-10,EXCLUDED PROJECT LABEL,,"Original Shipping retained in source metadata, not added to current valuation; Project label BOMB DROPPER - BHIMA excluded from shared store scope",3D Printing- FDM PLA+PL_6v2 Density;50%,R8,
658,NA,,ACCESSORIES,Kamikaze - FPV,Verified,1,244.28,18.00,2025-07-10,EXCLUDED PROJECT LABEL,Missing or placeholder Comp ID,"Original Shipping retained in source metadata, not added to current valuation; Project label KAMIKAZE - FPV excluded from shared store scope","Command Large Picture Hanging Strips,4 Pairs",R12,
660,C_00047,,AIRFRAMES,Kamikaze - FPV,Verified,3,200.00,18.00,2025-07-11,EXCLUDED PROJECT LABEL,,Project label KAMIKAZE - FPV excluded from shared store scope,3D printing Service-TPU Antenna Holder,R7,
661,C_00048,,AIRFRAMES,Kamikaze - FPV,Verified,6,100.00,18.00,2025-07-11,EXCLUDED PROJECT LABEL,,Project label KAMIKAZE - FPV excluded from shared store scope,3D Printing Service-TPU Part 7,R7,
662,C_00049,,AIRFRAMES,Kamikaze - FPV,Verified,6,100.00,18.00,2025-07-11,EXCLUDED PROJECT LABEL,,Project label KAMIKAZE - FPV excluded from shared store scope,"3D Printing Service-TPU, Motor Guard",R6,
663,C_00050,,AIRFRAMES,Kamikaze - FPV,Verified,3,400.00,18.00,2025-07-11,EXCLUDED PROJECT LABEL,,"Original Shipping retained in source metadata, not added to current valuation; Project label KAMIKAZE - FPV excluded from shared store scope","3D Printing Service-TPU,EO-IR Camera Holder",R7,
665,C_00079,,ELECTRICALS,Kamikaze - FPV,Doubt (need to check where it is located),1,3000.00,18.00,2025-07-14,EXCLUDED PROJECT LABEL,Physical stock verification requires review: Doubt (need to check where it is located),Project label KAMIKAZE - FPV excluded from shared store scope,6S 1P Lithium Battery,,
666,C_00083,,ELECTRICALS,Kamikaze - FPV,Doubt (need to check where it is located),4,6000.00,18.00,2025-07-14,EXCLUDED PROJECT LABEL,Physical stock verification requires review: Doubt (need to check where it is located),Project label KAMIKAZE - FPV excluded from shared store scope,6S 2P Lithium Battery,,
667,C_00167,,AIRFRAMES,Kamikaze - FPV,Doubt (need to check where it is located),1,1000.00,18.00,2025-07-14,EXCLUDED PROJECT LABEL,Physical stock verification requires review: Doubt (need to check where it is located),Project label KAMIKAZE - FPV excluded from shared store scope,Camera Board Enclosure & Damp,,
668,C_00304,,ELECTRONICS,Kamikaze - FPV,Doubt (need to check where it is located),1,6027.62,5.00,2025-07-14,EXCLUDED PROJECT LABEL,Physical stock verification requires review: Doubt (need to check where it is located),Project label KAMIKAZE - FPV excluded from shared store scope,HGLRC ZEUS VTX 2.5W,R34,A22
670,C_00041,,ELECTRICALS,Kamikaze - FPV,Verified,4,1000.00,18.00,2025-07-14,EXCLUDED PROJECT LABEL,,Project label KAMIKAZE - FPV excluded from shared store scope,2S 1P 3400mAh Lithium Battery,Charging Room,
671,C_00060,,ACCESSORIES,Kamikaze - FPV,Verified,2,42.37,18.00,2025-07-14,EXCLUDED PROJECT LABEL,,"Original Shipping retained in source metadata, not added to current valuation; Project label KAMIKAZE - FPV excluded from shared store scope",4mm UD 6mm Grove Hole Grommet (Pack of 25),R12,GR-01
673,C_00142,,AIRFRAMES,Kamikaze - FPV,Verified,3,406.00,18.00,2025-07-14,EXCLUDED PROJECT LABEL,,Project label KAMIKAZE - FPV excluded from shared store scope,Battery Plate - 2mm,,
675,C_00259,,AIRFRAMES,Kamikaze - FPV,Verified,1,406.00,18.00,2025-07-14,EXCLUDED PROJECT LABEL,,Project label KAMIKAZE - FPV excluded from shared store scope,Flight Stack Holder 22mm,R2,
677,C_00546,,ELECTRONICS,Kamikaze - FPV,Verified,2,5841.25,5.00,2025-07-14,EXCLUDED PROJECT LABEL,,Project label KAMIKAZE - FPV excluded from shared store scope,RadioMaster 2.4GHz RM 4in1 Module,R32,
678,C_00734,,ACCESSORIES,Kamikaze - FPV,Verified,2,908.13,18.00,2025-07-14,EXCLUDED PROJECT LABEL,,Project label KAMIKAZE - FPV excluded from shared store scope,Spray Paint - Khaki,,
680,C_00205,,ELECTRICALS,Kamikaze - FPV,Doubt (need to check where it is located),4,219.69,18.00,2025-07-15,EXCLUDED PROJECT LABEL,Physical stock verification requires review: Doubt (need to check where it is located),"Original Shipping retained in source metadata, not added to current valuation; Project label KAMIKAZE - FPV excluded from shared store scope",DMEGC INR18650-32E 3.7V 3200mAh Li-ion Battery,R24,
681,C_00114,,ELECTRICALS,Bomb Dropper - BHIMA,Verified,4,33.00,18.00,2025-07-16,EXCLUDED PROJECT LABEL,,"Original Shipping retained in source metadata, not added to current valuation; Project label BOMB DROPPER - BHIMA excluded from shared store scope",Amass XT60E-M Mountable XT60 Male Connectors,R22,A61
682,C_00580,,AIRFRAMES,Kamikaze - FPV,Verified,3,770.00,18.00,2025-07-16,EXCLUDED PROJECT LABEL,,Project label KAMIKAZE - FPV excluded from shared store scope,Side Canopy,,
683,C_00581,,AIRFRAMES,Kamikaze - FPV,Verified,3,770.00,18.00,2025-07-16,EXCLUDED PROJECT LABEL,,"Original Shipping retained in source metadata, not added to current valuation; Project label KAMIKAZE - FPV excluded from shared store scope",Side Canopy 2,,
685,C_00209,,ACCESSORIES,Kamikaze - FPV,Verified,1,4770.00,18.00,2025-07-18,EXCLUDED PROJECT LABEL,,"Original Shipping retained in source metadata, not added to current valuation; Project label KAMIKAZE - FPV excluded from shared store scope",Drone Foam - FPV,,
692,C_00476,,ACCESSORIES,Kamikaze - FPV,Verified,1,6133.15,18.00,2025-07-22,EXCLUDED PROJECT LABEL,,Project label KAMIKAZE - FPV excluded from shared store scope,MG Chemicals Brown Acrylic Aerosol Conductive Lacq,R12,
693,C_00033,,ELECTRICALS,Micro-Railway,Doubt (need to check where it is located),1,1500.00,18.00,2025-07-28,EXCLUDED PROJECT LABEL,Physical stock verification requires review: Doubt (need to check where it is located),Invalid HSN retained in source metadata only; Project label MICRO-RAILWAY excluded from shared store scope,21V 8Ah Si-NMC Li-Ion Cell Battery,,
695,C_00514,,ELECTRONICS,Kamikaze - FPV,Verified,9,65.36,18.00,2025-07-28,EXCLUDED PROJECT LABEL,,Project label KAMIKAZE - FPV excluded from shared store scope,Panasonic 1000uF Aluminium Electrolytic Capacitor,R31,
696,C_00015,,ELECTRONICS,Bomb Dropper - BHIMA,Verified,1,14843.94,0.00,2025-07-31,EXCLUDED PROJECT LABEL,,Project label BOMB DROPPER - BHIMA excluded from shared store scope,17-HG2418P L-Com ANTPANEL 2.4GHz 18dB Antennas,R35,
698,C_00093,,ELECTRONICS,Bomb Dropper - BHIMA,Verified,4,572.46,0.00,2025-07-31,EXCLUDED PROJECT LABEL,,Project label BOMB DROPPER - BHIMA excluded from shared store scope,960-GW593153 Taoglas GW.59 2.4.5/5.8GHZ 3dB Antennas,R35,A13
699,C_00174,,ELECTRICALS,Bomb Dropper - BHIMA,Excess in stock,1,175.00,18.00,2025-07-31,EXCLUDED PROJECT LABEL,Physical stock verification requires review: Excess in stock,Project label BOMB DROPPER - BHIMA excluded from shared store scope,CAT6 Cable 5M,R45,
701,C_00562,,ELECTRONICS,Bomb Dropper - BHIMA,Verified,1,250.00,18.00,2025-07-31,EXCLUDED PROJECT LABEL,,Project label BOMB DROPPER - BHIMA excluded from shared store scope,RJ 45 Connectors,R45,
702,C_00085,,ELECTRICALS,Kamikaze - FPV,Excess in stock,1,4500.00,18.00,2025-08-01,EXCLUDED PROJECT LABEL,Physical stock verification requires review: Excess in stock,Project label KAMIKAZE - FPV excluded from shared store scope,6S 5000mAh Lithium Battery,,
704,C_00734,,ACCESSORIES,Kamikaze - FPV,Verified,2,933.90,18.00,2025-08-02,EXCLUDED PROJECT LABEL,,"Original Round-off retained in source metadata, not added to current valuation; Project label KAMIKAZE - FPV excluded from shared store scope",Spray Paint - Khaki,,
705,C_00733,,ACCESSORIES,Kamikaze - FPV,Verified,2,933.90,18.00,2025-08-02,EXCLUDED PROJECT LABEL,,"Original Round-off retained in source metadata, not added to current valuation; Project label KAMIKAZE - FPV excluded from shared store scope",Spray Paint - Sand Brown,,
706,C_00707,,ELECTRONICS,Bomb Dropper - BHIMA,Verified,1,633.33,5.00,2025-08-04,EXCLUDED PROJECT LABEL,,"Original Shipping retained in source metadata, not added to current valuation; Project label BOMB DROPPER - BHIMA excluded from shared store scope",YRRC 2-13S 5V 5A BEC,R26,A17
707,C_00172,,ACCESSORIES,Bhumi,Verified,5,15000.00,18.00,2025-08-05,EXCLUDED PROJECT LABEL,,Project label BHUMI excluded from shared store scope,Carry Case Ex: 910x830x730mm In:880x800x700mm without wheel,Carrycase Room,
708,C_00722,,ELECTRONICS,Bomb Dropper - BHIMA,Verified,7,20.00,18.00,2025-08-08,EXCLUDED PROJECT LABEL,,"Original Shipping retained in source metadata, not added to current valuation; Original Round-off retained in source metadata, not added to current valuation; Project label BOMB DROPPER - BHIMA excluded from shared store scope",MAX3232 XD-26 MCU Mini RS232 to TTL Converter Module UART,R35,A13
709,C_00735,,ACCESSORIES,Kamikaze - FPV,Verified,2,933.90,18.00,2025-08-11,EXCLUDED PROJECT LABEL,,"Original Round-off retained in source metadata, not added to current valuation; Project label KAMIKAZE - FPV excluded from shared store scope",Spray Paint - Army Green,,
710,C_00736,,ACCESSORIES,Kamikaze - FPV,Verified,2,955.93,18.00,2025-08-11,EXCLUDED PROJECT LABEL,,"Original Round-off retained in source metadata, not added to current valuation; Project label KAMIKAZE - FPV excluded from shared store scope",Spray Paint - Earth Brown,,
714,C_00732,,ELECTRICALS,Bomb Dropper - BHIMA,Verified,1,200.00,18.00,2025-08-13,EXCLUDED PROJECT LABEL,,Project label BOMB DROPPER - BHIMA excluded from shared store scope,"3AN Telecom SMA Male to N Male Coax Cables,SMA Connectors to Antenna Cables Assemblies Low Loss WiFi Extender Extension Pigtail Jumpers RF coaxial Cables 1MTR /100 CM 1Pack, Black",R28,RF-01
716,C_00730,,ACCESSORIES,Kamikaze - FPV,Doubt (need to check where it is located),1,609.52,5.00,2025-08-18,EXCLUDED PROJECT LABEL,Physical stock verification requires review: Doubt (need to check where it is located),"Original Shipping retained in source metadata, not added to current valuation; Project label KAMIKAZE - FPV excluded from shared store scope",Flywoo 3pcs Flywoo Ultra Grip FPV Battery Pad,,
718,C_00557,,ELECTRONICS,Inventory/Office,Verified,2,210.93,5.00,2025-08-18,EXCLUDED PROJECT LABEL,,"Original Shipping retained in source metadata, not added to current valuation; Project label INVENTORY/OFFICE excluded from shared store scope",Readytosky 2-6S 5v/3A and 12V/3A switchable UBEC,R28,A17
719,C_00726,,AIRFRAMES,Kamikaze - FPV,Doubt (need to check where it is located),1,1575.00,18.00,2025-08-19,EXCLUDED PROJECT LABEL,Physical stock verification requires review: Doubt (need to check where it is located),Project label KAMIKAZE - FPV excluded from shared store scope,Mount Plate CF 310x310x1.5mm,,
720,C_00725,,AIRFRAMES,Kamikaze - FPV,Doubt (need to check where it is located),1,3800.00,18.00,2025-08-19,EXCLUDED PROJECT LABEL,Physical stock verification requires review: Doubt (need to check where it is located),Project label KAMIKAZE - FPV excluded from shared store scope,Quad Frame CF 310x310x4mm,,
721,C_00729,,ACCESSORIES,Kamikaze - FPV,Verified,2,111.43,5.00,2025-08-19,EXCLUDED PROJECT LABEL,,"Original Shipping retained in source metadata, not added to current valuation; Project label KAMIKAZE - FPV excluded from shared store scope",4in1 Wire Brush Protection Tube 65mm for Brushless Motor,,
723,C_00728,,ACCESSORIES,Kamikaze - FPV,Verified,1,46.67,5.00,2025-08-21,EXCLUDED PROJECT LABEL,,"Original Shipping retained in source metadata, not added to current valuation; Project label KAMIKAZE - FPV excluded from shared store scope",M3 Rubber Damper Balls - 9x6x3 (Pack of 4),R12,
724,C_00724,,ELECTRICALS,Kamikaze - FPV,Verified,11,675.00,18.00,2025-08-22,EXCLUDED PROJECT LABEL,Comp ID C_00724 refers to conflicting categories or products,Project label KAMIKAZE - FPV excluded from shared store scope,Molicel 21700 P50B 5000mAh 60A Lithium Ion Battery,R24,
725,C_00724,,ELECTRICALS,Kamikaze - FPV,Verified,25,675.00,18.00,2025-08-22,EXCLUDED PROJECT LABEL,Comp ID C_00724 refers to conflicting categories or products,Project label KAMIKAZE - FPV excluded from shared store scope,Molicel 21700 P50B 5000mAh 60A Lithium Ion Battery,R24,
726,C_00723,,ELECTRONICS,Bomb Dropper - BHIMA,Verified,5,1550.00,18.00,2025-08-25,EXCLUDED PROJECT LABEL,,Project label BOMB DROPPER - BHIMA excluded from shared store scope,24Pin M16 Plug and Socket Panel Mount Connector Straight,R35,A13
727,C_00628,,ELECTRICALS,Kamikaze - FPV,Verified,5,4400.00,5.00,2025-08-25,EXCLUDED PROJECT LABEL,,Project label KAMIKAZE - FPV excluded from shared store scope,T-motor Cine 60 6S Motor For 6” X4 Cinematic FPV Drone,R18,Black Box
728,C_00721,,ELECTRICALS,Kamikaze - FPV,Verified,3,0.00,0.00,2025-09-02,EXCLUDED PROJECT LABEL,,Project label KAMIKAZE - FPV excluded from shared store scope,4S 5000mAh Lithium Battery,Charging Room,
729,C_00720,,ELECTRONICS,Bomb Dropper - BHIMA,Verified,5,2422.00,18.00,2025-09-03,EXCLUDED PROJECT LABEL,,"Original Shipping retained in source metadata, not added to current valuation; Project label BOMB DROPPER - BHIMA excluded from shared store scope","Pololu 5579 24V, 4A Step-down Voltage Regulator D42V55F24",R26,A37
730,NA,,AIRFRAMES,R&D 5L Agri,Verified,1,4234.00,0.00,2025-09-03,EXCLUDED PROJECT LABEL,Missing or placeholder Comp ID,Project label R&D 5L AGRI excluded from shared store scope,Sri Ganapathi Engineering works' Machining Cost for 5L Agri,,
731,NA,,AIRFRAMES,Bomb Dropper - BHIMA,Unlabelled colour,1,20692.00,0.00,2025-09-03,EXCLUDED PROJECT LABEL,Physical stock verification requires review: Unlabelled colour; Missing or placeholder Comp ID,Project label BOMB DROPPER - BHIMA excluded from shared store scope,Sri Ganapathi Engineering works' Machining Cost for BHIMA Payload Dropping,,
732,C_00545,,ELECTRICALS,BHUMI,Verified,40,350.00,18.00,2025-09-10,EXCLUDED PROJECT LABEL,,Project label BHUMI excluded from shared store scope,QS8 Male & Female Pair Anti-Spark Connectors,,
733,C_00741,,COMMUNICATION,Kamikaze - FPV,Verified,2,8286.02,0.00,2025-09-15,EXCLUDED PROJECT LABEL,,"Original Shipping retained in source metadata, not added to current valuation; Project label KAMIKAZE - FPV excluded from shared store scope",6027 IRC Ghost JR 2.4 Tx,R48,
734,C_00742,,ELECTRONICS,Kamikaze - FPV,Verified,4,3104.02,0.00,2025-09-15,EXCLUDED PROJECT LABEL,,"Original Shipping retained in source metadata, not added to current valuation; Project label KAMIKAZE - FPV excluded from shared store scope",6030 IRC Ghost Atto Receiver,R31,A50
735,C_00069,,COMMUNICATION,Kamikaze - FPV,Verified,1,4762.26,0.00,2025-09-15,EXCLUDED PROJECT LABEL,,"Original Shipping retained in source metadata, not added to current valuation; Project label KAMIKAZE - FPV excluded from shared store scope",6066 IRC Ghost Uberlite Tx,,
736,C_00748,,ELECTRONICS,Kamikaze - FPV,Verified,1,15540.82,0.00,2025-09-15,EXCLUDED PROJECT LABEL,,"Original Shipping retained in source metadata, not added to current valuation; Project label KAMIKAZE - FPV excluded from shared store scope",6087 IRC RF Power Meter v2,R32,
737,C_00749,,COMMUNICATION,Kamikaze - FPV,Verified,1,8575.17,0.00,2025-09-15,EXCLUDED PROJECT LABEL,,"Original Shipping retained in source metadata, not added to current valuation; Project label KAMIKAZE - FPV excluded from shared store scope",6150 Orqa FPV.Ace Chapter #1,,
738,C_00740,,COMMUNICATION,Kamikaze - FPV,Verified,1,10358.82,0.00,2025-09-15,EXCLUDED PROJECT LABEL,,"Original Shipping retained in source metadata, not added to current valuation; Project label KAMIKAZE - FPV excluded from shared store scope",6219 Orqa FPV.Ctrl,R48,
739,C_00751,,AIRFRAMES,Vyoma,Verified,2,872.50,18.00,2025-09-19,EXCLUDED PROJECT LABEL,,"Original Shipping retained in source metadata, not added to current valuation; Original Round-off retained in source metadata, not added to current valuation; Project label VYOMA excluded from shared store scope",1000x100x12mm Balsa Sheet,Above L Rack,
740,C_00750,,AIRFRAMES,Vyoma,Verified,5,210.00,18.00,2025-09-19,EXCLUDED PROJECT LABEL,,"Original Shipping retained in source metadata, not added to current valuation; Project label VYOMA excluded from shared store scope",1000x100x1mm Balsa Sheet,Above L Rack,
741,C_00707,,ELECTRONICS,Bomb Dropper - BHIMA,Verified,3,633.33,5.00,2025-09-20,EXCLUDED PROJECT LABEL,,"Original Shipping retained in source metadata, not added to current valuation; Project label BOMB DROPPER - BHIMA excluded from shared store scope",YRRC 2-13S 5V 5A BEC,R26,A17
742,C_00757,,ELECTRONICS,Micro-Warehouse,Verified,1,1279.81,18.00,2025-09-22,EXCLUDED PROJECT LABEL,,"Original Shipping retained in source metadata, not added to current valuation; Project label MICRO-WAREHOUSE excluded from shared store scope",AC8265 Wireless NIC for Jetson Nano WiFi / Bluetooth,R28,
744,C_00755,,PAYLOAD,Micro-Warehouse,Verified,3,29907.48,18.00,2025-09-22,EXCLUDED PROJECT LABEL,,"Original Shipping retained in source metadata, not added to current valuation; Project label MICRO-WAREHOUSE excluded from shared store scope",Intel RealSense Depth Camera D415,L8,
750,C_00756,,ELECTRONICS,Micro-Warehouse,Verified,1,1576.97,18.00,2025-09-22,EXCLUDED PROJECT LABEL,,"Original Shipping retained in source metadata, not added to current valuation; Project label MICRO-WAREHOUSE excluded from shared store scope","Waveshare 4-Ch USB 3.2 Gen1 HUB, Metal Case With Wall-Mount Support, Driver-Free, Plug-And-Play, Multiple Systems Support",R31,PO-177
752,C_00002,,ELECTRONICS,Micro-Warehouse,Verified,1,125.72,5.00,2025-09-24,EXCLUDED PROJECT LABEL,Comp ID C_00002 refers to conflicting categories or products,"Original Shipping retained in source metadata, not added to current valuation; Project label MICRO-WAREHOUSE excluded from shared store scope",100A Multirotor ESC Power Distribution Battery Board (PBD),R21,A9
753,C_00759,,ELECTRONICS,Micro-Warehouse,Verified,1,60465.00,18.00,2025-09-25,EXCLUDED PROJECT LABEL,,"Original Round-off retained in source metadata, not added to current valuation; Project label MICRO-WAREHOUSE excluded from shared store scope",NVIDIA Jetson Orin NX 16GB Module,R28,
762,C_00766,,AIRFRAMES,Astra-x,Doubt (need to check where it is located),2,17565.00,5.00,2025-09-30,EXCLUDED PROJECT LABEL,Physical stock verification requires review: Doubt (need to check where it is located),"Original Shipping retained in source metadata, not added to current valuation; Project label ASTRA-X excluded from shared store scope",T-motor NS24x7.2-10mm Hole Propellers 1CW 1CCW - 1Pair,Before L1,
770,C_00767,,ELECTRONICS,Astra-x,Verified,6,5900.45,5.00,2025-09-30,EXCLUDED PROJECT LABEL,,"Original Shipping retained in source metadata, not added to current valuation; Project label ASTRA-X excluded from shared store scope",T-Motor Alpha 40A LV 500Hz 4-6S LiPo ESC,R33,A65
778,C_00777,,ACCESSORIES,Astra-x,Verified,1,113.56,18.00,2025-10-06,EXCLUDED PROJECT LABEL,,"Original Shipping retained in source metadata, not added to current valuation; Project label ASTRA-X excluded from shared store scope",Tool Bag for YIHUA 928D-IV,R45,
781,C_00795,,ELECTRICALS,Astra-x,Doubt (need to check where it is located),2,2723.38,18.00,2025-10-09,EXCLUDED PROJECT LABEL,Physical stock verification requires review: Doubt (need to check where it is located),Project label ASTRA-X excluded from shared store scope,"336320-12-0250 - Cable Assembly Coaxial U.FL (UMCC), AMC to RP-SMA 1.13mm OD Coaxial Cable 9.843"" (250.00mm)",R28,
783,C_00784,,ACCESSORIES,Astra-x,Unlabelled colour,1,4600.00,18.00,2025-10-09,EXCLUDED PROJECT LABEL,Physical stock verification requires review: Unlabelled colour,Project label ASTRA-X excluded from shared store scope,"HAHER20-Quad-26"" GCS Foam",Carrycase Room,
784,C_00785,,ACCESSORIES,Astra-x,Unlabelled colour,1,1200.00,18.00,2025-10-09,EXCLUDED PROJECT LABEL,Physical stock verification requires review: Unlabelled colour,Project label ASTRA-X excluded from shared store scope,"HAHER20-Quad-26"" GCS Top Foam",Carrycase Room,
785,C_00786,,ACCESSORIES,Astra-x,Unlabelled colour,1,2100.00,18.00,2025-10-09,EXCLUDED PROJECT LABEL,Physical stock verification requires review: Unlabelled colour,Project label ASTRA-X excluded from shared store scope,"HAHER20-Quad-26"" Patch Antenna Foam",Carrycase Room,
787,C_00787,,ELECTRONICS,Astra-x,Doubt (need to check where it is located),2,3559.00,18.00,2025-10-09,EXCLUDED PROJECT LABEL,Physical stock verification requires review: Doubt (need to check where it is located),Project label ASTRA-X excluded from shared store scope,"RF Antenna, Dipole, 2.4 GHz to 2.5 GHz, Linear, RP SMA Connector, 4.22 dBi - TAOGLAS - GW.34.5153",Assembly Area,
797,C_00366,,ELECTRICALS,Astra-x,Verified,17,38.95,18.00,2025-10-09,EXCLUDED PROJECT LABEL,,Project label ASTRA-X excluded from shared store scope,JST - 15cm Crimp Cable - AGHGH28K152,R23,Black Box
803,C_00797,,ACCESSORIES,Astra-x,Verified,1,393.75,0.00,2025-10-10,EXCLUDED PROJECT LABEL,,Project label ASTRA-X excluded from shared store scope,"Grommet 0.250"" (6.35mm) Circular 0.375"" (9.53mm) Black - MFG-740 (Pack of 25)",R45,
810,C_00796,,ACCESSORIES,Astra-x,Verified,2,95.97,0.00,2025-10-10,EXCLUDED PROJECT LABEL,,"Original Shipping retained in source metadata, not added to current valuation; Project label ASTRA-X excluded from shared store scope",M3 Nylon Flat Washer OD 8mm - MFG-16M03080080B (Pack of 25),R45,
815,C_00645,,ACCESSORIES,BHUMI,Verified,1,283.00,5.00,2025-10-13,EXCLUDED PROJECT LABEL,,"Original Round-off retained in source metadata, not added to current valuation; Project label BHUMI excluded from shared store scope",Tank Screws Pack of 4,R10,
819,C_00811,,AIRFRAMES,Astra-x,Verified,4,1141.90,5.00,2025-10-16,EXCLUDED PROJECT LABEL,,"Original Shipping retained in source metadata, not added to current valuation; Project label ASTRA-X excluded from shared store scope",1655 propellers 1CW 1CCW-1Pair,R4,
825,C_00805,,ELECTRICALS,Astra-x,Verified,6,27000.00,18.00,2025-10-17,EXCLUDED PROJECT LABEL,,Project label ASTRA-X excluded from shared store scope,6S 30000mAh Battery,Charging Room,
830,C_00770,,AIRFRAMES,Astra-x,Verified,1,150.00,18.00,2025-10-25,EXCLUDED PROJECT LABEL,,Description differs across rows using this Comp ID; Project label ASTRA-X excluded from shared store scope,16x14x1000mm Carbon Fiber Circular Tube,Assembly Area,
835,C_00807,,AIRFRAMES,Astra-x,Verified,1,4400.00,18.00,2025-10-25,EXCLUDED PROJECT LABEL,,Project label ASTRA-X excluded from shared store scope,Fixed Arm Part for 25x23mm CF Square Tube,R42,
839,C_00821,,AIRFRAMES,Astra-x,Verified,1,524.00,18.00,2025-10-25,EXCLUDED PROJECT LABEL,,Project label ASTRA-X excluded from shared store scope,"HAHER20-Quad-26"" Doodle Labs Enclosure",,
849,C_00084,,ELECTRICALS,Astra-x,Doubt (need to check where it is located),2,37080.00,18.00,2025-10-27,EXCLUDED PROJECT LABEL,Physical stock verification requires review: Doubt (need to check where it is located),"Original Round-off retained in source metadata, not added to current valuation; Project label ASTRA-X excluded from shared store scope",6S 30000mAh Solid State Battery,Assembly Area,
858,C_00821,,AIRFRAMES,Astra-x,Verified,2,520.00,18.00,2025-10-30,EXCLUDED PROJECT LABEL,,Project label ASTRA-X excluded from shared store scope,"HAHER20-Quad-26"" Doodle Labs Enclosure",R9,A73
863,C_00203,,ELECTRICALS,Astra-x,Verified,1,313.56,18.00,2025-10-31,EXCLUDED PROJECT LABEL,,"Original Shipping retained in source metadata, not added to current valuation; Project label ASTRA-X excluded from shared store scope",DH-24-J/RJ45/213/SX-43-401-CNLINKO-Cat5e Female Socket IP67 Waterproof Ethernet Connector Panel Mount,R45,
864,C_00238,,ACCESSORIES,BHUMI,Verified,5,8380.00,18.00,2025-11-03,EXCLUDED PROJECT LABEL,,"Original Shipping retained in source metadata, not added to current valuation; Project label BHUMI excluded from shared store scope",EPE - Foam (Bhumi) 870x790x350mm,Carrycase Room,
865,C_00085,,ELECTRICALS,Warehouse,Excess in stock,1,,0.00,2025-11-06,EXCLUDED PROJECT LABEL,Physical stock verification requires review: Excess in stock; Unit Price is missing or invalid,Project label WAREHOUSE excluded from shared store scope,6S 5000mAh Lithium Battery,,
870,C_00085,,ELECTRICALS,Warehouse,Excess in stock,1,,0.00,2025-11-10,EXCLUDED PROJECT LABEL,Physical stock verification requires review: Excess in stock; Unit Price is missing or invalid,Project label WAREHOUSE excluded from shared store scope,6S 5000mAh Lithium Battery,,
871,C_00838,,ELECTRICALS,Astra-x,Verified,1,1800.00,18.00,2025-11-10,EXCLUDED PROJECT LABEL,,Project label ASTRA-X excluded from shared store scope,Dummy Battery,,
872,C_00834,,ELECTRICALS,Warehouse,Verified,1,8729.66,18.00,2025-11-11,EXCLUDED PROJECT LABEL,,Project label WAREHOUSE excluded from shared store scope,SkyRC D260 Duo 260W Dual Channel AC/DC LiPo / LiFe / LiIon / LiHV / NiMH / NiCd / Pb Balance Charger + Discharger + Power Supply,Charging Room,
873,C_00082,,ELECTRICALS,BHUMI,Doubt (need to check where it is located),6,13625.00,18.00,2025-11-12,EXCLUDED PROJECT LABEL,Physical stock verification requires review: Doubt (need to check where it is located),Project label BHUMI excluded from shared store scope,6S 22000mAh Tattu Battery,Charging Room,
874,C_00838,,ELECTRICALS,Astra-x,Verified,2,1500.00,18.00,2025-11-12,EXCLUDED PROJECT LABEL,,Project label ASTRA-X excluded from shared store scope,Dummy Battery,,
875,C_00721,,ELECTRICALS,Kamikaze - FPV,Doubt (need to check where it is located),3,3000.00,18.00,2025-11-13,EXCLUDED PROJECT LABEL,Physical stock verification requires review: Doubt (need to check where it is located),Project label KAMIKAZE - FPV excluded from shared store scope,4S 5000mAh Lithium Battery,Charging Room,
877,C_00846,,ACCESSORIES,BHUMI,Verified,1,320.00,18.00,2025-11-20,EXCLUDED PROJECT LABEL,,"Original Shipping retained in source metadata, not added to current valuation; Project label BHUMI excluded from shared store scope",M4 Allen Socket head SS304 assorted box,R13,
878,C_00787,,ELECTRONICS,Astra-x,Verified,10,463.01,18.00,2025-11-21,EXCLUDED PROJECT LABEL,,"Original Round-off retained in source metadata, not added to current valuation; Project label ASTRA-X excluded from shared store scope","RF Antenna, Dipole, 2.4 GHz to 2.5 GHz, Linear, RP SMA Connector, 4.22 dBi - TAOGLAS - GW.34.5153",R45,
879,C_00765,,AIRFRAMES,Astra-x,Verified,2,26190.47,5.00,2025-11-24,EXCLUDED PROJECT LABEL,,"Original Shipping retained in source metadata, not added to current valuation; Original Round-off retained in source metadata, not added to current valuation; Project label ASTRA-X excluded from shared store scope",T-motor NS26x8.5 Propellers 1CW 1CCW - 1Pair,Before L1,
881,C_00847,,AIRFRAMES,Warehouse,Verified,2,757.14,5.00,2025-12-01,EXCLUDED PROJECT LABEL,,"Original Shipping retained in source metadata, not added to current valuation; Original Round-off retained in source metadata, not added to current valuation; Project label WAREHOUSE excluded from shared store scope",1355 propellers 1CW 1CCW-1Pair,R4,PR1
883,C_00116,,ELECTRICALS,BHUMI,Verified,2,25.00,18.00,2025-12-01,EXCLUDED PROJECT LABEL,,Project label BHUMI excluded from shared store scope,Amass XT60H Male Connectors with Housing,R22,A62
884,C_00117,,ELECTRICALS,BHUMI,Verified,1,148.00,18.00,2025-12-01,EXCLUDED PROJECT LABEL,,Project label BHUMI excluded from shared store scope,Amass XT90 Female Connectors with Housing,R22,A59
885,C_00117,,ELECTRICALS,BHUMI,Verified,25,54.00,18.00,2025-12-01,EXCLUDED PROJECT LABEL,,Project label BHUMI excluded from shared store scope,Amass XT90 Female Connectors with Housing,R22,A59
886,C_00848,,ELECTRICALS,BHUMI,Verified,22,52.00,18.00,2025-12-01,EXCLUDED PROJECT LABEL,,Project label BHUMI excluded from shared store scope,Amass XT90 Male Connectors with Housing,R22,A62
887,C_00125,,ELECTRICALS,BHUMI,Verified,13,116.94,18.00,2025-12-01,EXCLUDED PROJECT LABEL,,"Original Shipping retained in source metadata, not added to current valuation; Project label BHUMI excluded from shared store scope",AS150 Female Connector,R22,
888,C_00126,,ELECTRICALS,BHUMI,Verified,11,210.28,18.00,2025-12-01,EXCLUDED PROJECT LABEL,,"Original Shipping retained in source metadata, not added to current valuation; Project label BHUMI excluded from shared store scope",AS150 Male Connector,R22,
889,C_00082,,ELECTRICALS,BHUMI,Doubt (need to check where it is located),4,13559.32,18.00,2025-12-02,EXCLUDED PROJECT LABEL,Physical stock verification requires review: Doubt (need to check where it is located),"Original Shipping retained in source metadata, not added to current valuation; Project label BHUMI excluded from shared store scope",6S 22000mAh Tattu Battery,Charging Room,
892,C_00111,,ELECTRICALS,BHUMI,Verified,27,14.00,18.00,2025-12-05,EXCLUDED PROJECT LABEL,,Project label BHUMI excluded from shared store scope,Amass XT30 Female Connectors,R22,A59
893,C_00112,,ELECTRICALS,BHUMI,Verified,29,14.00,18.00,2025-12-05,EXCLUDED PROJECT LABEL,,Project label BHUMI excluded from shared store scope,Amass XT30 Male Connectors,R22,A62
894,C_00228,,PAYLOAD,BHUMI,Verified,27,750.00,5.00,2025-12-05,EXCLUDED PROJECT LABEL,,"Original Shipping retained in source metadata, not added to current valuation; Project label BHUMI excluded from shared store scope",EFT Extension Rod High Pressure Nozzles,R51,
895,C_00333,,AIRFRAMES,BHUMI,Excess in stock,19,1200.00,5.00,2025-12-05,EXCLUDED PROJECT LABEL,Physical stock verification requires review: Excess in stock,"Original Shipping retained in source metadata, not added to current valuation; Project label BHUMI excluded from shared store scope",Hobbywing 2480 CCW Propellers,Before L1,
896,C_00334,,AIRFRAMES,BHUMI,Excess in stock,19,1200.00,5.00,2025-12-05,EXCLUDED PROJECT LABEL,Physical stock verification requires review: Excess in stock,"Original Shipping retained in source metadata, not added to current valuation; Project label BHUMI excluded from shared store scope",Hobbywing 2480 CW Propellers,Before L1,
897,C_00545,,ELECTRICALS,BHUMI,Verified,48,350.00,18.00,2025-12-05,EXCLUDED PROJECT LABEL,,Project label BHUMI excluded from shared store scope,QS8 Male & Female Pair Anti-Spark Connectors,R22,A2
909,C_00859,,COMMUNICATION,Astra-x,Verified,2,38000.00,18.00,2025-12-16,EXCLUDED PROJECT LABEL,,Project label ASTRA-X excluded from shared store scope,Microhard PMDDL2450 Modem Only,Assembly Area & R48,
910,C_00724,,ELECTRICALS,BHIMA,Verified,12,,0.00,2025-12-17,EXCLUDED PROJECT LABEL,Unit Price is missing or invalid; Comp ID C_00724 refers to conflicting categories or products,Project label BHIMA excluded from shared store scope,P50B-21700 CELLS,R24,
913,C_00858,,ELECTRICALS,BHIMA,Doubt (need to check where it is located),2,450.00,18.00,2025-12-20,EXCLUDED PROJECT LABEL,Physical stock verification requires review: Doubt (need to check where it is located),Project label BHIMA excluded from shared store scope,Cable Assemblies 85442090 TNC Male to SMA Male 1 mtr,R28,
914,C_00862,,ELECTRONICS,BHUMI,Verified,1,29500.00,5.00,2025-12-23,EXCLUDED PROJECT LABEL,,Project label BHUMI excluded from shared store scope,Ag++ Flight Controller with AeroGCS GREEN-T,R32,
915,C_00863,,ELECTRONICS,BHUMI,Verified,1,15000.00,5.00,2025-12-23,EXCLUDED PROJECT LABEL,,Project label BHUMI excluded from shared store scope,NamoAG Navigation Device-T,R34,
917,C_00829,,ACCESSORIES,Astra-x,Verified,4,350.00,18.00,2025-12-24,EXCLUDED PROJECT LABEL,,Project label ASTRA-X excluded from shared store scope,HAHER20 M4x25mm for Motor Customized Spacer Set,,
918,C_00872,,ACCESSORIES,BHIMA,Verified,1,985.59,18.00,2025-12-26,EXCLUDED PROJECT LABEL,,Project label BHIMA excluded from shared store scope,"CAMVATE 1/4""-20 Female to 5/8""-11 Male Screw Adapter for Tripod Laser Level Adapter Bosch (Aluminum Alloy) - 3239",R20,Blue Bin Bhima
920,C_00873,,ELECTRONICS,Astra-x,Verified,1,4028.00,18.00,2025-12-27,EXCLUDED PROJECT LABEL,,Project label ASTRA-X excluded from shared store scope,Aero360 Data Link v.1.1,"R50,R35",
921,C_00197,,ELECTRONICS,BHUMI,Verified,1,33890.00,5.00,2026-01-02,EXCLUDED PROJECT LABEL,,"Original Round-off retained in source metadata, not added to current valuation; Project label BHUMI excluded from shared store scope",Cube Orange Plus with ADS-B Carrier Board,R32,
922,C_00592,,COMMUNICATION,BHUMI,Verified,2,33095.00,18.00,2026-01-02,EXCLUDED PROJECT LABEL,,Project label BHUMI excluded from shared store scope,SIYI MK15 Remote Controller,R46,
923,NA,,ACCESSORIES,Astra-x,Verified,1,143.63,18.00,2026-01-05,EXCLUDED PROJECT LABEL,Missing or placeholder Comp ID,Project label ASTRA-X excluded from shared store scope,AR 12W/mk Thermal Pad (Size-80x40x0.5mm),R11,
925,C_00707,,ELECTRONICS,BHUMI,Verified,6,628.57,18.00,2026-01-05,EXCLUDED PROJECT LABEL,,Project label BHUMI excluded from shared store scope,YRRC 2-13S 5V 5A BEC,R26,A17
928,C_00468,,ELECTRONICS,BHUMI,Verified,2,3999.00,18.00,2026-01-08,EXCLUDED PROJECT LABEL,,Project label BHUMI excluded from shared store scope,Mauch 076 HS 200A HV Sensor Board 10AWG Current Sensor,R34,A29
929,C_00469,,ELECTRONICS,BHUMI,Verified,2,3850.00,5.00,2026-01-08,EXCLUDED PROJECT LABEL,,Project label BHUMI excluded from shared store scope,Mauch 084 4-14S HYB-BEC / 5.3V DF-13 - 4p,R34,A29
930,C_00470,,ELECTRONICS,BHUMI,Verified,2,435.00,5.00,2026-01-08,EXCLUDED PROJECT LABEL,,Project label BHUMI excluded from shared store scope,Mauch 086 Adapter cable for Pixhawk 2 Bec,R34,A29
940,C_00622,,ELECTRONICS,Astra-x,Verified,6,5600.00,5.00,2026-01-20,EXCLUDED PROJECT LABEL,,Project label ASTRA-X excluded from shared store scope,T-Motor Alpha 60A ESC 6-12S LiPo 500Hz No BEC,R33,
943,C_00891,,COMMUNICATION,Inventory/Office,Verified,1,3681.00,18.00,2026-01-24,EXCLUDED PROJECT LABEL,,"Original Round-off retained in source metadata, not added to current valuation; Project label INVENTORY/OFFICE excluded from shared store scope",3DR 915MHz Telemetry Module Pair for Pixhawk and APM 500mw 2Km range,R26,A21
944,C_00904,,AIRFRAMES,Inventory/Office,Verified,1,2380.00,5.00,2026-01-28,EXCLUDED PROJECT LABEL,,Project label INVENTORY/OFFICE excluded from shared store scope,XL6 Carbon Fiber Frame,R1,
947,C_00883,,ELECTRONICS,bhumi,Verified,3,32.20,18.00,2026-02-03,EXCLUDED PROJECT LABEL,,"Original Shipping retained in source metadata, not added to current valuation; Project label BHUMI excluded from shared store scope",5V Single Channel RELAY Module,R26,
952,C_00914,,ACCESSORIES,Astra-x,Verified,22,10.40,18.00,2026-02-07,EXCLUDED PROJECT LABEL,,Project label ASTRA-X excluded from shared store scope,M3 X 25mm Female to Female Brass with Nickel plating Hex Threaded Standoff Spacer,,
953,C_00911,,ELECTRONICS,IIITDM,Verified,1,2380.00,5.00,2026-02-07,EXCLUDED PROJECT LABEL,,"Original Shipping retained in source metadata, not added to current valuation; Project label IIITDM excluded from shared store scope",MATEK UBEC DUO 4A/5-12V & 4A/5V,R26,A17
954,C_00732,,ELECTRICALS,Astra-x,Verified,1,321.22,18.00,2026-02-08,EXCLUDED PROJECT LABEL,,Project label ASTRA-X excluded from shared store scope,"3AN Telecom SMA Male to N Male Coax Cables,SMA Connectors to Antenna Cables Assemblies Low Loss WiFi Extender Extension Pigtail Jumpers RF coaxial Cables 1MTR /100 CM 1Pack, Black",R28,RF-01
956,C_00791,,ELECTRICALS,Astra-x,Verified,20,13.40,0.00,2026-02-09,EXCLUDED PROJECT LABEL,,Project label ASTRA-X excluded from shared store scope,5024390600 Connectors,R23,Black Box
957,C_00916,,ELECTRICALS,Astra-x,Verified,22,30.28,0.00,2026-02-09,EXCLUDED PROJECT LABEL,,Project label ASTRA-X excluded from shared store scope,"AGHGH28K203 - Crimp cable JUMPER SSHL-002T-P0.2 X2 8""",R23,
958,C_00794,,ELECTRICALS,Astra-x,Verified,7,6.10,0.00,2026-02-09,EXCLUDED PROJECT LABEL,,Project label ASTRA-X excluded from shared store scope,GHR-03V-S Connectors,R23,
961,C_00280,,ELECTRICALS,Astra-x,Verified,18,10.05,0.00,2026-02-09,EXCLUDED PROJECT LABEL,,Project label ASTRA-X excluded from shared store scope,GHR-06V-S Connectors,R23,
962,C_00788,,ELECTRICALS,Astra-x,Verified,5,10.27,0.00,2026-02-09,EXCLUDED PROJECT LABEL,,Project label ASTRA-X excluded from shared store scope,GHR-07V-S Connectors,R23,
963,C_00790,,ELECTRICALS,Astra-x,Verified,8,10.36,0.00,2026-02-09,EXCLUDED PROJECT LABEL,,Project label ASTRA-X excluded from shared store scope,GHR-08V-S Connectors,R23,
964,'-,,ACCESSORIES,Inventory/Office,Verified,1,468.58,5.00,2026-02-12,EXCLUDED PROJECT LABEL,Missing or placeholder Comp ID,Project label INVENTORY/OFFICE excluded from shared store scope,"Chanak Space Explorer Pneumatic Gun Include 12 Orange & 12 Yellow Soft Foam Ball, for Indoor Outdoor Use Safe for Boys Girls, Above 5+ Age, BIS Approved",R12,
967,'-,,ACCESSORIES,Inventory/Office,Verified,1,1136.16,18.00,2026-02-16,EXCLUDED PROJECT LABEL,Missing or placeholder Comp ID,"Original Shipping retained in source metadata, not added to current valuation; Project label INVENTORY/OFFICE excluded from shared store scope",eSUN 1.75mm eASA 3D Printing Filament 1Kg - Black,Assembly Area,
968,'-,,ACCESSORIES,Inventory/Office,Verified,1,1041.16,18.00,2026-02-16,EXCLUDED PROJECT LABEL,Missing or placeholder Comp ID,Project label INVENTORY/OFFICE excluded from shared store scope,eSUN eABS+HS filament 1.75mm 1Kg - Grey,Assembly Area,
969,C_00836,,ELECTRICALS,Astra-x,Verified,7,9.88,0.00,2026-02-17,EXCLUDED PROJECT LABEL,,Project label ASTRA-X excluded from shared store scope,GHR-05V-S Connector,R23,
970,C_00382,,COMMUNICATION,Astra-x,Verified,2,1779.66,18.00,2026-02-17,EXCLUDED PROJECT LABEL,,Project label ASTRA-X excluded from shared store scope,Logitech Gamepad F310,R48,
973,'-,,ACCESSORIES,Inventory/Office,Verified,1,1247.81,18.00,2026-02-23,EXCLUDED PROJECT LABEL,Missing or placeholder Comp ID,Project label INVENTORY/OFFICE excluded from shared store scope,"eSUN ePETG+HS 3D Printing Filament-1.75mm, Solid Black",R8,
974,C_00923,,ELECTRICALS,Inventory/Office,Verified,40,26.30,0.00,2026-02-25,EXCLUDED PROJECT LABEL,,Project label INVENTORY/OFFICE excluded from shared store scope,AGHGH28K102,R23,Black Box
977,C_00170,,AIRFRAMES,BHUMI,Verified,1,3600.00,18.00,2026-03-09,EXCLUDED PROJECT LABEL,,Project label BHUMI excluded from shared store scope,Canopy - BHUMI,R5,
978,'-,,ACCESSORIES,Inventory/Office,Verified,6,26.37,18.00,2026-03-13,EXCLUDED PROJECT LABEL,Missing or placeholder Comp ID,Project label INVENTORY/OFFICE excluded from shared store scope,Anti-Static Anti-Skid ESD Gloves,R14,
980,'-,,ACCESSORIES,Inventory/Office,Verified,6,199.15,18.00,2026-03-13,EXCLUDED PROJECT LABEL,Missing or placeholder Comp ID,"Original Shipping retained in source metadata, not added to current valuation; Project label INVENTORY/OFFICE excluded from shared store scope",Noel Solder Wire,R14,
981,C_00857,,PAYLOAD,Inventory/Office,Verified,1,0.00,0.00,2026-03-20,EXCLUDED PROJECT LABEL,Comp ID C_00857 refers to conflicting categories or products,Invalid HSN retained in source metadata only; Project label INVENTORY/OFFICE excluded from shared store scope,30cm Nozzle Gun,R41,
982,C_00925,,COMMUNICATION,Astra-x,Verified,3,13034.65,18.00,2026-03-26,EXCLUDED PROJECT LABEL,,"Original Round-off retained in source metadata, not added to current valuation; Project label ASTRA-X excluded from shared store scope",RE14P-SM,R35,A72
984,C_00876,,ELECTRICALS,Astra-x,Verified,6,8900.00,5.00,2026-03-26,EXCLUDED PROJECT LABEL,,Project label ASTRA-X excluded from shared store scope,T-Motor MN6007 II KV320,R17,A0
985,C_00890,,AIRFRAMES,Astra-x,Verified,6,12500.00,5.00,2026-03-26,EXCLUDED PROJECT LABEL,,Project label ASTRA-X excluded from shared store scope,T-motor NS22x6.6 Propellers 1CW 1CCW - 1Pair,Before L1,
986,C_00857,,ELECTRONICS,"TNAU, Coimbatore",Verified,1,26500.00,5.00,2026-03-27,EXCLUDED PROJECT LABEL,Comp ID C_00857 refers to conflicting categories or products,"Project label TNAU, COIMBATORE excluded from shared store scope",Here 4 Multiband RTK GNNS,"R28,R6",A22
997,C_00898,,ELECTRICALS,Inventory/Office,Verified,2,5961.99,18.00,2026-03-31,EXCLUDED PROJECT LABEL,,"Original Shipping retained in source metadata, not added to current valuation; Project label INVENTORY/OFFICE excluded from shared store scope",Pro-Range A Grade INR 21700-P45B 14.8V 9000mAh 10C 4S2P 70A/90A Discharge Li-ion Drone Battery Pack for FPV Drone,R23,
1004,C_00927,,ACCESSORIES,Astra-x,Verified,80,5.00,18.00,2026-04-04,EXCLUDED PROJECT LABEL,,Project label ASTRA-X excluded from shared store scope,SS Compression Spring,R45,astra box
1012,C_00929,,ELECTRONICS,Astra-x,Verified,24,2.66,0.00,2026-04-09,EXCLUDED PROJECT LABEL,,Project label ASTRA-X excluded from shared store scope,22uF 25V Multi Layered Ceramic Capacitor (MLCC) - SMD 0805 - CL21A226MAQNNNE,R31,dj
1014,C_00930,,ELECTRONICS,Astra-x,Verified,8,23.10,0.00,2026-04-09,EXCLUDED PROJECT LABEL,,"Original Shipping retained in source metadata, not added to current valuation; Project label ASTRA-X excluded from shared store scope",RV05-4 ESD Protection Array Diode – SOT-23 6L,R31,dj
1015,C_00941,,ELECTRONICS,Astra-x,Verified,40,0.25,18.00,2026-04-10,EXCLUDED PROJECT LABEL,,Project label ASTRA-X excluded from shared store scope,4.7k Ohm 1/4W 0603 Surface Mount Chip Resistor,R31,dj
1016,C_00939,,ELECTRONICS,Astra-x,Verified,85,0.11,18.00,2026-04-10,EXCLUDED PROJECT LABEL,,Project label ASTRA-X excluded from shared store scope,AC0603FR-0715K8L-YAGEO-Res Thick Film 0603 15.8K Ohm 1% 0.1W(1/10W) ±100ppm/°C Pad SMD T/R Automotive AEC-Q200 Availability: In stock,R31,dj
1017,C_00943,,ELECTRONICS,Astra-x,Verified,31,0.34,18.00,2026-04-10,EXCLUDED PROJECT LABEL,,"Original Shipping retained in source metadata, not added to current valuation; Project label ASTRA-X excluded from shared store scope",AC1206FR-0749R9L-YAGEO-Res Thick Film 1206 49.9 Ohm 1% 0.25W(1/4W) ±100ppm/°C Pad SMD T/R Automotive AEC-Q200,R31,dj
1018,C_00936,,ELECTRONICS,Astra-x,Verified,9,1.32,18.00,2026-04-10,EXCLUDED PROJECT LABEL,,Project label ASTRA-X excluded from shared store scope,"C0603C272K5RACTU-KEMET-SMD Multilayer Ceramic Capacitor, 2700 pF, 50 V, 0603 [1608 Metric], ± 10%, X7R, C Series KEMET",R31,dj
1019,C_00934,,ELECTRONICS,Astra-x,Verified,50,0.48,18.00,2026-04-10,EXCLUDED PROJECT LABEL,,Project label ASTRA-X excluded from shared store scope,CC0603JPX7R9BB104-YAGEO-Cap Ceramic 0.1uF 50V X7R 5% Pad SMD 0603 125°C T/R,R31,dj
1020,C_00935,,ELECTRONICS,Astra-x,Verified,18,0.51,18.00,2026-04-10,EXCLUDED PROJECT LABEL,,Project label ASTRA-X excluded from shared store scope,"CL10A105KB8NNNC-SAMSUNG ELECTRO-MECHANICS-SMD Multilayer Ceramic Capacitor, 1 µF, 50 V, 0603 [1608 Metric], ± 10%, X5R, CL",R31,dj
1021,C_00937,,ELECTRONICS,Astra-x,Verified,30,0.30,18.00,2026-04-10,EXCLUDED PROJECT LABEL,,Project label ASTRA-X excluded from shared store scope,"RC0603JR-07330RL, Yageo, SMD Chip Resistor, 330 ohm, ± 5%, 125 mW, 0603 [1608 Metric], Thick Film, General Purpose",R56,
1022,C_00942,,ELECTRONICS,Astra-x,Verified,50,0.20,18.00,2026-04-10,EXCLUDED PROJECT LABEL,,Project label ASTRA-X excluded from shared store scope,RC0805FR-0775KL-YAGEO-Res Thick Film 0805 75K Ohm 1% 0.125W(1/8W) ±100ppm/°C Pad SMD T/R,R31,dj
1023,C_00962,,ELECTRONICS,Astra-x,Excess in stock,20,1.56,18.00,2026-04-10,EXCLUDED PROJECT LABEL,Physical stock verification requires review: Excess in stock,Project label ASTRA-X excluded from shared store scope,Red Led - SMD (0603 package),R31,dj
1024,C_00940,,ELECTRONICS,Astra-x,Verified,12,1.14,18.00,2026-04-10,EXCLUDED PROJECT LABEL,,Project label ASTRA-X excluded from shared store scope,RT0603BRD07200KL-YAGEO-Res Thin Film 0603 200K Ohm 0.1% 0.1W(1/10W) ±25ppm/°C Pad SMD T/R,R31,dj
1025,C_00938,,ELECTRONICS,Astra-x,Verified,11,1.15,18.00,2026-04-10,EXCLUDED PROJECT LABEL,,Project label ASTRA-X excluded from shared store scope,RT0603BRD0720KL-YAGEO-Res Thin Film 0603 20K Ohm 0.1% 0.1W(1/10W) ±25ppm/°C Pad SMD T/R,R31,dj
1026,C_00963,,ELECTRONICS,Astra-x,Excess in stock,7,2.46,18.00,2026-04-10,EXCLUDED PROJECT LABEL,Physical stock verification requires review: Excess in stock,"Original Shipping retained in source metadata, not added to current valuation; Original Round-off retained in source metadata, not added to current valuation; Project label ASTRA-X excluded from shared store scope",SMAJ26A,R31,dj
1027,C_00955,,ELECTRONICS,Astra-x,Verified,25,3.70,0.00,2026-04-13,EXCLUDED PROJECT LABEL,,"Original Shipping retained in source metadata, not added to current valuation; Project label ASTRA-X excluded from shared store scope",10uF 50V Multi Layered Ceramic Capacitor (MLCC) - X5R - SMD 0805 - Yageo CC0805KKX5R9BB106,R31,dj
1028,C_00959,,ELECTRONICS,Astra-x,Verified,10,143.97,0.00,2026-04-13,EXCLUDED PROJECT LABEL,,Project label ASTRA-X excluded from shared store scope,AP64500SP-13,R31,dj
1031,C_00957,,ELECTRONICS,Astra-x,Verified,10,1.68,0.00,2026-04-13,EXCLUDED PROJECT LABEL,,Project label ASTRA-X excluded from shared store scope,ESD9B5.0ST5G,R31,dj
1034,C_00958,,ELECTRONICS,Astra-x,Verified,10,84.80,0.00,2026-04-13,EXCLUDED PROJECT LABEL,,Project label ASTRA-X excluded from shared store scope,PM5449.332NLT,R31,dj
1035,C_00961,,ELECTRONICS,Astra-x,Verified,10,0.37,0.00,2026-04-13,EXCLUDED PROJECT LABEL,,Project label ASTRA-X excluded from shared store scope,RC0603FR-1024KL,R31,dj
1036,C_00960,,ELECTRONICS,Astra-x,Verified,5,60.57,0.00,2026-04-13,EXCLUDED PROJECT LABEL,,Project label ASTRA-X excluded from shared store scope,TL3302BF180QG/TR,R31,dj
1038,C_00956,,ELECTRICALS,Astra-x,Verified,10,22.03,18.00,2026-04-15,EXCLUDED PROJECT LABEL,,"Original Shipping retained in source metadata, not added to current valuation; Project label ASTRA-X excluded from shared store scope","BM04B-GHS-TBT(LF)(SN)-JST-1x4P 4P GH Tin 4 -25℃~+85℃ 1A 1 1.25mm Phosphor Bronze Standing paste SMD,P=1.25mm Wire To Board Connector ROHS",R31,dj
1039,C_00625,,ELECTRICALS,Astra-x,Verified,4,10000.00,18.00,2026-04-16,EXCLUDED PROJECT LABEL,,Project label ASTRA-X excluded from shared store scope,T-Motor Antigravity MN5008 340KV,R62,
1040,C_00640,,ELECTRICALS,Astra-x,Verified,2,466.00,18.00,2026-04-20,EXCLUDED PROJECT LABEL,,"Original Shipping retained in source metadata, not added to current valuation; Description differs across rows using this Comp ID; Project label ASTRA-X excluded from shared store scope",Quick Attach-Detach Propeller Adapter Q1824,R42,
1042,C_00964,,ACCESSORIES,Astra-x,Verified,1,10170.00,18.00,2026-04-22,EXCLUDED PROJECT LABEL,,"Original Round-off retained in source metadata, not added to current valuation; Project label ASTRA-X excluded from shared store scope",Carry Case Astra-x 770x720x600,,
1043,C_00968,,AIRFRAMES,Astra-x,Verified,4,9500.00,18.00,2026-04-29,EXCLUDED PROJECT LABEL,,Description differs across rows using this Comp ID; Project label ASTRA-X excluded from shared store scope,16mm Folding Arm Mechanism,R42,Brown Box
1044,C_00970,,AIRFRAMES,Astra-x,Verified,8,10500.00,18.00,2026-04-29,EXCLUDED PROJECT LABEL,Comp ID C_00970 refers to conflicting categories or products,Project label ASTRA-X excluded from shared store scope,25mm Folding Arm Mechanism,R42,Brown Box
1047,C_01038,,ACCESSORIES,Inventory/Office,Verified,1,295.00,5.00,2026-05-06,EXCLUDED PROJECT LABEL,,Project label INVENTORY/OFFICE excluded from shared store scope,666 RTV Silicon Sealant,R12,
1048,C_00977,,ELECTRONICS,Astra-x,Verified,1,54000.00,18.00,2026-05-10,EXCLUDED PROJECT LABEL,,Project label ASTRA-X excluded from shared store scope,N200M VIO Navigation Module,R42,Brown Box
1049,C_00968,,AIRFRAMES,Astra-x,Verified,1,10500.00,18.00,2026-05-11,EXCLUDED PROJECT LABEL,,Description differs across rows using this Comp ID; Project label ASTRA-X excluded from shared store scope,25mm Folding Arm Mechanism,R42,Brown Box
1053,C_00971,,ACCESSORIES,Astra-x,Verified,380,118.34,0.00,2026-05-12,EXCLUDED PROJECT LABEL,,Project label ASTRA-X excluded from shared store scope,761-M0614-4-AL,R43,
1054,C_00809,,AIRFRAMES,Astra-x,Verified,2,4600.00,18.00,2026-05-13,EXCLUDED PROJECT LABEL,,Project label ASTRA-X excluded from shared store scope,HAHER20 LG Mount,Assembly Area & R43,
1056,C_00801,,AIRFRAMES,Astra-x,Verified,2,165.60,18.00,2026-05-15,EXCLUDED PROJECT LABEL,,Project label ASTRA-X excluded from shared store scope,"HAHER20-Quad-26"" GPS Enclosure",R56,AMUSE BOX
1057,C_00800,,AIRFRAMES,Astra-x,Verified,1,4402.20,18.00,2026-05-15,EXCLUDED PROJECT LABEL,,Project label ASTRA-X excluded from shared store scope,"HAHER20-Quad-26"" Top Enclosure",R62,AMUSE BOX
1058,C_00972,,AIRFRAMES,Astra-x,Verified,16,115.00,18.00,2026-05-15,EXCLUDED PROJECT LABEL,,Project label ASTRA-X excluded from shared store scope,Landing Gear Cap (26-30),R62,AMUSE BOX
1059,C_00974,,ACCESSORIES,Astra-x,Verified,350,3.80,18.00,2026-05-15,EXCLUDED PROJECT LABEL,,Project label ASTRA-X excluded from shared store scope,M2.5X6mm Brass Inserts 4mm OD,Above L2,Orange Box
1060,C_00975,,ACCESSORIES,Astra-x,Verified,940,3.80,18.00,2026-05-15,EXCLUDED PROJECT LABEL,,Description differs across rows using this Comp ID; Project label ASTRA-X excluded from shared store scope,M3X6mm Brass Inserts 5mm OD,Above L2,Orange Box
1061,C_00973,,AIRFRAMES,Astra-x,Verified,2,4825.40,18.00,2026-05-15,EXCLUDED PROJECT LABEL,,Description differs across rows using this Comp ID; Project label ASTRA-X excluded from shared store scope,Micro-hard Enclosure (26-30),R62,AMUSE BOX
1063,C_00799,,AIRFRAMES,Astra-x,Verified,1,3572.00,18.00,2026-05-16,EXCLUDED PROJECT LABEL,,"Original Shipping retained in source metadata, not added to current valuation; Description differs across rows using this Comp ID; Project label ASTRA-X excluded from shared store scope","HAHER20-Quad-26"" Bottom Enclosure",,
1064,C_00800,,AIRFRAMES,Astra-x,Verified,1,4935.00,18.00,2026-05-16,EXCLUDED PROJECT LABEL,,Project label ASTRA-X excluded from shared store scope,"HAHER20-Quad-26"" Top Enclosure",,
1066,C_00762,,ELECTRONICS,RPF/Inventory,Verified,3,40500.00,18.00,2026-05-18,EXCLUDED PROJECT LABEL,,Project label RPF/INVENTORY excluded from shared store scope,Cube Orange Plus with Mini Carrier Board,R32,
1073,C_00982,,ELECTRONICS,Paint Sprayer,Verified,4,2500.00,18.00,2026-05-22,EXCLUDED PROJECT LABEL,,Project label PAINT SPRAYER excluded from shared store scope,Canhub Module,Brown Box,
1076,C_01015,,COMMUNICATION,Paint Sprayer,Verified,4,24500.00,18.00,2026-05-22,EXCLUDED PROJECT LABEL,,Project label PAINT SPRAYER excluded from shared store scope,R2-T900 Datalink,Brown Box,
1077,C_00984,,ELECTRONICS,Paint Sprayer,Verified,5,19350.00,5.00,2026-05-22,EXCLUDED PROJECT LABEL,,Project label PAINT SPRAYER excluded from shared store scope,R4D-F OA Sensor,Brown Box,
1078,C_00983,,ELECTRONICS,Paint Sprayer,Verified,4,19350.00,5.00,2026-05-22,EXCLUDED PROJECT LABEL,,Project label PAINT SPRAYER excluded from shared store scope,UAVH30-1M Terrain Sensor,Brown Box,
1079,C_00981,,COMMUNICATION,Paint Sprayer,Verified,2,154000.00,18.00,2026-05-22,EXCLUDED PROJECT LABEL,,Project label PAINT SPRAYER excluded from shared store scope,V10-PRO (Controller Module),Brown Box,
1083,C_00622,,ELECTRONICS,Astra-x,Verified,4,6305.00,5.00,2026-05-23,EXCLUDED PROJECT LABEL,,Project label ASTRA-X excluded from shared store scope,T-Motor Alpha 60A ESC 6-12S LiPo 500Hz No BEC,R33,
1085,C_00764,,ELECTRICALS,Astra-x,Verified,2,20661.00,5.00,2026-05-23,EXCLUDED PROJECT LABEL,,Project label ASTRA-X excluded from shared store scope,T-Motor Antigravity MN7005 230KV,R19,
1087,C_01002,,AIRFRAMES,Astra-x,Verified,2,1178.00,18.00,2026-05-25,EXCLUDED PROJECT LABEL,,Project label ASTRA-X excluded from shared store scope,15X13X1000mm CF Tube,White Bin,
1088,C_00770,,AIRFRAMES,Astra-x,Verified,3,1186.00,18.00,2026-05-25,EXCLUDED PROJECT LABEL,,"Original Shipping retained in source metadata, not added to current valuation; Original Round-off retained in source metadata, not added to current valuation; Description differs across rows using this Comp ID; Project label ASTRA-X excluded from shared store scope",16x14x1000mm Carbon Fiber Tube,Assembly area,
1089,C_00791,,ELECTRICALS,Astra-x,Verified,500,,0.00,2026-05-25,EXCLUDED PROJECT LABEL,Unit Price is missing or invalid,Invalid HSN retained in source metadata only; Project label ASTRA-X excluded from shared store scope,5024390600 Connectors,R56,Brown Box
1090,C_00985,,ELECTRICALS,Astra-x,Verified,1.5,172.39,0.00,2026-05-25,EXCLUDED PROJECT LABEL,In Inv must be a positive whole number,"Original Shipping retained in source metadata, not added to current valuation; Invalid HSN retained in source metadata only; Project label ASTRA-X excluded from shared store scope",A06SUR06SUR32W152B,R31,A20
1094,C_00993,,AIRFRAMES,Astra-x,Verified,4,2937.00,18.00,2026-05-27,EXCLUDED PROJECT LABEL,,Project label ASTRA-X excluded from shared store scope,"Motor Arm 26""",R62,
1096,C_00991,,AIRFRAMES,Astra-x,Verified,3,1907.00,18.00,2026-05-27,EXCLUDED PROJECT LABEL,,Project label ASTRA-X excluded from shared store scope,"Bottom Plate 26"" 2mm thk",R62,
1098,C_00992,,AIRFRAMES,Astra-x,Verified,4,2229.00,18.00,2026-05-27,EXCLUDED PROJECT LABEL,,Project label ASTRA-X excluded from shared store scope,"Fixed Arm Part 26""",R62,Brown Box
1101,C_00995,,AIRFRAMES,Astra-x,Verified,12,792.00,18.00,2026-05-27,EXCLUDED PROJECT LABEL,,Project label ASTRA-X excluded from shared store scope,Motor Support Plate MN7005,R62,
1102,C_00996,,AIRFRAMES,Astra-x,Verified,4,799.00,18.00,2026-05-27,EXCLUDED PROJECT LABEL,,Project label ASTRA-X excluded from shared store scope,Motor Support Plate U8 Lite,R62,
1104,C_00997,,AIRFRAMES,Astra-x,Verified,3,1634.00,18.00,2026-05-27,EXCLUDED PROJECT LABEL,,Project label ASTRA-X excluded from shared store scope,"Top Plate 26"" 2mm thk",R62,Brown Box
1105,'-,,ACCESSORIES,Fire Fighting,Verified,2,1000.00,18.00,2026-05-27,EXCLUDED PROJECT LABEL,Missing or placeholder Comp ID,Project label FIRE FIGHTING excluded from shared store scope,Trolley Wheel,R63,
1108,C_00432,,ACCESSORIES,Astra-x,Verified,600,2.02,0.00,2026-05-28,EXCLUDED PROJECT LABEL,,Project label ASTRA-X excluded from shared store scope,M3x10 SS Allen Cap - 304 (Pack of 25),R57,
1111,C_00802,,AIRFRAMES,Astra-x,Verified,6,294.40,18.00,2026-05-28,EXCLUDED PROJECT LABEL,,Project label ASTRA-X excluded from shared store scope,"HAHER20-Quad-26"" LG T Joint",R62,AMUSE BOX
1112,C_00780,,ACCESSORIES,Astra-x,Verified,560,1.15,0.00,2026-05-28,EXCLUDED PROJECT LABEL,,Project label ASTRA-X excluded from shared store scope,M1.6 SS 304 Washer (Pack of 25),R57,
1113,C_00763,,ACCESSORIES,Astra-x,Verified,560,12.34,0.00,2026-05-28,EXCLUDED PROJECT LABEL,,Project label ASTRA-X excluded from shared store scope,M1.6x25 SS Allen Cap - 304 (Pack of 10),R57,
1114,C_00394,,ACCESSORIES,Astra-x,Verified,520,0.75,0.00,2026-05-28,EXCLUDED PROJECT LABEL,,Project label ASTRA-X excluded from shared store scope,M2.5 SS 304 Washer (Pack of 25),R57,
1115,C_00395,,ACCESSORIES,Astra-x,Verified,600,4.71,0.00,2026-05-28,EXCLUDED PROJECT LABEL,,Project label ASTRA-X excluded from shared store scope,M2.5 SS Nylock Nut - 304 (Pack of 25),R57,
1116,C_00407,,ACCESSORIES,Astra-x,Verified,600,1.80,0.00,2026-05-28,EXCLUDED PROJECT LABEL,,Project label ASTRA-X excluded from shared store scope,M2.5x12mm SS Allen Cap - 304 (Pack of 25),R57,
1117,C_00409,,ACCESSORIES,Astra-x,Verified,600,2.92,0.00,2026-05-28,EXCLUDED PROJECT LABEL,,Project label ASTRA-X excluded from shared store scope,M2.5x15mm SS Allen Cap - 304 (Pack of 25),R57,
1118,C_00974,,ACCESSORIES,Inventory/Office,Verified,600,3.80,0.00,2026-05-28,EXCLUDED PROJECT LABEL,,Project label INVENTORY/OFFICE excluded from shared store scope,M2.5X6MM Brass Inserts 4mm OD,Above L2,Orange Box
1119,C_01006,,ACCESSORIES,Inventory/Office,Verified,600,80.00,18.00,2026-05-28,EXCLUDED PROJECT LABEL,Comp ID C_01006 refers to conflicting categories or products,Project label INVENTORY/OFFICE excluded from shared store scope,M2.5X6MM Brass Inserts 5+M1948:N1952mm OD,Above L2,Orange Box
1120,C_00975,,ACCESSORIES,Inventory/Office,Verified,1000,3.80,0.00,2026-05-28,EXCLUDED PROJECT LABEL,,Description differs across rows using this Comp ID; Project label INVENTORY/OFFICE excluded from shared store scope,M2.5X6MM Brass Inserts 5mm OD,Above L2,Orange Box
1121,C_00418,,ACCESSORIES,Astra-x,Verified,560,1.57,0.00,2026-05-28,EXCLUDED PROJECT LABEL,,Project label ASTRA-X excluded from shared store scope,M2.5x8mm SS Allen Cap - 304 (Pack of 25),R57,
1122,C_00430,,ACCESSORIES,Astra-x,Verified,1500,0.80,0.00,2026-05-28,EXCLUDED PROJECT LABEL,,Project label ASTRA-X excluded from shared store scope,M3 SS 304 Washers (Pack of 25),R57,
1123,C_00431,,ACCESSORIES,Astra-x,Verified,1500,2.02,0.00,2026-05-28,EXCLUDED PROJECT LABEL,,Project label ASTRA-X excluded from shared store scope,M3 SS Nylock Nut - 304 (Pack of 25),R57,
1124,C_00433,,ACCESSORIES,Astra-x,Verified,600,2.24,0.00,2026-05-28,EXCLUDED PROJECT LABEL,,Project label ASTRA-X excluded from shared store scope,M3x12 SS Allen Cap - 304 (Pack of 25),R57,
1125,C_00435,,ACCESSORIES,Astra-x,Verified,560,2.69,0.00,2026-05-28,EXCLUDED PROJECT LABEL,,Project label ASTRA-X excluded from shared store scope,M3x15 SS Allen Cap - 304 (Pack of 25),R57,
1126,C_01004,,ACCESSORIES,Astra-x,Verified,590,70.00,0.00,2026-05-28,EXCLUDED PROJECT LABEL,,Project label ASTRA-X excluded from shared store scope,M3X15mm Spacer,R57,
1127,C_00436,,ACCESSORIES,Astra-x,Verified,520,3.14,0.00,2026-05-28,EXCLUDED PROJECT LABEL,,Project label ASTRA-X excluded from shared store scope,M3x20 SS Allen Cap - 304 (Pack of 25),R57,
1128,C_00437,,ACCESSORIES,Astra-x,Verified,365,3.82,0.00,2026-05-28,EXCLUDED PROJECT LABEL,,Project label ASTRA-X excluded from shared store scope,M3x25 SS Allen Cap - 304 (Pack of 25),R57,
1129,C_01005,,ACCESSORIES,Astra-x,Verified,590,75.00,0.00,2026-05-28,EXCLUDED PROJECT LABEL,,Project label ASTRA-X excluded from shared store scope,M3X25mm Spacer,R57,
1130,C_00439,,ACCESSORIES,Astra-x,Verified,600,5.16,0.00,2026-05-28,EXCLUDED PROJECT LABEL,,Project label ASTRA-X excluded from shared store scope,M3x35 SS Allen Cap - 304 (Pack of 25),R57,
1131,C_00760,,ACCESSORIES,Inventory/Office,Verified,600,7.18,0.00,2026-05-28,EXCLUDED PROJECT LABEL,,Project label INVENTORY/OFFICE excluded from shared store scope,M3x40 SS Allen Cap - 304 (Pack of 10),R57,
1132,C_00440,,ACCESSORIES,Inventory/Office,Verified,600,2.02,0.00,2026-05-28,EXCLUDED PROJECT LABEL,,Project label INVENTORY/OFFICE excluded from shared store scope,M3x6 SS Allen Cap - 304 (Pack of 25),R57,
1133,C_00443,,ACCESSORIES,Inventory/Office,Verified,1000,1.80,0.00,2026-05-28,EXCLUDED PROJECT LABEL,,Project label INVENTORY/OFFICE excluded from shared store scope,M3x8 SS Allen Cap - 304 (Pack of 25),R57,
1134,C_00445,,ACCESSORIES,Inventory/Office,Verified,1000,0.90,0.00,2026-05-28,EXCLUDED PROJECT LABEL,,Project label INVENTORY/OFFICE excluded from shared store scope,M4 SS 304 Washers (pack of 10),R57,
1135,C_01003,,ACCESSORIES,Inventory/Office,Verified,1000,6.73,0.00,2026-05-28,EXCLUDED PROJECT LABEL,,Project label INVENTORY/OFFICE excluded from shared store scope,M4x35 - SS Allen Cap Screw,R57,
1136,C_01006,,ACCESSORIES,,Verified,600,80.00,0.00,2026-05-28,EXCLUDED PROJECT LABEL,Comp ID C_01006 refers to conflicting categories or products,Project label (blank) excluded from shared store scope,M3X30mm Spacer,,
1137,C_00973,,AIRFRAMES,Astra-x,Verified,1,1136.20,18.00,2026-05-28,EXCLUDED PROJECT LABEL,,Description differs across rows using this Comp ID; Project label ASTRA-X excluded from shared store scope,Micro-hard Enclosure,,
1138,C_00990,,PAYLOAD,RPF,Verified,2,42800.00,5.00,2026-05-28,EXCLUDED PROJECT LABEL,,Project label RPF excluded from shared store scope,SKYdroid C12,assembly Area,
1140,C_00987,,ELECTRICALS,Astra-x,Verified,50,45.08,18.00,2026-05-30,EXCLUDED PROJECT LABEL,,Project label ASTRA-X excluded from shared store scope,18AWG High Qualitty Ultra Flexible Silicone Wire - Yellow,R24,
1141,C_00314,,ELECTRICALS,Inventory/Office,Verified,30,38.89,18.00,2026-05-30,EXCLUDED PROJECT LABEL,,"Original Shipping retained in source metadata, not added to current valuation; Project label INVENTORY/OFFICE excluded from shared store scope",High Quality Ultra Flexible 16AWG Silicone Wire – Red,R24,
1142,C_00317,,ELECTRICALS,Inventory/Office,Verified,60,16.84,18.00,2026-05-30,EXCLUDED PROJECT LABEL,,Project label INVENTORY/OFFICE excluded from shared store scope,High Quality Ultra Flexible 20AWG Silicone Wire - Black,R24,
1143,C_00318,,ELECTRICALS,Inventory/Office,Verified,60,19.09,18.00,2026-05-30,EXCLUDED PROJECT LABEL,,Project label INVENTORY/OFFICE excluded from shared store scope,High Quality Ultra Flexible 20AWG Silicone Wire - Red,R24,
1144,C_00319,,ELECTRICALS,Inventory/Office,Verified,50,13.56,18.00,2026-05-30,EXCLUDED PROJECT LABEL,,Project label INVENTORY/OFFICE excluded from shared store scope,High Quality Ultra Flexible 22AWG Silicone Wire - Black,R24,
1145,C_00321,,ELECTRICALS,Inventory/Office,Verified,50,13.52,18.00,2026-05-30,EXCLUDED PROJECT LABEL,,Project label INVENTORY/OFFICE excluded from shared store scope,High Quality Ultra Flexible 22AWG Silicone Wire – Red,R24,
1146,C_00322,,ELECTRICALS,Astra-x,Verified,2,9.54,18.00,2026-05-30,EXCLUDED PROJECT LABEL,,Project label ASTRA-X excluded from shared store scope,High Quality Ultra Flexible 24AWG Silicone Wire – Black,R24,
1147,C_00323,,ELECTRICALS,Astra-x,Verified,2,9.54,18.00,2026-05-30,EXCLUDED PROJECT LABEL,,Project label ASTRA-X excluded from shared store scope,High Quality Ultra Flexible 24AWG Silicone Wire – Red,R24,
1148,C_00316,,ELECTRICALS,Astra-x,Verified,30,41.00,18.00,2026-06-02,EXCLUDED PROJECT LABEL,,"Original Shipping retained in source metadata, not added to current valuation; Project label ASTRA-X excluded from shared store scope",High Quality Ultra Flexible 18AWG Silicone Wire - Red,R24,
1154,C_00970,,AIRFRAMES,Astra-x,Verified,2,1200.00,18.00,2026-06-04,EXCLUDED PROJECT LABEL,Comp ID C_00970 refers to conflicting categories or products,Project label ASTRA-X excluded from shared store scope,Left hand Thread Motor Adapter,R42,
1156,C_00969,,AIRFRAMES,Astra-x,Verified,2,1200.00,18.00,2026-06-04,EXCLUDED PROJECT LABEL,,Project label ASTRA-X excluded from shared store scope,Right hand Thread Motor Adapter,R42,
1158,C_00382,,COMMUNICATION,Astra-x,Verified,2,1150.00,18.00,2026-06-05,EXCLUDED PROJECT LABEL,,Project label ASTRA-X excluded from shared store scope,Logitech Gamepad F310,R48,
1162,C_01019,,ACCESSORIES,RPF/Inventory,Verified,450,3.20,18.00,2026-06-09,EXCLUDED PROJECT LABEL,,Project label RPF/INVENTORY excluded from shared store scope,M3 SS Neoprene Washer,R57,Brown Box
1163,C_00832,,ELECTRONICS,RPF,Verified,33,840.00,5.00,2026-06-09,EXCLUDED PROJECT LABEL,,Project label RPF excluded from shared store scope,Oznium Flush Mount LED Bolt - 2231 Red,R56,Brown Box
1164,C_00830,,ELECTRONICS,RPF,Verified,33,840.00,5.00,2026-06-09,EXCLUDED PROJECT LABEL,,Project label RPF excluded from shared store scope,Oznium Flush Mount LED Bolt - 2233 Green,R56,Brown Box
1165,C_00831,,ELECTRONICS,RPF,Verified,33,840.00,5.00,2026-06-09,EXCLUDED PROJECT LABEL,,Project label RPF excluded from shared store scope,Oznium Flush Mount LED Bolt - 2235 Cool White,R56,Brown Box
1166,C_01020,,ELECTRICALS,RPF,Verified,2,9930.00,18.00,2026-06-10,EXCLUDED PROJECT LABEL,,Project label RPF excluded from shared store scope,GenX Pro+ Solid State 22.2V 6S 12500mah 7C Premium Lithium Ion Solid State Rechargeable Battery 350wh/kg,INV ROOM,
1170,C_01024,,AIRFRAMES,RPF,Verified,8,805.50,18.00,2026-06-12,EXCLUDED PROJECT LABEL,,Project label RPF excluded from shared store scope,H12 PRO Enclosure,R62,Brown Box
1174,'-,,ACCESSORIES,Astra-x,Verified,1,0.00,0.00,2026-06-12,EXCLUDED PROJECT LABEL,Missing or placeholder Comp ID,Project label ASTRA-X excluded from shared store scope,TB1521,R14,
1175,C_00493,,ELECTRONICS,RPF/Inventory,Verified,9,58.00,18.00,2026-06-15,EXCLUDED PROJECT LABEL,,"Original Shipping retained in source metadata, not added to current valuation; Project label RPF/INVENTORY excluded from shared store scope",N-Channel MOSFET 47A 55V 3-Pin TO-220AB Infineon,R31,A50
1177,C_00792,,ELECTRICALS,Astra-x,Verified,487,116.62,5.00,2026-06-15,EXCLUDED PROJECT LABEL,,Project label ASTRA-X excluded from shared store scope,24AWG Crimp Cable - 0797581015,R23,Brown Box
1178,C_00916,,ELECTRICALS,Astra-x,Verified,500,15.00,5.00,2026-06-15,EXCLUDED PROJECT LABEL,,Project label ASTRA-X excluded from shared store scope,"AGHGH28K203 - Crimp cable JUMPER SSHL-002T-P0.2 X2 8""",R23,Black Box
1179,C_00956,,ELECTRICALS,Astra-x,Verified,500,2.70,5.00,2026-06-15,EXCLUDED PROJECT LABEL,,Project label ASTRA-X excluded from shared store scope,"BM04B-GHS-TBT(LF)(SN)-JST-1x4P 4P GH Tin 4 -25℃~+85℃ 1A 1 1.25mm Phosphor Bronze Standing paste SMD,P=1.25mm Wire To Board Connector ROHS",R23,
1180,C_00794,,ELECTRICALS,Astra-x,Verified,500,2.20,5.00,2026-06-15,EXCLUDED PROJECT LABEL,,Project label ASTRA-X excluded from shared store scope,GHR-03V-S Connectors,R23,
1181,C_00789,,ELECTRICALS,Astra-x,Verified,480,2.20,5.00,2026-06-15,EXCLUDED PROJECT LABEL,,Project label ASTRA-X excluded from shared store scope,GHR-04V-S Connectors,R23,
1182,C_00836,,ELECTRICALS,Astra-x,Verified,485,2.30,5.00,2026-06-15,EXCLUDED PROJECT LABEL,,Project label ASTRA-X excluded from shared store scope,GHR-05V-S Connector,R23,
1183,C_00280,,ELECTRICALS,Astra-x,Verified,485,2.40,5.00,2026-06-15,EXCLUDED PROJECT LABEL,,Project label ASTRA-X excluded from shared store scope,GHR-06V-S Connectors,R23,
1184,C_00788,,ELECTRICALS,Astra-x,Verified,485,2.80,5.00,2026-06-15,EXCLUDED PROJECT LABEL,,Project label ASTRA-X excluded from shared store scope,GHR-07V-S Connectors,R23,
1185,C_00790,,ELECTRICALS,Astra-x,Verified,500,2.60,5.00,2026-06-15,EXCLUDED PROJECT LABEL,,Project label ASTRA-X excluded from shared store scope,GHR-08V-S Connectors,R23,
1187,C_00366,,ELECTRICALS,Astra-x,Verified,350,15.00,5.00,2026-06-15,EXCLUDED PROJECT LABEL,,Project label ASTRA-X excluded from shared store scope,JST - 15cm Crimp Cable - AGHGH28K152,R23,Black Box
1188,C_00793,,ELECTRICALS,Astra-x,Verified,460,15.00,5.00,2026-06-15,EXCLUDED PROJECT LABEL,,Project label ASTRA-X excluded from shared store scope,JST - 30cm Crimp 28 AWG Cable - AGHGH28K305,R23,Brown Box
1189,C_01025,,ELECTRICALS,Inventory/Office,Verified,100,35.00,18.00,2026-06-15,EXCLUDED PROJECT LABEL,,"Original Shipping retained in source metadata, not added to current valuation; Project label INVENTORY/OFFICE excluded from shared store scope",LP PP LP41232NLH,R42,
1190,C_01029,,ELECTRICALS,Astra-x,Verified,500,58.48,5.00,2026-06-15,EXCLUDED PROJECT LABEL,,Project label ASTRA-X excluded from shared store scope,Male to Female Jumper Wire 20cm PRO34 Blue Crimp Cable,R23,Brown Box
1191,C_01028,,ELECTRICALS,Astra-x,Verified,500,58.48,5.00,2026-06-15,EXCLUDED PROJECT LABEL,,Project label ASTRA-X excluded from shared store scope,Male to Female Jumper Wire 20cm PRO34 Red Crimp Cable,R23,Brown Box
1192,C_01026,,AIRFRAMES,RPF,Verified,1,4750.00,18.00,2026-06-15,EXCLUDED PROJECT LABEL,,Project label RPF excluded from shared store scope,Static Arm Tube_15mm,,
1193,C_01027,,AIRFRAMES,Astra-x,Unlabelled colour,3,7850.00,5.00,2026-06-16,EXCLUDED PROJECT LABEL,Physical stock verification requires review: Unlabelled colour,Project label ASTRA-X excluded from shared store scope,NS18X6 Props 2 Pair,Before L1,
1194,C_00747,,ELECTRICALS,RPF,Unlabelled colour,10,10900.00,5.00,2026-06-16,EXCLUDED PROJECT LABEL,Physical stock verification requires review: Unlabelled colour,Project label RPF excluded from shared store scope,T-Motor Antigravity MN4006 380KV 2Pcs/Set,R61,Brown Box
1196,C_00765,,AIRFRAMES,Astra-x,Verified,4,22560.00,5.00,2026-06-16,EXCLUDED PROJECT LABEL,,Project label ASTRA-X excluded from shared store scope,T-motor NS26x8.5 Propellers 1CW 1CCW - 1Pair,Before L1,
1197,C_00636,,AIRFRAMES,Astra-x,Excess in stock,4,28080.00,5.00,2026-06-16,EXCLUDED PROJECT LABEL,Physical stock verification requires review: Excess in stock,Project label ASTRA-X excluded from shared store scope,T-motor NS30x10 Propellers 1CW 1CCW - 1Pair,Assembly Area,
1200,C_01031,,ELECTRICALS,Astra-x,Verified,60,30.51,18.00,2026-06-18,EXCLUDED PROJECT LABEL,,Project label ASTRA-X excluded from shared store scope,18AWG Silicone Braided Wire Black High Flex Heat Resistant Cable,R24,
1201,C_01030,,ELECTRICALS,RPF/Inventory,Verified,6,81.36,18.00,2026-06-18,EXCLUDED PROJECT LABEL,,Project label RPF/INVENTORY excluded from shared store scope,1-8S LiPo Battery Checker Voltage Tester w/ Low Voltage Alarm,R56,
1203,C_01032,,ACCESSORIES,RPF/Inventory,Verified,1,1093.22,18.00,2026-06-18,EXCLUDED PROJECT LABEL,,Project label RPF/INVENTORY excluded from shared store scope,eSUN ABS+ HS Black - 1.75mm 3D Printing Filament Spool,R8,
1205,C_00344,,ELECTRONICS,RPF,Verified,5,7125.00,5.00,2026-06-18,EXCLUDED PROJECT LABEL,,Project label RPF excluded from shared store scope,Holybro M9N GPS,R34,Green box
1207,C_00118,,ELECTRICALS,RPF/Inventory,Verified,21,84.00,18.00,2026-06-20,EXCLUDED PROJECT LABEL,,"Original Round-off retained in source metadata, not added to current valuation; Project label RPF/INVENTORY excluded from shared store scope",Amass XT90E Male Connectors,R22,
1212,C_01042,,AIRFRAMES,Astra-x,Verified,2,2820.00,18.00,2026-06-20,EXCLUDED PROJECT LABEL,,Project label ASTRA-X excluded from shared store scope,"T-Landing Gear 18""",R62,Brown Box
1213,C_01040,,AIRFRAMES,Astra-x,Verified,12,3180.00,18.00,2026-06-20,EXCLUDED PROJECT LABEL,,Project label ASTRA-X excluded from shared store scope,"T-Landing Gear 26"" & 30""",R62,Brown Box
1215,C_01017,,AIRFRAMES,RPF/Inventory,Verified,19,4865.00,5.00,2026-06-20,EXCLUDED PROJECT LABEL,,Project label RPF/INVENTORY excluded from shared store scope,T-motor NS14X4.8 Propeller,R10,
1216,C_01050,,ACCESSORIES,RPF,Verified,9,48.00,5.00,2026-06-20,EXCLUDED PROJECT LABEL,,Project label RPF excluded from shared store scope,Velcro Hook Part,R12,
1218,C_01018,,ACCESSORIES,RPF,Verified,1,9000.00,18.00,2026-06-22,EXCLUDED PROJECT LABEL,,Project label RPF excluded from shared store scope,Bottom Foam 14 inch,In Inv,
1220,C_00994,,AIRFRAMES,Astra-x,Verified,1,2454.00,18.00,2026-06-22,EXCLUDED PROJECT LABEL,,Project label ASTRA-X excluded from shared store scope,"Motor Arm 30""",R62,
1221,C_01043,,ACCESSORIES,RPF,Verified,2,2300.00,18.00,2026-06-24,EXCLUDED PROJECT LABEL,,Project label RPF excluded from shared store scope,Carry Bag,In Inv,
1222,C_01055,,ACCESSORIES,Inventory/Office,Verified,8,491.53,18.00,2026-06-24,EXCLUDED PROJECT LABEL,,"Original Shipping retained in source metadata, not added to current valuation; Original Round-off retained in source metadata, not added to current valuation; Project label INVENTORY/OFFICE excluded from shared store scope",LK-4WBN-12MM TAPE,L11,
1224,C_01047,,ACCESSORIES,Inventory/Office,Verified,1,1642.00,18.00,2026-06-27,EXCLUDED PROJECT LABEL,,Project label INVENTORY/OFFICE excluded from shared store scope,"3M Scotch-Weld Acrylic Adhesive DP8507NS, Gray, 45 mL Duo-Pak, 1 Each, Delivers Long-Lasting, High-Strength Bonds to Aluminum, Steel, Copper, Brass, and Most Plastics",R13,
1225,C_01045,,ACCESSORIES,Inventory/Office,Verified,1,10315.00,18.00,2026-06-27,EXCLUDED PROJECT LABEL,,Project label INVENTORY/OFFICE excluded from shared store scope,"3M Scotch-Weld EPX Plus II Applicator #01001, 2 Plunger for 48mL & 50mL, 1 Applicator",R13,
1226,C_01046,,ACCESSORIES,Inventory/Office,Verified,9,103.00,18.00,2026-06-27,EXCLUDED PROJECT LABEL,,Project label INVENTORY/OFFICE excluded from shared store scope,"3M(TM) Scotch-Weld(TM) EPX(TM) Mix Nozzles Square Orange, for 45mL 10:1 Duo-Pak Cartridges, Bag of 12",R13,
1227,C_01048,,ELECTRONICS,R&D Warehouse,Verified,19,8.47,18.00,2026-07-02,EXCLUDED PROJECT LABEL,,"Original Round-off retained in source metadata, not added to current valuation; Project label R&D WAREHOUSE excluded from shared store scope",470uF 35V Keltron Electrolytic Capacitor,R31,
1228,C_01053,,COMMUNICATION,Astra - X,Verified,1,57876.12,18.00,2026-07-03,EXCLUDED PROJECT LABEL,,Project label ASTRA - X excluded from shared store scope,CMP-Datalink_V01,R31,
1230,C_00630,,ELECTRONICS,Warehouse,Verified,1,12247.00,5.00,2026-07-06,EXCLUDED PROJECT LABEL,,"Original Round-off retained in source metadata, not added to current valuation; Project label WAREHOUSE excluded from shared store scope",T-Motor F55A Pro III 3-8S 4in1 ESC,R32,
1231,C_00758,,AIRFRAMES,Warehouse,Verified,1,4238.95,5.00,2026-07-07,EXCLUDED PROJECT LABEL,,Project label WAREHOUSE excluded from shared store scope,T-Motor P13x4.4 Prop 1CW 1CCW-1Pair,Before L1,
1232,C_01052,,ELECTRICALS,Inventory/Office,Verified,1,90.00,18.00,2026-07-14,EXCLUDED PROJECT LABEL,,Project label INVENTORY/OFFICE excluded from shared store scope,Female to Female Jumper Wires (20cm) 40pcs,R31,
1233,C_01051,,ELECTRICALS,Inventory/Office,Verified,1,70.00,18.00,2026-07-14,EXCLUDED PROJECT LABEL,,Project label INVENTORY/OFFICE excluded from shared store scope,Male To Female Jumper Wires 40 Pcs 20cm,R31,
1235,C_01054,,ELECTRICALS,Bhumi,Verified,2,12505.50,18.00,2026-07-24,EXCLUDED PROJECT LABEL,,"Original Shipping retained in source metadata, not added to current valuation; Project label BHUMI excluded from shared store scope",EON 6S 22000,,
1236,C_00312,,ELECTRICALS,Astra - X,Verified,30,54.24,18.00,2026-07-31,EXCLUDED PROJECT LABEL,,Project label ASTRA - X excluded from shared store scope,High Quality Ultra Flexible 14AWG Silicone Wire - Black,R24,
1237,C_00311,,ELECTRICALS,Astra - X,Verified,30,43.22,18.00,2026-07-31,EXCLUDED PROJECT LABEL,,Project label ASTRA - X excluded from shared store scope,High Quality Ultra Flexible 14AWG Silicone Wire - Red,R24,
1238,C_00315,,ELECTRICALS,Astra - X,Verified,26,37.29,18.00,2026-07-31,EXCLUDED PROJECT LABEL,,Project label ASTRA - X excluded from shared store scope,High Quality Ultra Flexible 18AWG Silicone Wire - Black,R24,
1239,C_00620,,ELECTRONICS,Astra-x,Verified,12,2760.95,5.00,2026-07-31,EXCLUDED PROJECT LABEL,,"Original Shipping retained in source metadata, not added to current valuation; Project label ASTRA-X excluded from shared store scope",T-Motor Air 40A Esc,R33,
1241,C_00799,,AIRFRAMES,Astra-x,Verified,1,3082.00,18.00,2026-08-03,EXCLUDED PROJECT LABEL,,Description differs across rows using this Comp ID; Project label ASTRA-X excluded from shared store scope,"HAHER20-Quad-26"" Bottom Enclosure(18 INCH)",R62,
1243,C_01022,,AIRFRAMES,RPF,Verified,1,4098.60,18.00,2026-08-03,EXCLUDED PROJECT LABEL,,Project label RPF excluded from shared store scope,Top Enclosure 14 inch,,
1245,C_01059,,AIRFRAMES,CRRI,Verified,3,155.00,18.00,2026-08-05,EXCLUDED PROJECT LABEL,,Project label CRRI excluded from shared store scope,Metallic shaft,R2,
1246,C_01058,,ELECTRICALS,TNUAV,Verified,12,5058.00,18.00,2026-08-06,EXCLUDED PROJECT LABEL,,"Original Round-off retained in source metadata, not added to current valuation; Project label TNUAV excluded from shared store scope",Brusless DC Motor 4006-380kv,R18,
1247,C_01012,,AIRFRAMES,RPF,Verified,4,9500.00,18.00,2026-08-07,EXCLUDED PROJECT LABEL,,Project label RPF excluded from shared store scope,15mm Folding Arm Mechanism,R42,
1254,'-,,ACCESSORIES,Fire Fighting,Verified,2,1000.00,18.00,2026-08-18,EXCLUDED PROJECT LABEL,Missing or placeholder Comp ID,Project label FIRE FIGHTING excluded from shared store scope,Trolley Wheel,R63,
1256,C_00084,,ELECTRICALS,Electrotek-NRSC,Unlabelled colour,2,32850.00,18.00,2026-08-20,EXCLUDED PROJECT LABEL,Physical stock verification requires review: Unlabelled colour,Project label ELECTROTEK-NRSC excluded from shared store scope,6S 30000mAh Solid State Battery,,
1257,C_01056,,AIRFRAMES,Fire Fighting,Verified,1,1200.00,18.00,2026-08-25,EXCLUDED PROJECT LABEL,,Description differs across rows using this Comp ID; Project label FIRE FIGHTING excluded from shared store scope,Laser cutting MS-3mm,,
1258,'-,,AIRFRAMES,Fire Fighting,Verified,1,750.00,18.00,2026-08-25,EXCLUDED PROJECT LABEL,Missing or placeholder Comp ID,Project label FIRE FIGHTING excluded from shared store scope,"Payload stand, Bands Holder Folding",,
1259,C_01056,,AIRFRAMES,Fire Fighting,Verified,1,3500.00,18.00,2026-08-26,EXCLUDED PROJECT LABEL,,Description differs across rows using this Comp ID; Project label FIRE FIGHTING excluded from shared store scope,Laser cutting,,
1260,C_00998,,AIRFRAMES,Astra - X,Verified,1,2560.00,18.00,2026-08-26,EXCLUDED PROJECT LABEL,,Project label ASTRA - X excluded from shared store scope,"Bottom Plate 18"" 2mm thk",R63,
1261,C_00999,,AIRFRAMES,Astra - X,Verified,2,2560.00,18.00,2026-08-26,EXCLUDED PROJECT LABEL,,Project label ASTRA - X excluded from shared store scope,"Fixed Arm Part 18""",R63,
1262,C_01000,,AIRFRAMES,Astra - X,Verified,2,2590.00,18.00,2026-08-26,EXCLUDED PROJECT LABEL,,"Original Shipping retained in source metadata, not added to current valuation; Project label ASTRA - X excluded from shared store scope","Motor Arm 18""",R63,
1263,C_01001,,AIRFRAMES,Astra - X,Verified,1,1540.00,18.00,2026-08-26,EXCLUDED PROJECT LABEL,,Project label ASTRA - X excluded from shared store scope,"Top Plate 18"" 2mm thk",R63,
1264,C_01065,,ACCESSORIES,Inventory/Office,Verified,1,22635.00,18.00,2026-08-28,EXCLUDED PROJECT LABEL,,Project label INVENTORY/OFFICE excluded from shared store scope,3M™ Hook Fastener SJ3572,,
1265,C_01064,,ACCESSORIES,Inventory/Office,Verified,1,24265.00,5.00,2026-08-28,EXCLUDED PROJECT LABEL,,Project label INVENTORY/OFFICE excluded from shared store scope,3M™ Loop Fastener SJ3571,,
1266,C_01061,,ELECTRICALS,Warehouse,Verified,1,76.27,18.00,2026-08-28,EXCLUDED PROJECT LABEL,,Project label WAREHOUSE excluded from shared store scope,Con USB to Casio,,
1269,C_00063,,ELECTRONICS,Frequency Hopping,Verified,3,202.54,18.00,2026-09-01,EXCLUDED PROJECT LABEL,,"Original Shipping retained in source metadata, not added to current valuation; Project label FREQUENCY HOPPING excluded from shared store scope",4S-6S 12V 3A UBEC,R26,
1270,C_01067,,ELECTRICALS,Fire Fighting,Verified,1,1396.61,18.00,2026-09-01,EXCLUDED PROJECT LABEL,,Project label FIRE FIGHTING excluded from shared store scope,"amiciSolar DC-DC 400W 15A Step-Down Buck Converter, 10.5V-60VDC to 0.5V-45V",R26,
1271,C_01068,,ACCESSORIES,Inventory/Office,Verified,200,1.40,18.00,2026-09-07,EXCLUDED PROJECT LABEL,,Project label INVENTORY/OFFICE excluded from shared store scope,"M3 X 8mm Phillips CSK SS 304 Screw (Dia. 3mm, Length 8mm)",,
1272,C_01069,,ACCESSORIES,Inventory/Office,Verified,200,1.20,18.00,2026-09-07,EXCLUDED PROJECT LABEL,,"Original Shipping retained in source metadata, not added to current valuation; Project label INVENTORY/OFFICE excluded from shared store scope","M3 X 6mm Phillips CSK SS 304 Screw (Dia. 3mm, Length 6mm)",,
1273,,,,Fire Fighting,Verified,7,,0.00,2026-09-09,EXCLUDED PROJECT LABEL,Missing or placeholder Comp ID; Category is missing or unsupported; Unit Price is missing or invalid,Project label FIRE FIGHTING excluded from shared store scope,Elastic Band,R13,
1274,C_01070,,ACCESSORIES,Frequency Hopping,Verified,1,2965.21,18.00,2026-09-11,EXCLUDED PROJECT LABEL,,Invalid HSN retained in source metadata only; Project label FREQUENCY HOPPING excluded from shared store scope,"CompuPort - 4 Pins Boot Molex DC GPIO AWG24 Power Cable Shielded and soldered Tips, Compatible with Microhard, Cradlepoint, Teltonika, Sierra Wireless Airlink, Peplink, Perl,e and More Cellular Modems",R24,
1275,C_00924,,ELECTRONICS,Astra-X,Verified,10,10528.64,18.00,2026-09-11,EXCLUDED PROJECT LABEL,,"Original Round-off retained in source metadata, not added to current valuation; Project label ASTRA-X excluded from shared store scope",PCB/PANEL,R21,
1276,C_00764,,ELECTRICALS,Astra-X,Verified,4,15438.00,5.00,2026-09-16,EXCLUDED PROJECT LABEL,,"Original Round-off retained in source metadata, not added to current valuation; Project label ASTRA-X excluded from shared store scope",T-Motor Antigravity MN7005 230KV,R60,
1277,C_00076,,ACCESSORIES,Bhumi,Verified,10,26.00,18.00,2029-09-18,EXCLUDED PROJECT LABEL,Inward Date is in the future,Project label BHUMI excluded from shared store scope,6mm Heat Shrinkable Sleeves Red,,
1278,C_00077,,ACCESSORIES,Bhumi,Verified,1,430.00,18.00,2029-09-18,EXCLUDED PROJECT LABEL,Inward Date is in the future,Project label BHUMI excluded from shared store scope,6mm Spiral Sleeves Black,,
1279,C_00347,,ACCESSORIES,Bhumi,Verified,10,42.00,18.00,2029-09-18,EXCLUDED PROJECT LABEL,Inward Date is in the future,"Original Round-off retained in source metadata, not added to current valuation; Project label BHUMI excluded from shared store scope",Hose Pipe 10mm,R27,
1280,C_01023,,AIRFRAMES,RPF,Verified,1,3082.00,18.00,2026-09-19,EXCLUDED PROJECT LABEL,,Project label RPF excluded from shared store scope,Bottom Enclosure 14 inch,R63,
1281,C_01022,,AIRFRAMES,RPF,Verified,1,4149.20,18.00,2026-09-19,EXCLUDED PROJECT LABEL,,"Original Round-off retained in source metadata, not added to current valuation; Project label RPF excluded from shared store scope",Top Enclosure 14 inch,R63,
1282,C_01071,,AIRFRAMES,Bhumi,Verified,2,37000.00,5.00,2026-09-21,EXCLUDED PROJECT LABEL,,Project label BHUMI excluded from shared store scope,E616P frame without tank,,
1283,C_00341,,ELECTRICALS,Bhumi,Verified,1,11960.00,5.00,2026-09-21,EXCLUDED PROJECT LABEL,,Project label BHUMI excluded from shared store scope,Hobbywing X8 CW Combo,R20,
1284,C_00340,,ELECTRICALS,Bhumi,Verified,1,11960.00,5.00,2026-09-21,EXCLUDED PROJECT LABEL,,Project label BHUMI excluded from shared store scope,Hobbywing X8 CCW Combo,R20,
1285,C_00339,,AIRFRAMES,Bhumi,Verified,3,2212.00,5.00,2026-09-21,EXCLUDED PROJECT LABEL,,Project label BHUMI excluded from shared store scope,Hobbywing X8 3011 Propellers CW,R3,
1286,C_00338,,AIRFRAMES,Bhumi,Verified,3,2212.00,5.00,2026-09-21,EXCLUDED PROJECT LABEL,,"Original Round-off retained in source metadata, not added to current valuation; Project label BHUMI excluded from shared store scope",Hobbywing X8 3011 Propellers CCW,R3,
1291,C_00727,,AIRFRAMES,Astra-x,Verified,2,6900.00,5.00,2026-09-22,EXCLUDED PROJECT LABEL,,Project label ASTRA-X excluded from shared store scope,T-Motor P17x5.8 Prop 1CW 1CCW-1Pair,R3,
1292,C_01072,,COMMUNICATION,Astra-x,Verified,1,9400.00,18.00,2026-09-22,EXCLUDED PROJECT LABEL,,Project label ASTRA-X excluded from shared store scope,Skydroid GR01 Receiver,,
