Excel row,Old Comp ID,Category,In Inv,Unit Price,Inward Date,Project label,Verification,Source result,Issues to fix,Warnings,Description,Rack,Box
4,C_00624,ELECTRICALS,2,17267.20,2020-10-02,INVENTORY,Verified,SOURCE READY (scope undecided),,,T-Motor Antigravity MN1005 V2.0 90KV,R18,A56
5,C_00301,COMMUNICATION,1,75500.00,2022-07-09,INVENTORY,Verified,SOURCE READY (scope undecided),,,Herelink Controller Unit (V1.1),R48,
7,C_00703,ELECTRONICS,1,2677.97,2022-08-08,INVENTORY,Verified,SOURCE READY (scope undecided),,,Waveshare Industrial Grade Isolated RS232 to RS485 Converter (Without Power Adapter),R31,PO-177
8,C_00175,PAYLOAD,8,7183.02,2022-08-25,AGRI R&D,Verified,SOURCE READY (scope undecided),,,Centrifugal Nozzle Spray System for Agriculture Drone,R52,A41
10,C_00296,ELECTRONICS,1,14777.63,2022-08-30,INVENTORY,Verified,SOURCE READY (scope undecided),,,Here 3 GPS,R34,A22
11,NA,AIRFRAMES,1,301025.73,2022-08-30,INVENTORY,Verified,BLOCKED,Missing or placeholder Comp ID,"Original Round-off retained in source metadata, not added to current valuation; Invalid HSN retained in source metadata only",M 1500 Frame+Power System,Inv Room,
12,C_00386,AIRFRAMES,1,18765.24,2022-08-30,INVENTORY,Verified,SOURCE READY (scope undecided),,Invalid HSN retained in source metadata only,M1500 T-Drone Landing gear,R44,A69
13,C_00387,AIRFRAMES,6,46913.10,2022-08-30,INVENTORY,Verified,SOURCE READY (scope undecided),,Invalid HSN retained in source metadata only,M1500 T-Drone Motor arm Motor+ESC+Mount,R44,A69
14,C_00216,ELECTRICALS,2,1186.44,2022-09-02,INVENTORY,Verified,SOURCE READY (scope undecided),,"Original Round-off retained in source metadata, not added to current valuation",ECO II Series 2207 1700KV Brushless Motor,R18,A48
15,C_00233,AIRFRAMES,8,990.00,2022-09-07,AGRI R&D,Verified,SOURCE READY (scope undecided),,,EFT Y Shaped High Pressure Nozzles for Agriculture Drone,R51,A36
16,C_00054,COMMUNICATION,1,7320.00,2022-09-08,INVENTORY,Verified,BLOCKED,"Comp ID C_00054 has differing Category, Description, Component Specification, UOM across positive-stock rows; confirm the correct component ID for each distinct part",Invalid HSN retained in source metadata only,433MHz Telemetry module pair for Pixhawk and APM 100mw 2Km range,R26,A21
17,NA,ELECTRICALS,1,8774.00,2022-09-14,INVENTORY,Verified,BLOCKED,Missing or placeholder Comp ID,Invalid HSN retained in source metadata only,M1500PDB,R21,A9
18,C_00276,AIRFRAMES,2,199.00,2022-11-14,INVENTORY,Excess in stock,BLOCKED,Physical stock verification requires review: Excess in stock,Invalid HSN retained in source metadata only,"Gemfan Hurricane Super Light SL 5125 Tri-Blade 5"" Prop 4 Pack (1.5mm Mounting)",R2,
19,C_00198,ELECTRONICS,1,1099.00,2022-11-15,INVENTORY,Verified,SOURCE READY (scope undecided),,,Cyclone 35A 2-6S Blheli_S DSHOT600 OPTO Brushless ESC for RC Drone FPV Racing,R33,T-24
21,C_00535,AIRFRAMES,2,199.00,2022-11-19,INVENTORY,Verified,BLOCKED,Comp ID C_00535 has differing Component Specification across positive-stock rows; confirm the correct component ID for each distinct part,,Pro-Range Propellers 5042 WinDancer PC 3 Blade Propellers 2CW+2CCW- Clear,R2,
22,C_00535,AIRFRAMES,1,199.00,2022-11-19,INVENTORY,Verified,BLOCKED,Comp ID C_00535 has differing Component Specification across positive-stock rows; confirm the correct component ID for each distinct part,,Pro-Range Propellers 5042 WinDancer PC 3 Blade Propellers 2CW+2CCW- Clear,R2,
23,C_00235,ELECTRICALS,4,1146.17,2022-11-21,INVENTORY,Verified,SOURCE READY (scope undecided),,"Original Round-off retained in source metadata, not added to current valuation",Emax ECOII-2004-2000KV Brushless Motor,R19,A48
25,C_00147,ELECTRONICS,2,2542.37,2022-12-26,INDOOR R&D,Verified,SOURCE READY (scope undecided),,Invalid HSN retained in source metadata only,Benewake TFMini-S Micro LiDAR Distance Sensor for Drones UAV UAS Robots (12m) UART,R28,A26
26,C_00550,ELECTRONICS,1,3058.00,2022-12-26,INDOOR R&D,Verified,SOURCE READY (scope undecided),,,Raspberry Pi 3 Model B+,R26,A58
27,C_00148,PAYLOAD,1,20894.49,2023-01-24,INDOOR R&D,Verified,SOURCE READY (scope undecided),,,BETAFPV SMO 4K CAMERA,L5,C1
29,C_00012,ELECTRONICS,1,309.00,2023-02-01,INVENTORY,Verified,SOURCE READY (scope undecided),,,1575 Mhz GPS Antenna for GPS and GSM module,R34,A22
31,C_00097,ELECTRONICS,1,371.70,2023-02-01,INVENTORY,Verified,SOURCE READY (scope undecided),,,Adafruit Perma-Proto Half-sized Breadboard PCB - Single,R31,
32,C_00122,ELECTRONICS,2,295.00,2023-02-01,INVENTORY,Verified,BLOCKED,Comp ID C_00122 has differing Component Specification across positive-stock rows; confirm the correct component ID for each distinct part,,Arduino Nano v3.0,R26,A58
33,C_00201,ELECTRONICS,1,2699.10,2023-02-01,INVENTORY,Verified,SOURCE READY (scope undecided),,,DC 3-6V Liquid Level Sensor,R28,A85
35,C_00255,PAYLOAD,1,4999.00,2023-02-01,INVENTORY,Verified,SOURCE READY (scope undecided),,,FitSpark Eagle i6 PRO Real 4K WiFi Action Camera 16MP Ultra HD 170° Wide-Angle Lens,L5,C1
36,C_00256,ELECTRONICS,2,8999.10,2023-02-01,INVENTORY,Excess in stock,BLOCKED,Physical stock verification requires review: Excess in stock; Comp ID C_00256 has differing Component Specification across positive-stock rows; confirm the correct component ID for each distinct part,,FLAME 60A 12S V2.0 Multi-Rotor UAVs ESC,R33,A65
37,C_00256,ELECTRONICS,1,9899.00,2023-02-01,INVENTORY,Excess in stock,BLOCKED,Physical stock verification requires review: Excess in stock; Comp ID C_00256 has differing Component Specification across positive-stock rows; confirm the correct component ID for each distinct part,Invalid HSN retained in source metadata only,FLAME 60A 12S V2.0 Multi-Rotor UAVs ESC,R33,A65
38,C_00264,AIRFRAMES,3,28799.10,2023-02-01,INVENTORY,Verified,SOURCE READY (scope undecided),,,Foxtech Diamond 3010 CF Propeller 1CW 1CCW-1pair,Before L1,
39,C_00277,ELECTRONICS,1,3644.00,2023-02-01,INVENTORY,Verified,SOURCE READY (scope undecided),,,"Generic Aluminium 2-axle brushless gimbal camera mount controller plug & play, Multicolour",R21,KM-01
40,C_00288,PAYLOAD,1,142762.73,2023-02-01,INVENTORY,Verified,SOURCE READY (scope undecided),,,Gremsy S1 V3 Gimbal,L2,
41,C_00299,ELECTRONICS,2,1649.50,2023-02-01,INVENTORY,Verified,SOURCE READY (scope undecided),,,Herelink Antenna,R48,
42,C_00300,ELECTRONICS,1,3299.00,2023-02-01,INVENTORY,Verified,SOURCE READY (scope undecided),,,Herelink Antenna (air unit),R48,
43,C_00352,ELECTRICALS,2,2969.10,2023-02-01,INVENTORY,Verified,SOURCE READY (scope undecided),,,HS-75BB Retract Nylon Gear Analog Low Profile Servo,R26,A67
44,C_00365,ACCESSORIES,1,39000.00,2023-02-01,INVENTORY,Verified,SOURCE READY (scope undecided),,,Johnnette Technologies' NPNT U2.0 Module,R31,
45,C_00371,ELECTRICALS,4,5755.50,2023-02-01,INVENTORY,Verified,BLOCKED,Comp ID C_00371 has differing Component Specification across positive-stock rows; confirm the correct component ID for each distinct part,,KDE2315XF-885 Brushless Motor for Electric Multi-Rotor (sUAS) Series,R18,A47
46,C_00371,ELECTRICALS,4,5755.50,2023-02-01,INVENTORY,Verified,BLOCKED,Comp ID C_00371 has differing Component Specification across positive-stock rows; confirm the correct component ID for each distinct part,Invalid HSN retained in source metadata only,KDE2315XF-885 Brushless Motor for Electric Multi-Rotor (sUAS) Series,,
47,C_00371,ELECTRICALS,6,5755.50,2023-02-01,INVENTORY,Verified,BLOCKED,Comp ID C_00371 has differing Component Specification across positive-stock rows; confirm the correct component ID for each distinct part,,KDE2315XF-885 Brushless Motor for Electric Multi-Rotor (sUAS) Series,R18,A47
48,C_00372,ELECTRONICS,6,2265.30,2023-02-01,INVENTORY,Verified,SOURCE READY (scope undecided),,,KDEXF-UAS20LV 20A + Electronic Speed Controller (ESC) for Electric Multi-Rotor (UAS) Series,R33,T-24
49,C_00372,ELECTRONICS,4,2265.30,2023-02-01,INVENTORY,Verified,SOURCE READY (scope undecided),,Invalid HSN retained in source metadata only,KDEXF-UAS20LV 20A + Electronic Speed Controller (ESC) for Electric Multi-Rotor (UAS) Series,Above L1,
50,C_00478,ELECTRONICS,1,1300.00,2023-02-01,INVENTORY,Verified,SOURCE READY (scope undecided),,,Mini OSD FOR APM 2.6/2.8,R31,A50
51,C_00511,AIRFRAMES,1,75.42,2023-02-01,INVENTORY,Verified,SOURCE READY (scope undecided),,,Orange HD Propellers 1045 (10X4.5) ABS 1CW 1CCW-1pair,R4,PR1
53,C_00571,ELECTRONICS,1,8500.00,2023-02-01,INVENTORY,Verified,SOURCE READY (scope undecided),,,Seagull UAV #REC Camera Controller,R26,A8
54,C_00614,ELECTRONICS,2,3481.00,2023-02-01,INVENTORY,Verified,SOURCE READY (scope undecided),,,Storm32 - 3 Axis Brushless Gimbal Controller Board,R26,A58
55,C_00650,AIRFRAMES,1,19710.00,2023-02-01,INVENTORY,Verified,SOURCE READY (scope undecided),,,TAROT FLIR Metal 3 Axis gimbal TL02FLIR,R21,KM-01
56,C_00653,ELECTRONICS,1,1246.00,2023-02-01,INVENTORY,Verified,SOURCE READY (scope undecided),,,TBS M8.2 GPS Glonass Blacksheep,R34,A22
59,C_00623,ELECTRICALS,3,10174.50,2023-02-01,INVENTORY,Verified,SOURCE READY (scope undecided),,,T-Motor Antigravity 4004 300KV,R18,A56
60,C_00631,AIRFRAMES,3,6540.75,2023-02-01,INVENTORY,Excess in stock,BLOCKED,Physical stock verification requires review: Excess in stock,,T-Motor FA15.2x5 Prop - 2PCS/PAIR,R4,PR4
61,C_00633,ELECTRICALS,1,2331.00,2023-02-01,INVENTORY,Verified,SOURCE READY (scope undecided),,,T-Motor GB2208 KV128 Gimbal Motor,R21,KM-01
62,C_00635,ELECTRICALS,2,5571.00,2023-02-01,INVENTORY,Verified,SOURCE READY (scope undecided),,,T-Motor MN3110 Multirotor Fixed Wing UAV Motor KV470,R18,A47
63,C_00638,AIRFRAMES,8,2439.00,2023-02-01,INVENTORY,Verified,BLOCKED,Comp ID C_00638 has differing Component Specification across positive-stock rows; confirm the correct component ID for each distinct part,,T-Motor P11x3.7 Propellers,R4,PR5
64,C_00638,AIRFRAMES,4,2009.06,2023-02-01,INVENTORY,Verified,BLOCKED,Comp ID C_00638 has differing Component Specification across positive-stock rows; confirm the correct component ID for each distinct part,,T-Motor P11x3.7 Propellers,R4,PR5
65,C_00642,ELECTRICALS,1,13050.00,2023-02-01,INVENTORY,Verified,SOURCE READY (scope undecided),,,T-Motor U Power U7 490KV,R18,AD1
67,C_00672,ELECTRICALS,1,82.00,2023-02-01,INVENTORY,Verified,SOURCE READY (scope undecided),,,TowerPro SG90 Continuous Rotation 360 Degree Servo Motor,R26,A67
68,C_00681,ELECTRONICS,1,2189.00,2023-02-01,INVENTORY,Verified,SOURCE READY (scope undecided),,,Ublox NEO M8N GPS For Pixhawk Flight Controller With Compass,R34,A22
69,C_00689,AIRFRAMES,1,7132.50,2023-02-01,INVENTORY,Verified,SOURCE READY (scope undecided),,,Velbon QRA-635LII Quick Release Adapter and Plate - Black,R21,KM-01
71,C_00121,PAYLOAD,1,4259.32,2023-02-04,BHIMA R&D,Verified,SOURCE READY (scope undecided),,,Arducam OV9281 Monochrome Global Shutter Camera Module for Raspberry Pi,L5,C1
72,C_00173,ACCESSORIES,1,12000.00,2023-02-15,BHIMA R&D,Unlabelled colour,BLOCKED,Physical stock verification requires review: Unlabelled colour,,Carrycase ID: 30.75x30.75x29.75'' with wheels,Carrycase Room,
73,C_00501,ELECTRONICS,1,20301.30,2023-02-16,BHIMA R&D,Verified,BLOCKED,Comp ID C_00501 has differing Component Specification across positive-stock rows; confirm the correct component ID for each distinct part,,NRA24 24GHz Alimeter Radar,R28,A4
74,C_00596,ELECTRONICS,1,228925.41,2023-02-27,BHIMA R&D,Verified,SOURCE READY (scope undecided),,,Skycat X85-CF package,R43,Parachute-702
75,C_00129,PAYLOAD,1,249588.50,2023-02-28,Astra-x,Verified,SOURCE READY (scope undecided),,,AT19 Lightweight 19mm 640*512 Thermal Camera with AI Tracking Objects,L4,
78,C_00564,PAYLOAD,2,15715.00,2023-03-25,AHMEDNAGAR NANO,Verified,SOURCE READY (scope undecided),,,RunCam Link Wasp Digital HD FPV Camera System,L5,C1
80,C_00146,ELECTRONICS,2,1364.41,2023-03-31,AHMEDNAGAR NANO,Verified,SOURCE READY (scope undecided),,,Beitian Dual BN-220 GPS GLONASS Antenna Module TTL Level RC Drone,R34,A22
81,C_00640,ELECTRICALS,2,3033.90,2023-03-31,Astra-x,Verified,BLOCKED,"Comp ID C_00640 has differing Description, Component Specification, UOM across positive-stock rows; confirm the correct component ID for each distinct part",,T-Motor Quick Attach-Detach Propeller Adapter Q1824,R32,
82,C_00639,AIRFRAMES,2,22900.00,2023-04-01,INVENTORY,Verified,SOURCE READY (scope undecided),,,T-Motor P30x10 Prop 1CW 1CCW-1Pair,Before L1,
83,C_00343,ELECTRONICS,1,7970.48,2023-06-01,AHMEDNAGAR NANO,Verified,BLOCKED,Comp ID C_00343 has differing Component Specification across positive-stock rows; confirm the correct component ID for each distinct part,,Holybro Kakute H7 V2 Flight Controller,R7,
84,NA,AIRFRAMES,1,1307383.17,2023-06-08,VTOL,Verified,BLOCKED,Missing or placeholder Comp ID,,VTOL,Assembly Area,
85,C_00746,AIRFRAMES,1,3902.00,2023-07-04,R&D,Verified,SOURCE READY (scope undecided),,,Toy Drone - BIR v2,R30,
86,C_00744,AIRFRAMES,1,3902.00,2023-07-04,R&D,Verified,SOURCE READY (scope undecided),,,Toy Drone - Falcon,R30,
87,C_00743,AIRFRAMES,1,3902.00,2023-07-04,R&D,Verified,SOURCE READY (scope undecided),,,Toy Drone - RC Drone,R30,
88,C_00745,AIRFRAMES,1,3902.00,2023-07-04,R&D,Verified,SOURCE READY (scope undecided),,,Toy Drone - SU-35,R30,
90,C_00474,ELECTRICALS,1,6101.69,2023-07-15,CRRI,Verified,SOURCE READY (scope undecided),,,Metal Gear Servo Motor RDS5180 80kg,R26,
91,C_00671,ELECTRICALS,1,84.75,2023-07-15,CRRI,Verified,BLOCKED,Comp ID C_00671 has differing Component Specification across positive-stock rows; confirm the correct component ID for each distinct part,,Towerpro MG996R Digital High Torque Servo Motor,R26,A67
92,C_00680,ELECTRONICS,1,952.38,2023-07-15,CRRI,Verified,SOURCE READY (scope undecided),,,Ubec-8A 6-36V 2-8S Lipo Esc,R26,A17
93,C_00343,ELECTRONICS,1,13333.00,2023-07-27,AHMEDNAGAR NANO,Verified,BLOCKED,Comp ID C_00343 has differing Component Specification across positive-stock rows; confirm the correct component ID for each distinct part,,Holybro Kakute H7 V2 Flight Controller,R32,
94,C_00260,COMMUNICATION,1,4480.95,2023-08-07,CRRI,Verified,SOURCE READY (scope undecided),,,Flysky FS-I6x 2.4gHZ 6CHAFHDS 2A RC Transmitter with FS-iA10B 10CH Receiver,R50,
96,C_00560,AIRFRAMES,1,3499.00,2023-08-11,AHMEDNAGAR NANO,Verified,SOURCE READY (scope undecided),,"Original Shipping retained in source metadata, not added to current valuation",Rekon 4 FR Freestyle Frame Kit 4 Inches Frame,R7,
97,C_00556,ELECTRONICS,1,1638.14,2023-08-25,INVENTORY,Excess in stock,BLOCKED,Physical stock verification requires review: Excess in stock,,Ready to sky BN-880 GPS Module,R34,A22
98,C_00656,ELECTRONICS,1,14665.00,2023-08-25,INVENTORY,Verified,SOURCE READY (scope undecided),,,Tekko32 F4 4in1 50A ESC(AM32),R33,
99,C_00252,ELECTRONICS,1,27235.22,2023-09-02,INVENTORY,Verified,SOURCE READY (scope undecided),,"Original Shipping retained in source metadata, not added to current valuation",Fat Shark Recon FPV HD Goggles fsv1127,R33,
100,C_00270,COMMUNICATION,1,12500.00,2023-09-07,INVENTORY,Verified,SOURCE READY (scope undecided),,,FrSky Taranis X9D Plus 2019 ACCESS 2.4G 24CH Radio Transmitter,R48,
101,C_00269,COMMUNICATION,1,3046.67,2023-09-11,INVENTORY,Verified,SOURCE READY (scope undecided),,,FrSky R9M Transmitter Module,R48,
102,C_00303,ELECTRICALS,4,1691.57,2023-09-21,INVENTORY,Verified,SOURCE READY (scope undecided),,,HGLRC AEOLUS 1202.5 5600/8000/11600KV Brushless Motor,R7,
103,C_00122,ELECTRONICS,2,1525.43,2023-09-28,INVENTORY,Verified,BLOCKED,Comp ID C_00122 has differing Component Specification across positive-stock rows; confirm the correct component ID for each distinct part,,Arduino Nano v3.0,R26,A58
105,C_00646,AIRFRAMES,3,3095.24,2023-10-11,INVENTORY,Verified,SOURCE READY (scope undecided),,"Original Shipping retained in source metadata, not added to current valuation",Tarot 1760 Propellers TL100D10 1CW 1CCW-1Pair,R4,PR1
106,C_00497,PAYLOAD,1,1366799.62,2023-10-16,INVENTORY,Verified,BLOCKED,Comp ID C_00497 has differing Component Specification across positive-stock rows; confirm the correct component ID for each distinct part,"Original Shipping retained in source metadata, not added to current valuation",Nighthawk 2 Next Vision Camera,L2,
107,C_00207,PAYLOAD,3,33655.00,2023-10-20,INVENTORY,Verified,SOURCE READY (scope undecided),,"Original Shipping retained in source metadata, not added to current valuation",Doodle Labs - EK-915 & EK-2450 Evaluation Kits,L4,
108,C_00208,PAYLOAD,3,144000.00,2023-10-20,INVENTORY,Verified,BLOCKED,Comp ID C_00208 has differing Component Specification across positive-stock rows; confirm the correct component ID for each distinct part,"Original Shipping retained in source metadata, not added to current valuation",Doodle Labs - RM-2450 - 12M3 - Radio Unit,L4,
109,C_00699,PAYLOAD,1,11763.56,2023-11-09,,Verified,SOURCE READY (scope undecided),,,Walksnail Avatar HD Pro Kit (Dual Antennas Version) 32G With Gyroflow,L5,C1
110,C_00027,ELECTRONICS,1,3041.53,2023-11-15,INVENTORY,Verified,SOURCE READY (scope undecided),,"Original Shipping retained in source metadata, not added to current valuation","200MM, 7mm/S, 1500N, 12V Linear Actuator",R26,
111,C_00462,ELECTRONICS,2,1196.08,2023-11-15,INVENTORY,Verified,SOURCE READY (scope undecided),,,Matek AP Periph CAN Node CAN-L4-PWM,R26,A8
112,C_00016,ELECTRONICS,1,2500.00,2023-11-20,INVENTORY,Verified,SOURCE READY (scope undecided),,"Original Shipping retained in source metadata, not added to current valuation",1710-2400Mhz Airtel 4G Patch Panel Antenna,R35,
113,C_00380,ELECTRONICS,2,273.73,2023-11-22,INVENTORY,Verified,SOURCE READY (scope undecided),,,LM2577 3A DC-DC Step UP LED Voltmeter 3-34 to 4-35V Adjustable Boost Converter module,R26,A37
114,C_00381,ELECTRONICS,2,117.80,2023-11-22,INVENTORY,Excess in stock,BLOCKED,Physical stock verification requires review: Excess in stock,,LM2596 2A Buck Step-down Power Converter Module DC 4-40 to 1.3-37V LED Voltmeter,R26,A37
115,C_00837,ELECTRONICS,1,2889.84,2023-12-07,Astra-x,Verified,SOURCE READY (scope undecided),,,Oneclap Micro- Wired GPS tracker,R34,A22
116,C_00658,ELECTRONICS,1,27287.29,2023-12-07,Astra-x,Verified,SOURCE READY (scope undecided),,,TF03 IP67 Long Range LiDAR Sensor,R28,A26
117,C_00561,ELECTRONICS,4,190.00,2023-12-21,INVENTORY,Doubt (need to check where it is located),BLOCKED,Physical stock verification requires review: Doubt (need to check where it is located); Comp ID C_00561 has differing UOM across positive-stock rows; confirm the correct component ID for each distinct part,,RF Cables,R28,RF-01
118,C_00590,COMMUNICATION,1,31780.00,2023-12-21,INVENTORY,Verified,SOURCE READY (scope undecided),,"Original Shipping retained in source metadata, not added to current valuation",SIYI HM30 DUAL LONGE RANGE MODULE,R50,
119,C_00561,ELECTRONICS,4,190.00,2023-12-29,INVENTORY,Doubt (need to check where it is located),BLOCKED,Physical stock verification requires review: Doubt (need to check where it is located); Comp ID C_00561 has differing UOM across positive-stock rows; confirm the correct component ID for each distinct part,"Original Shipping retained in source metadata, not added to current valuation",RF Cables,R28,RF-01
120,C_00002,ELECTRICALS,2,93.22,2024-01-02,VYOMA(TA),Verified,BLOCKED,"Comp ID C_00002 has differing Category, Component Specification across positive-stock rows; confirm the correct component ID for each distinct part",,100A Multirotor ESC Power Distribution Battery Board (PBD),R21,A9
121,C_00207,PAYLOAD,2,34847.00,2024-01-02,VYOMA,Verified,SOURCE READY (scope undecided),,"Nonstandard GST rate; review source; Original Shipping retained in source metadata, not added to current valuation",Doodle Labs - EK-915 & EK-2450 Evaluation Kits,L4,
122,C_00207,PAYLOAD,1,34847.00,2024-01-02,VYOMA,Verified,SOURCE READY (scope undecided),,,Doodle Labs - EK-915 & EK-2450 Evaluation Kits,L4,
124,C_00684,ELECTRICALS,2,2010.17,2024-01-02,VYOMA(TA),Verified,BLOCKED,Comp ID C_00684 has differing Component Specification across positive-stock rows; confirm the correct component ID for each distinct part,,Ultra Torque Quarter Scale 60kgcm Metal Gear Servo Motor,R26,A18
127,C_00206,AIRFRAMES,1,216.51,2024-01-03,VYOMA(TA),Verified,SOURCE READY (scope undecided),,,Doodle Lab Housing Top,R9,A73
128,C_00208,PAYLOAD,2,135812.00,2024-01-03,VYOMA,Verified,BLOCKED,Comp ID C_00208 has differing Component Specification across positive-stock rows; confirm the correct component ID for each distinct part,,Doodle Labs - RM-2450 - 12M3 - Radio Unit,L4,
129,C_00208,PAYLOAD,1,135812.00,2024-01-03,VYOMA,Verified,BLOCKED,Comp ID C_00208 has differing Component Specification across positive-stock rows; confirm the correct component ID for each distinct part,,Doodle Labs - RM-2450 - 12M3 - Radio Unit,L4,
135,C_00471,ACCESSORIES,1,40000.00,2024-01-09,VYOMA,Verified,SOURCE READY (scope undecided),,,MAX615TR-PP Carrycase with XLPE Foam Accessories,Inv Room,
137,NA,ACCESSORIES,1,3219.49,2024-01-12,VYOMA,Verified,BLOCKED,Missing or placeholder Comp ID,,Cable creation USB Type C cable,R25,
139,NA,AIRFRAMES,1,94.60,2024-01-17,VYOMA,Verified,BLOCKED,Missing or placeholder Comp ID,,GPS enclosure,R58,
140,C_00515,AIRFRAMES,1,5233.10,2024-01-17,VYOMA,Verified,SOURCE READY (scope undecided),,,Patch Antenna mount,R58,
141,NA,AIRFRAMES,1,5160.00,2024-01-17,VYOMA,Verified,BLOCKED,Missing or placeholder Comp ID,,Tripod mounting plate,R9,A73
143,C_00563,ELECTRICALS,2,2795.76,2024-01-19,VYOMA,Verified,BLOCKED,Comp ID C_00563 has differing Component Specification across positive-stock rows; confirm the correct component ID for each distinct part,"Original Shipping retained in source metadata, not added to current valuation",Robot Servo 60kg RDS5160 Metal Gear Digital servo Motor 180 Degree,R26,A18
144,C_00080,ELECTRICALS,2,22500.00,2024-01-20,BHIMA,Doubt (need to check where it is located),BLOCKED,Physical stock verification requires review: Doubt (need to check where it is located),"Nonstandard GST rate; review source; Original Shipping retained in source metadata, not added to current valuation",6S 21000mAh Li-Ion Battery,Charging Room,
145,C_00472,ACCESSORIES,1,18200.00,2024-01-22,VYOMA,Verified,SOURCE READY (scope undecided),,,MAX620H340TR-Pelican Carrycase,Carrycase Room,
146,C_00533,ELECTRONICS,1,2149.00,2024-01-22,VYOMA,Verified,SOURCE READY (scope undecided),,"Original Shipping retained in source metadata, not added to current valuation",Polulu 1350/1352/1354/1356 Mini/Micro Maestro 6/12/18/24 Channel USB servo,R26,A8
147,C_00022,ELECTRONICS,1,14364.39,2024-01-30,VYOMA,Verified,SOURCE READY (scope undecided),,,2.4Ghz 11 dBi Dual Polarization Diversity/MIMO/802.11n Antenna-3ft RP-SMA,R35,
148,C_00497,PAYLOAD,1,1335079.58,2024-02-17,VYOMA,Verified,BLOCKED,Comp ID C_00497 has differing Component Specification across positive-stock rows; confirm the correct component ID for each distinct part,"Original Shipping retained in source metadata, not added to current valuation",Nighthawk 2 Next Vision Camera,L2,
149,C_00678,PAYLOAD,1,220664.46,2024-02-17,VYOMA,Verified,SOURCE READY (scope undecided),,"Original Shipping retained in source metadata, not added to current valuation",TRIP 5 for Night Hawk 2,L2,
150,C_00589,ELECTRONICS,1,45238.10,2024-02-19,TAWANG,Verified,SOURCE READY (scope undecided),,"Nonstandard GST rate; review source; Original Shipping retained in source metadata, not added to current valuation",SIYI AI Tracking module,L1,
151,C_00591,ELECTRONICS,1,1798.10,2024-02-19,TAWANG,Verified,SOURCE READY (scope undecided),,,SIYI MK15 Camera Hub,L4,
153,C_00561,ELECTRONICS,4,215.00,2024-03-04,VYOMA,Doubt (need to check where it is located),BLOCKED,Physical stock verification requires review: Doubt (need to check where it is located); Comp ID C_00561 has differing UOM across positive-stock rows; confirm the correct component ID for each distinct part,"Original Shipping retained in source metadata, not added to current valuation",RF Cables,R28,RF-01
154,C_00648,ELECTRICALS,7,3800.00,2024-03-04,INVENTORY,Verified,SOURCE READY (scope undecided),,,Tarot 4008 TL2955 330KV,R18,A49
155,C_00558,ELECTRONICS,2,557.96,2024-03-05,INVENTORY,Verified,SOURCE READY (scope undecided),,"Original Shipping retained in source metadata, not added to current valuation",ReadytoSky 30A 2-6S ESC Banana connector,R33,A65
156,C_00616,AIRFRAMES,17,264.38,2024-03-05,INVENTORY,Verified,SOURCE READY (scope undecided),,"Original Shipping retained in source metadata, not added to current valuation",Sunny Sky 1038 Propellers CW & CCW Rotation Pair,S,PR3
157,C_00617,ELECTRICALS,2,2852.71,2024-03-05,INVENTORY,Verified,SOURCE READY (scope undecided),,"Original Shipping retained in source metadata, not added to current valuation",Sunny Sky X3108S KV900 Brushless Motors,R18,A45
159,C_00034,AIRFRAMES,30,1530.00,2024-04-01,INVENTORY,Verified,SOURCE READY (scope undecided),,,2388 propellers 1CW 1CCW-1Pair,R4,PR2
160,C_00223,AIRFRAMES,4,2350.00,2024-04-26,AGRI R&D,Doubt (need to check where it is located),BLOCKED,Physical stock verification requires review: Doubt (need to check where it is located),,EFT Carbon Fiber Folding Arm Dia 40x37x380mm,R10,B7
161,C_00223,AIRFRAMES,6,2350.00,2024-04-26,AGRI R&D,Doubt (need to check where it is located),BLOCKED,Physical stock verification requires review: Doubt (need to check where it is located),,EFT Carbon Fiber Folding Arm Dia 40x37x380mm,R10,B7
164,C_00218,PAYLOAD,1,6860.00,2024-04-26,AGRI R&D,Excess in stock,BLOCKED,Physical stock verification requires review: Excess in stock,,EFT 10L Sprayer tank,Assembly Area,
165,C_00221,AIRFRAMES,5,2690.00,2024-04-26,AGRI R&D,Verified,SOURCE READY (scope undecided),,,EFT Aluminum Main Arm Dia 40x37x315mm with Arm Folding Parts Dia40,R10,B7
166,C_00221,AIRFRAMES,6,2690.00,2024-04-26,AGRI R&D,Verified,SOURCE READY (scope undecided),,,EFT Aluminum Main Arm Dia 40x37x315mm with Arm Folding Parts Dia40,R10,B7
167,C_00222,AIRFRAMES,5,500.00,2024-04-26,AGRI R&D,Verified,SOURCE READY (scope undecided),,,EFT Arm Locking Cap Dia 35mm,R10,B7
168,C_00232,ELECTRICALS,1,3000.00,2024-04-26,AGRI R&D,Verified,SOURCE READY (scope undecided),,,EFT PDB,R20,blue bin
174,C_00224,AIRFRAMES,4,925.00,2024-04-26,AGRI R&D,Verified,SOURCE READY (scope undecided),,,EFT Dia 20x420mm Vertical Landing Gear Kit,R10,B7
175,NA,AIRFRAMES,2,360.00,2024-04-30,AGRI R&D,Doubt (need to check where it is located),BLOCKED,Physical stock verification requires review: Doubt (need to check where it is located); Missing or placeholder Comp ID,,Camera mount for E610P frame,EFT Spares,
176,NA,ELECTRICALS,2,217.00,2024-05-04,Astra-x,Verified,BLOCKED,Missing or placeholder Comp ID,"Original Shipping retained in source metadata, not added to current valuation",3.5mm Male Female Banana Plug Bullet Connector (Pack of 10),,
177,C_00501,ELECTRONICS,1,22415.25,2024-05-06,AGRI R&D,Verified,BLOCKED,Comp ID C_00501 has differing Component Specification across positive-stock rows; confirm the correct component ID for each distinct part,"Original Shipping retained in source metadata, not added to current valuation",NRA24 24GHz Alimeter Radar,R28,A4
178,C_00200,ELECTRONICS,1,38000.00,2024-05-31,AGRI R&D,Verified,SOURCE READY (scope undecided),,,Data Acquistion system,L1,A57
180,C_00267,ELECTRONICS,1,1100.85,2024-06-05,AGRI R&D,Verified,SOURCE READY (scope undecided),,,FrSky 900MHz Super 8 Antenna for R9M and R9M Lite Module,R26,A8
181,NA,ELECTRICALS,4,57.37,2024-06-24,AGRI-TC,Verified,BLOCKED,Missing or placeholder Comp ID,"Original Shipping retained in source metadata, not added to current valuation",Amass XT150 Gold Plated Female Connector,R22,
182,NA,ELECTRICALS,4,57.37,2024-06-24,AGRI-TC,Verified,BLOCKED,Missing or placeholder Comp ID,"Original Shipping retained in source metadata, not added to current valuation",Amass XT150 Gold Plated Male Connector,R22,A64
183,NA,ELECTRICALS,2,111.10,2024-06-24,AGRI R&D,Verified,BLOCKED,Missing or placeholder Comp ID,"Original Shipping retained in source metadata, not added to current valuation",Amass XT150 Gold Plated Male Connector,R22,A64
188,NA,AIRFRAMES,1,17650.00,2024-07-10,CRRI,Verified,BLOCKED,Missing or placeholder Comp ID,"Original Shipping retained in source metadata, not added to current valuation",SS Ball & SS Rod,R44,CRRI Spares
189,NA,AIRFRAMES,1,42855.00,2024-07-23,P0006,Verified,BLOCKED,Missing or placeholder Comp ID,,E616P frame without tank,,
190,C_00054,AIRFRAMES,1,5761.87,2024-07-26,NRSC,Verified,BLOCKED,"Comp ID C_00054 has differing Category, Description, Component Specification, UOM across positive-stock rows; confirm the correct component ID for each distinct part",,3DR 100mW Radio Telemetry 433MHZ For APM PX4 Pixhawk,R26,A21
191,C_00099,ELECTRONICS,1,74000.00,2024-08-05,P0006,Verified,SOURCE READY (scope undecided),,,AI Computational Board,L1,A57
192,C_00267,ELECTRONICS,1,3025.42,2024-08-09,NANO-IA,Verified,SOURCE READY (scope undecided),,,FrSky 900MHz Super 8 Antenna for R9M and R9M Lite Module,R26,A8
193,C_00160,ELECTRONICS,1,9487.81,2024-08-17,P0006,Verified,SOURCE READY (scope undecided),,,Bus Bar,R31,Brown box
194,C_00684,ELECTRICALS,2,1471.19,2024-08-19,P0006,Verified,BLOCKED,Comp ID C_00684 has differing Component Specification across positive-stock rows; confirm the correct component ID for each distinct part,"Original Shipping retained in source metadata, not added to current valuation",Ultra Torque Quarter Scale 60kgcm Metal Gear Servo Motor,R26,A18
195,C_00340,ELECTRICALS,1,12100.00,2024-08-20,P0006,Verified,BLOCKED,Comp ID C_00340 has differing Component Specification across positive-stock rows; confirm the correct component ID for each distinct part,,Hobbywing X8 CCW Combo,R19,V1
196,C_00341,ELECTRICALS,1,12100.00,2024-08-20,P0006,Verified,BLOCKED,Comp ID C_00341 has differing Component Specification across positive-stock rows; confirm the correct component ID for each distinct part,,Hobbywing X8 CW Combo,R19,V1
197,C_00671,ELECTRICALS,1,237.29,2024-08-21,P0006,Verified,BLOCKED,Comp ID C_00671 has differing Component Specification across positive-stock rows; confirm the correct component ID for each distinct part,"Original Shipping retained in source metadata, not added to current valuation",Towerpro MG996R Digital High Torque Servo Motor,R26,A67
199,C_00463,ELECTRONICS,2,8399.00,2024-08-23,P0004,Verified,SOURCE READY (scope undecided),,,Matek GNSS M10-L4-3100 DroneCAN,R34,A22
200,C_00464,ELECTRONICS,1,541.50,2024-08-23,P0004,Excess in stock,BLOCKED,Physical stock verification requires review: Excess in stock; Comp ID C_00464 has differing Component Specification across positive-stock rows; confirm the correct component ID for each distinct part,,Matek MICRO BEC 5V/12V-ADJ,R26,A17
202,C_00388,ELECTRICALS,1,6696.51,2024-08-26,P0006,Verified,SOURCE READY (scope undecided),,,M1500 T-Drone PDB,R22,A52
203,C_00627,ELECTRICALS,4,19085.05,2024-08-26,P0006,Verified,SOURCE READY (scope undecided),,,T-Motor Antigravity MN8017 120KV,R18,A56
204,C_00636,AIRFRAMES,1,22433.30,2024-08-26,P0006,Excess in stock,BLOCKED,Physical stock verification requires review: Excess in stock; Comp ID C_00636 has differing Component Specification across positive-stock rows; confirm the correct component ID for each distinct part,,T-motor NS30x10 Propellers 1CW 1CCW - 1Pair,Assembly Area,
206,C_00671,ELECTRICALS,1,237.29,2024-08-30,P0004,Verified,BLOCKED,Comp ID C_00671 has differing Component Specification across positive-stock rows; confirm the correct component ID for each distinct part,"Original Shipping retained in source metadata, not added to current valuation",Towerpro MG996R Digital High Torque Servo Motor,R26,A67
207,C_00295,ELECTRONICS,2,787.10,2024-08-31,P0004,Excess in stock,BLOCKED,Physical stock verification requires review: Excess in stock,"Original Shipping retained in source metadata, not added to current valuation",HENGE 8A UBEC,R26,A17
208,C_00671,ELECTRICALS,3,237.29,2024-08-31,P0004,Verified,BLOCKED,Comp ID C_00671 has differing Component Specification across positive-stock rows; confirm the correct component ID for each distinct part,"Original Shipping retained in source metadata, not added to current valuation",Towerpro MG996R Digital High Torque Servo Motor,R26,A67
209,C_00684,ELECTRICALS,2,1483.05,2024-08-31,P0004,Verified,BLOCKED,Comp ID C_00684 has differing Component Specification across positive-stock rows; confirm the correct component ID for each distinct part,"Original Shipping retained in source metadata, not added to current valuation",Ultra Torque Quarter Scale 60kgcm Metal Gear Servo Motor,R26,
210,C_00769,AIRFRAMES,1,5145.00,2024-09-01,P0004,Verified,SOURCE READY (scope undecided),,"Original Shipping retained in source metadata, not added to current valuation; Invalid HSN retained in source metadata only",CF Sheet 300mmx300mmx2mm,,
211,C_00549,COMMUNICATION,1,17190.48,2024-09-03,P0004,Verified,SOURCE READY (scope undecided),,"Original Shipping retained in source metadata, not added to current valuation",Radiomaster TX16S MKII Hall v4.0 ELRS Radio with RP1 ExpressLRS 2.4Ghz Nano receiver,R48,
213,C_00566,ELECTRICALS,7,46.40,2024-09-17,Inventory Drones,Excess in stock,BLOCKED,Physical stock verification requires review: Excess in stock,"Original Shipping retained in source metadata, not added to current valuation",SafeConnect Flat 30CM 22AWG Servo Lead Extension (Futaba) Cable,R21,A35
215,C_00671,ELECTRICALS,2,237.29,2024-09-17,Inventory Drones,Verified,BLOCKED,Comp ID C_00671 has differing Component Specification across positive-stock rows; confirm the correct component ID for each distinct part,"Original Shipping retained in source metadata, not added to current valuation; Invalid HSN retained in source metadata only",Towerpro MG996R Digital High Torque Servo Motor,R26,A67
216,C_00684,ELECTRICALS,2,1483.05,2024-09-17,Inventory Drones,Verified,BLOCKED,Comp ID C_00684 has differing Component Specification across positive-stock rows; confirm the correct component ID for each distinct part,"Original Shipping retained in source metadata, not added to current valuation",Ultra Torque Quarter Scale 60kgcm Metal Gear Servo Motor,R26,A18
217,C_00688,ELECTRONICS,2,1126.74,2024-09-17,Inventory Drones,Verified,SOURCE READY (scope undecided),,"Original Shipping retained in source metadata, not added to current valuation",Vector BEC VOLTROX 12V 1.5A (6S -12S),R26,A17
220,C_00707,ELECTRONICS,4,671.78,2024-09-19,Inventory Drones,Verified,BLOCKED,Comp ID C_00707 has differing Component Specification across positive-stock rows; confirm the correct component ID for each distinct part,Invalid HSN retained in source metadata only,YRRC 2-13S 5V 5A BEC,R26,A17
221,C_00588,PAYLOAD,1,19900.00,2024-09-20,Inventory Drones,Verified,SOURCE READY (scope undecided),,,SIYI A8 mini 4K 8MP Ultra HD 6X Digital Zoom Gimbal Camera,L1,
223,C_00541,ELECTRONICS,1,114250.00,2024-09-24,Inventory Drones,Verified,SOURCE READY (scope undecided),,Invalid HSN retained in source metadata only,Proximity Sensor,L1,
224,C_00541,ELECTRONICS,1,114250.00,2024-09-24,Inventory Drones,Verified,SOURCE READY (scope undecided),,,Proximity Sensor,L1,
225,C_00096,ELECTRONICS,2,872.99,2024-09-25,Inventory Drones,Verified,SOURCE READY (scope undecided),,"Original Shipping retained in source metadata, not added to current valuation",Adafruit Accessories Electric Heating Pad 14cmx5cm,R16,
226,C_00464,ELECTRONICS,3,541.50,2024-09-25,Inventory Drones,Excess in stock,BLOCKED,Physical stock verification requires review: Excess in stock; Comp ID C_00464 has differing Component Specification across positive-stock rows; confirm the correct component ID for each distinct part,"Original Shipping retained in source metadata, not added to current valuation",Matek MICRO BEC 5V/12V-ADJ,R26,A17
229,C_00466,ELECTRONICS,2,4420.00,2024-09-30,Inventory Drones,Verified,SOURCE READY (scope undecided),,Invalid HSN retained in source metadata only,Mauch 003 PL 200A Sensor Board 10 AWG,R28,A19
230,C_00467,ELECTRONICS,2,24700.00,2024-09-30,Inventory Drones,Verified,SOURCE READY (scope undecided),,Invalid HSN retained in source metadata only,Mauch 053 Power cube 3 V3,R28,A19
231,C_00626,ELECTRICALS,1,7485.00,2024-09-30,Astra-x,Verified,SOURCE READY (scope undecided),,,T-Motor Antigravity MN5008 400KV,R18,A56
234,C_00563,ELECTRICALS,1,3299.00,2024-10-14,CRRI,Verified,BLOCKED,Comp ID C_00563 has differing Component Specification across positive-stock rows; confirm the correct component ID for each distinct part,"Original Shipping retained in source metadata, not added to current valuation",Robot Servo 60kg RDS5160 Metal Gear Digital servo Motor 180 Degree,R26,A18
235,C_00841,AIRFRAMES,4,950.00,2024-10-22,CRRI,Verified,SOURCE READY (scope undecided),,,CRRI - 14mm Ball Pin,R44,CRRI Spares
236,C_00840,AIRFRAMES,4,950.00,2024-10-22,CRRI,Verified,SOURCE READY (scope undecided),,,CRRI - 8mm Ball Pin,R44,CRRI Spares
237,C_00647,AIRFRAMES,1,5200.00,2024-10-26,AVD,Verified,SOURCE READY (scope undecided),,,Tarot 1765 CF Propellers 1CW 1CCW-1Pair,R4,PR1
242,C_00460,ELECTRONICS,9,11.86,2024-12-04,BHUMI,Verified,BLOCKED,"Comp ID C_00460 has differing Category, Component Specification across positive-stock rows; confirm the correct component ID for each distinct part","Original Shipping retained in source metadata, not added to current valuation; Invalid HSN retained in source metadata only",Male Dupont Terminal Reed Connector 2.54mm 5 Pins,R17,Black Box
245,C_00674,AIRFRAMES,1,2736.44,2024-12-14,DRONE KIT,Verified,SOURCE READY (scope undecided),,,Toy Drone - DM002 DIY,R30,
246,C_00673,AIRFRAMES,1,4999.00,2024-12-23,DRONE KIT,Verified,SOURCE READY (scope undecided),,,Toy Drone - Aasma BYOD,R30,
247,C_00675,AIRFRAMES,1,5931.36,2024-12-24,DRONE KIT,Verified,SOURCE READY (scope undecided),,,Toy Drone - Pluto 1.2 Kit,R30,
248,C_00676,AIRFRAMES,1,11609.32,2024-12-24,DRONE KIT,Verified,SOURCE READY (scope undecided),,,Toy Drone - Pluto X,R30,
250,C_00878,ELECTRONICS,6,173.73,2025-01-02,Astra-x,Verified,SOURCE READY (scope undecided),,"Original Shipping retained in source metadata, not added to current valuation",SMA Male to SMA Female Adapter,R22,
253,C_00370,ACCESSORIES,48,6.12,2025-01-18,NANO DRONE KIT,Verified,SOURCE READY (scope undecided),,,JST GH Female Crimp Terminal 26AWG SSHL-002T-P0.2,R17,Black Box
254,C_00014,ELECTRONICS,2,203.39,2025-01-22,NANO DRONE KIT,Verified,SOURCE READY (scope undecided),,"Original Shipping retained in source metadata, not added to current valuation",15x20 cm Universal PCB Prototype Board Double-Sided,R45,D2
257,C_00087,ELECTRICALS,2,195.24,2025-01-22,NANO DRONE KIT,Verified,SOURCE READY (scope undecided),,"Original Shipping retained in source metadata, not added to current valuation",720 Magnetic Micro Coreless Motor for Micro Quadcopters  2CW & 2CCW,R17,Black Box
259,C_00149,ELECTRONICS,2,21.19,2025-01-22,NANO DRONE KIT,Verified,SOURCE READY (scope undecided),,"Original Shipping retained in source metadata, not added to current valuation",BMP Barometric Pressure and Altitude Sensor I2C/SPI Module,R45,D2
260,C_00150,ELECTRICALS,2,500.00,2025-01-22,NANO DRONE KIT,Verified,SOURCE READY (scope undecided),,"Original Shipping retained in source metadata, not added to current valuation",Bonka 3.7V 1000mAh 25C 1S Lithium Polymer Battery,R23,Battery 07
261,C_00244,ELECTRONICS,2,283.90,2025-01-22,NANO DRONE KIT,Verified,SOURCE READY (scope undecided),,"Original Shipping retained in source metadata, not added to current valuation",ESP WROOM 32 MCU Module Version 1.1,R45,D2
262,C_00245,ELECTRONICS,1,78.82,2025-01-22,NANO DRONE KIT,Verified,SOURCE READY (scope undecided),,"Original Shipping retained in source metadata, not added to current valuation",ESP-12F ESP8266 Wifi Wireless IoT Board Module,R45,D2
263,C_00290,ELECTRONICS,2,109.32,2025-01-22,NANO DRONE KIT,Verified,SOURCE READY (scope undecided),,"Original Shipping retained in source metadata, not added to current valuation",GY-271 HMC5883 3-axis Electronic Compass Module Magnetic Field Sensor,R45,D2
264,C_00291,ELECTRONICS,2,354.24,2025-01-22,NANO DRONE KIT,Verified,SOURCE READY (scope undecided),,"Original Shipping retained in source metadata, not added to current valuation",GY-63 MS5611-01BA03 High Precision Pressure Sensor Height Sensor Module,R45,D2
270,C_00473,ELECTRONICS,2,237.29,2025-01-22,NANO DRONE KIT,Verified,SOURCE READY (scope undecided),,"Original Shipping retained in source metadata, not added to current valuation",MB102 830 Point Breadboard+ Power Supply+ 140 Jump Wires Kit,R31,A32
271,C_00654,ELECTRONICS,1,1737.29,2025-01-22,NANO DRONE KIT,Verified,SOURCE READY (scope undecided),,"Original Shipping retained in source metadata, not added to current valuation",Teensy 4.0 Development Board,R45,D2
273,C_00025,ELECTRONICS,1,5.50,2025-01-24,NANO DRONE KIT,Verified,SOURCE READY (scope undecided),,"Original Shipping retained in source metadata, not added to current valuation",2.54mm Female Headers Berg Strip – 1×40 Pins,R45,D2
274,C_00345,ELECTRONICS,2,2990.00,2025-01-24,NANO DRONE KIT,Verified,SOURCE READY (scope undecided),,"Original Shipping retained in source metadata, not added to current valuation",Holybro PMW3901 Optical Flow Sensor,R28,DA2
275,C_00490,ELECTRONICS,2,168.65,2025-01-24,NANO DRONE KIT,Verified,SOURCE READY (scope undecided),,"Original Shipping retained in source metadata, not added to current valuation",MPU6050 Module TIFSS0063,R45,D2
276,C_00686,ELECTRONICS,1,340.00,2025-01-24,NANO DRONE KIT,Verified,SOURCE READY (scope undecided),,"Original Shipping retained in source metadata, not added to current valuation",Unsoldered MPU9250 9-Axis Attitude +Gyro+Accelerator+Magnetometer Sensor Module,R45,D2
278,C_00691,ELECTRONICS,20,60.99,2025-01-29,NANO DRONE KIT,Verified,SOURCE READY (scope undecided),,,Vishay 60V 5A Schotty Diode 2-Pin DO-201AD SB56,R45,Spare box
279,C_00243,ELECTRONICS,1,2900.00,2025-01-30,NANO DRONE KIT,Verified,BLOCKED,"Comp ID C_00243 has differing Category, Component Specification across positive-stock rows; confirm the correct component ID for each distinct part",,ESP 32 Drone,R29,ARIS Drone
280,C_00116,ELECTRICALS,44,27.12,2025-02-07,BHUMI,Verified,BLOCKED,Comp ID C_00116 has differing Component Specification across positive-stock rows; confirm the correct component ID for each distinct part,"Original Shipping retained in source metadata, not added to current valuation",Amass XT60H Male Connectors with Housing,R22,A62
281,C_00120,ACCESSORIES,1,153.75,2025-02-07,BHUMI,Verified,SOURCE READY (scope undecided),,"Original Shipping retained in source metadata, not added to current valuation",Anti-Vibration Shock Absorber for APM/KK/MWC/PixHawk,R1,
282,C_00254,ELECTRICALS,24,7.63,2025-02-07,BHUMI,Verified,SOURCE READY (scope undecided),,"Original Shipping retained in source metadata, not added to current valuation",Female Dupont Terminal Connector 2.54mm 5 pins,R17,Black Box
283,C_00460,ELECTRICALS,97,7.63,2025-02-07,BHUMI,Verified,BLOCKED,"Comp ID C_00460 has differing Category, Component Specification across positive-stock rows; confirm the correct component ID for each distinct part","Original Shipping retained in source metadata, not added to current valuation",Male Dupont Terminal Reed Connector 2.54mm 5 Pins,R17,Black Box
284,C_00502,ACCESSORIES,30,79.76,2025-02-07,BHUMI,Verified,SOURCE READY (scope undecided),,"Original Shipping retained in source metadata, not added to current valuation",Nylon 14mm Expandable Braided Sleeve for Wire Protection-2M Length,R13,A90
285,C_00567,ELECTRICALS,23,42.27,2025-02-07,BHUMI,Verified,SOURCE READY (scope undecided),,"Original Shipping retained in source metadata, not added to current valuation",SafeConnect Flat 45 CM 22AWG Servo Lead Extension (Futaba) Cable with Self-Locking Hook,R21,A35
287,C_00705,ELECTRONICS,9,406.78,2025-02-07,BHUMI,Verified,SOURCE READY (scope undecided),,"Original Shipping retained in source metadata, not added to current valuation",XKC-Y25 NPN Intelligent Non-Contact Liquid Water Level Sensor,R28,DA2
290,C_00333,AIRFRAMES,7,1100.00,2025-02-10,BHUMI,Excess in stock,BLOCKED,Physical stock verification requires review: Excess in stock; Comp ID C_00333 has differing Component Specification across positive-stock rows; confirm the correct component ID for each distinct part,"Original Shipping retained in source metadata, not added to current valuation",Hobbywing 2480 CCW Propellers,R30,
291,C_00334,AIRFRAMES,7,1100.00,2025-02-10,BHUMI,Excess in stock,BLOCKED,Physical stock verification requires review: Excess in stock; Comp ID C_00334 has differing Component Specification across positive-stock rows; confirm the correct component ID for each distinct part,"Original Shipping retained in source metadata, not added to current valuation",Hobbywing 2480 CW Propellers,R30,
292,C_00364,ELECTRONICS,14,27416.00,2025-02-10,BHUMI,Verified,SOURCE READY (scope undecided),,"Original Shipping retained in source metadata, not added to current valuation",JIYI K++ v2 Flight Controller Kit,R32,
293,'-,PAYLOAD,26,,2025-02-10,,Items are seprated from universal kit,BLOCKED,Physical stock verification requires review: Items are seprated from universal kit; Missing or placeholder Comp ID; Unit Price is missing or invalid,,L-Type Pneumatic Connector 10-8mm,R27,
294,C_00487,ELECTRICALS,8,7200.00,2025-02-10,BHUMI,Verified,SOURCE READY (scope undecided),,"Original Shipping retained in source metadata, not added to current valuation",Motor X6 Plus - 6218-150KV-D30-CCW,"R19, R20","A38,B6"
295,C_00488,ELECTRICALS,7,7200.00,2025-02-10,BHUMI,Verified,SOURCE READY (scope undecided),,"Original Shipping retained in source metadata, not added to current valuation",Motor X6 Plus - 6218-150KV-D30-CW,"R19, R20","A38,B6"
296,C_00542,PAYLOAD,3,5500.00,2025-02-10,BHUMI,Verified,SOURCE READY (scope undecided),,"Original Shipping retained in source metadata, not added to current valuation",Pump - 5L-Brushless,R52,
297,C_00599,ELECTRICALS,2,15450.00,2025-02-10,BHUMI,Verified,SOURCE READY (scope undecided),,,Skyrc 1080PC charger,Charging Room,
298,'-,PAYLOAD,80,,2025-02-10,,Items are seprated from universal kit,BLOCKED,Physical stock verification requires review: Items are seprated from universal kit; Missing or placeholder Comp ID; Unit Price is missing or invalid,,Stright Type Pneumatic Connector 8mm - 6mm,R27,
299,'-,PAYLOAD,4,,2025-02-10,,Items are seprated from universal kit,BLOCKED,Physical stock verification requires review: Items are seprated from universal kit; Missing or placeholder Comp ID; Unit Price is missing or invalid,,Stright Type Pneumatic Connector 8mm - 6mm,R27,
300,C_00618,COMMUNICATION,16,14250.00,2025-02-10,BHUMI,Verified,SOURCE READY (scope undecided),,,T-12 Remote Controller with camera,"R46, R47",
301,C_00651,ELECTRICALS,46,12400.00,2025-02-10,BHUMI,Unlabelled colour,BLOCKED,Physical stock verification requires review: Unlabelled colour,,Tattu 16000mAh 6S Lipo Battery,,
302,'-,PAYLOAD,26,,2025-02-10,,Items are seprated from universal kit,BLOCKED,Physical stock verification requires review: Items are seprated from universal kit; Missing or placeholder Comp ID; Unit Price is missing or invalid,,T-Type Pneumatic Connector 8-12-8mm,R27,
303,'-,PAYLOAD,29,,2025-02-10,,Items are seprated from universal kit,BLOCKED,Physical stock verification requires review: Items are seprated from universal kit; Missing or placeholder Comp ID; Unit Price is missing or invalid,,T-Type Pneumatic Connector 8-8-8mm,R27,
304,C_00685,PAYLOAD,21,1500.00,2025-02-10,BHUMI,Items are seprated from universal kit,BLOCKED,Physical stock verification requires review: Items are seprated from universal kit,"Original Shipping retained in source metadata, not added to current valuation",Universal Pneumatic Kit,R27,
305,'-,PAYLOAD,4,,2025-02-10,,Items are seprated from universal kit,BLOCKED,Physical stock verification requires review: Items are seprated from universal kit; Missing or placeholder Comp ID; Unit Price is missing or invalid,,Y-Type Pneumatic Connector 6-10-6 mm,R27,
306,'-,PAYLOAD,4,,2025-02-10,,Items are seprated from universal kit,BLOCKED,Physical stock verification requires review: Items are seprated from universal kit; Missing or placeholder Comp ID; Unit Price is missing or invalid,,Y-Type Pneumatic Connector 6-8-6 mm,R27,
311,C_00021,ELECTRICALS,1,79.96,2025-02-20,A.R.I.S NANO,Verified,SOURCE READY (scope undecided),,"Original Shipping retained in source metadata, not added to current valuation",1x40 Pin 2.54MM Berg Strip Male Connector - 10pcs,R45,D2
312,C_00023,ELECTRICALS,2,75.43,2025-02-20,A.R.I.S NANO,Verified,SOURCE READY (scope undecided),,"Original Shipping retained in source metadata, not added to current valuation",2.54mm 1x40 Pin Female Single Row Header Strip (Pack of 10),R45,D2
314,C_00089,ELECTRICALS,2,380.00,2025-02-20,A.R.I.S NANO,Verified,SOURCE READY (scope undecided),,"Original Shipping retained in source metadata, not added to current valuation",8520 Magnetic Micro Coreless Motor for Micro Quadcopters â€“ 2xCW & 2xCCW,R18,Black Box
317,C_00273,AIRFRAMES,1,213.81,2025-03-04,A.R.I.S NANO,Verified,SOURCE READY (scope undecided),,"Original Shipping retained in source metadata, not added to current valuation",Gemfan 35mm Durable Tri-blade Propellers 1mm Shaft (4cw+4ccw) Grey,R2,
320,C_00005,ELECTRONICS,2,109.65,2025-03-05,A.R.I.S NANO,Verified,SOURCE READY (scope undecided),,"Original Shipping retained in source metadata, not added to current valuation",12 x 18 cm Universal PCB Prototype Board Single-Sided 2.54mm Hole Pitch,R45,D2
321,C_00151,ELECTRICALS,1,340.69,2025-03-05,A.R.I.S NANO,Verified,SOURCE READY (scope undecided),,"Original Shipping retained in source metadata, not added to current valuation",Bonka 3.7V 600mAh 25C 1S Lithium Polymer Battery,R23,Battery 07
324,C_00507,ELECTRICALS,1,220.34,2025-03-05,A.R.I.S NANO,Verified,SOURCE READY (scope undecided),,"Original Shipping retained in source metadata, not added to current valuation",Orange 3.7V 360mAh 30C 1S Lithium Polymer Battery Pack,R23,Battery 07
325,C_00105,ACCESSORIES,1,4921.00,2025-03-07,Training,Verified,SOURCE READY (scope undecided),,,AL6061 Braking Disk Mount,R19,
326,C_00106,ACCESSORIES,2,2829.00,2025-03-07,Training,Verified,SOURCE READY (scope undecided),,,AL6061 Braking Disk Rod,R19,
327,C_00502,ACCESSORIES,10,79.76,2025-03-07,BHUMI,Verified,SOURCE READY (scope undecided),,,Nylon 14mm Expandable Braided Sleeve for Wire Protection-2M Length,R13,A90
328,C_00502,ACCESSORIES,28,79.76,2025-03-07,BHUMI,Verified,SOURCE READY (scope undecided),,,Nylon 14mm Expandable Braided Sleeve for Wire Protection-2M Length,R13,A90
329,C_00702,ELECTRONICS,5,152.54,2025-03-07,BHUMI,Verified,BLOCKED,Comp ID C_00702 has differing Component Specification across positive-stock rows; confirm the correct component ID for each distinct part,,Water Flow Sensor (Sea) YFS401 Flowmeter 0.3-6L/min3.5mm White,R28,DA2
334,C_00489,ELECTRONICS,2,386.32,2025-03-13,A.R.I.S NANO,Doubt (need to check where it is located),BLOCKED,Physical stock verification requires review: Doubt (need to check where it is located),,MPU-6500 TDK InvenSense QFN-24-EP(3×3) Accelerometer gyroscope QFN-24-EP(3×3) Accelerometers ROHS,R45,D2
338,C_00247,ELECTRONICS,2,229.10,2025-03-13,A.R.I.S NANO,Verified,SOURCE READY (scope undecided),,,Espressif ESP32-WROOM-32E-N8 Modules,R45,D2
339,C_00510,ELECTRONICS,1,817.77,2025-03-13,A.R.I.S NANO,Verified,SOURCE READY (scope undecided),,,Orange HD 500PCS 0.1uf-1000uf Plug-in Electrolytic Capacitor Kit,R31,BC1
340,C_00693,ELECTRONICS,2,486.71,2025-03-17,A.R.I.S NANO,Excess in stock,BLOCKED,Physical stock verification requires review: Excess in stock,"Original Shipping retained in source metadata, not added to current valuation",VL53L1X Laser Time-of-Flight(ToF) 4 meters Ranging Sensor Module I2C Interface,R45,D2
341,C_00108,AIRFRAMES,18,1000.00,2025-03-19,BHUMI,Verified,SOURCE READY (scope undecided),,,Aluminium Mount,R20,Blue bin
346,C_00307,ELECTRICALS,38,134.50,2025-03-20,BHUMI,Verified,SOURCE READY (scope undecided),,"Original Shipping retained in source metadata, not added to current valuation",High Quality Ultra Flexible 10AWG Silicone Wire â€“ Black,R25,
348,C_00308,ELECTRICALS,38,134.36,2025-03-20,BHUMI,Verified,SOURCE READY (scope undecided),,"Original Shipping retained in source metadata, not added to current valuation",High Quality Ultra Flexible 10AWG Silicone Wire â€“ Red,R24,
352,C_00491,ELECTRONICS,5,24576.27,2025-03-20,BHUMI,Verified,SOURCE READY (scope undecided),,"Original Shipping retained in source metadata, not added to current valuation",MR72 77GHZ Collision Avoidance Radar,R28,A3
353,C_00491,ELECTRONICS,1,24576.27,2025-03-20,BHUMI,Verified,SOURCE READY (scope undecided),,"Original Shipping retained in source metadata, not added to current valuation",MR72 77GHZ Collision Avoidance Radar,R28,R28
361,C_00244,ELECTRONICS,2,296.61,2025-03-24,A.R.I.S NANO,Verified,SOURCE READY (scope undecided),,"Original Shipping retained in source metadata, not added to current valuation",ESP WROOM 32 MCU Module Version 1.1,R45,D2
365,C_00505,AIRFRAMES,3,413.00,2025-03-25,BHUMI,Verified,SOURCE READY (scope undecided),,,Obstacle Sensor Plate - 2mm,R28,A3
366,C_00082,ELECTRICALS,1,14500.00,2025-03-29,BHUMI,Verified,SOURCE READY (scope undecided),,,6S 22000mAh Tattu Battery,,
367,C_00586,AIRFRAMES,6,4410.00,2025-03-31,BHUMI,Verified,SOURCE READY (scope undecided),,"Original Shipping retained in source metadata, not added to current valuation",Sidewall,R5,
371,C_00572,ELECTRONICS,1,2438.48,2025-04-02,A.R.I.S NANO,Verified,SOURCE READY (scope undecided),,"Original Shipping retained in source metadata, not added to current valuation",SEN-14722 SparkFun - Sensor,R29,BROWN BOX
372,C_00532,PAYLOAD,3,112.00,2025-04-04,R&D Horizontal Sprayer,Items are seprated from universal kit,BLOCKED,Physical stock verification requires review: Items are seprated from universal kit,,Pneumatic Connector Straight 12x14 Aluminium,R27,
373,C_00095,AIRFRAMES,1,86.00,2025-04-05,A.R.I.S NANO,Verified,BLOCKED,Comp ID C_00095 has differing Component Specification across positive-stock rows; confirm the correct component ID for each distinct part,,A.R.I.S Airframe,R2,
376,C_00348,PAYLOAD,1,88.00,2025-04-05,BHUMI,Verified,SOURCE READY (scope undecided),,,Hose Pipe 12mm,R27,
377,C_00349,PAYLOAD,1,46.00,2025-04-05,BHUMI,Verified,SOURCE READY (scope undecided),,,Hose Pipe 6mm,R27,
378,C_00350,PAYLOAD,2,58.00,2025-04-05,BHUMI,Verified,SOURCE READY (scope undecided),,,Hose Pipe 8mm,R27,
379,C_00374,PAYLOAD,1,81.00,2025-04-05,BHUMI,Verified,SOURCE READY (scope undecided),,,L-type Pneumatic Connector 12mm - 10mm,R27,
381,C_00615,PAYLOAD,1,36.00,2025-04-05,BHUMI,Verified,SOURCE READY (scope undecided),,,Stright Type Pneumatic Connector 6mm - 6mm,R27,
382,C_00643,PAYLOAD,1,65.00,2025-04-05,BHUMI,Verified,SOURCE READY (scope undecided),,,T-Type Pneumatic Connector 6-8-6 mm,R27,
383,C_00644,PAYLOAD,1,76.00,2025-04-05,BHUMI,Verified,SOURCE READY (scope undecided),,,T-Type Pneumatic Connector 8-10-8 mm,R27,
392,C_00170,AIRFRAMES,1,14454.00,2025-04-09,BHUMI,Verified,BLOCKED,Comp ID C_00170 has differing Component Specification across positive-stock rows; confirm the correct component ID for each distinct part,,Canopy - BHUMI,R5,
393,C_00707,ELECTRONICS,4,608.49,2025-04-09,BHUMI,Verified,BLOCKED,Comp ID C_00707 has differing Component Specification across positive-stock rows; confirm the correct component ID for each distinct part,"Original Shipping retained in source metadata, not added to current valuation",YRRC 2-13S 5V 5A BEC,R26,A17
395,C_00074,AIRFRAMES,2,479.06,2025-04-11,A.R.I.S NANO,Verified,SOURCE READY (scope undecided),,"Original Shipping retained in source metadata, not added to current valuation",65MM Blade Propeller Prop with 8520CW & CCW Coreless Brushed Motor for Indoor Racing Drone Quad,R2 & R18,
396,C_00192,COMMUNICATION,1,9490.00,2025-04-11,Training,Verified,SOURCE READY (scope undecided),,,Controller Systems - Customised 6/8 CH Transmitter including receiver and wired joystick controller with inbuilt firmware,R50,
398,C_00359,COMMUNICATION,1,64990.00,2025-04-11,Training,Verified,SOURCE READY (scope undecided),,,Interfacing kit for Radio Transmitter and wired Joystick with integraton box including accessories and cables,R50,
399,C_00587,ELECTRONICS,1,9990.00,2025-04-11,Training,Unlabelled colour,BLOCKED,Physical stock verification requires review: Unlabelled colour,,Simulation Software as per DGCA RPTO standard Version 1.01 Licensing Premium Version: 1 user per system license for a year,R50,
400,C_00517,AIRFRAMES,4,420.00,2025-04-12,BHUMI,Doubt (need to check where it is located),BLOCKED,Physical stock verification requires review: Doubt (need to check where it is located),,PDB Enclosure,R5,
402,C_00095,AIRFRAMES,1,2000.00,2025-04-15,A.R.I.S NANO,Verified,BLOCKED,Comp ID C_00095 has differing Component Specification across positive-stock rows; confirm the correct component ID for each distinct part,,A.R.I.S Airframe,R2,
405,C_00516,ELECTRONICS,1,8400.00,2025-04-16,A.R.I.S NANO,Verified,BLOCKED,Comp ID C_00516 has differing Component Specification across positive-stock rows; confirm the correct component ID for each distinct part,,PCB A.R.I.S,R29,
406,C_00516,ELECTRONICS,1,8400.00,2025-04-16,A.R.I.S NANO,Verified,BLOCKED,Comp ID C_00516 has differing Component Specification across positive-stock rows; confirm the correct component ID for each distinct part,,PCB A.R.I.S,R29,
408,C_00170,AIRFRAMES,1,14454.00,2025-04-17,BHUMI,Verified,BLOCKED,Comp ID C_00170 has differing Component Specification across positive-stock rows; confirm the correct component ID for each distinct part,,Canopy - BHUMI,R5,
410,C_00261,ELECTRICALS,1,2495.28,2025-04-21,A.R.I.S NANO,Verified,SOURCE READY (scope undecided),,"Original Shipping retained in source metadata, not added to current valuation",Flywoo 4pcs Explorer 1S 750mAh HV V2 A30 Plug,,
411,C_00275,AIRFRAMES,1,239.00,2025-04-21,A.R.I.S NANO,Verified,SOURCE READY (scope undecided),,"Original Shipping retained in source metadata, not added to current valuation","Gemfan Hurricane 2023 Durable Propeller (set of 8) 1mm, Clear Yellow",R2,
412,C_00065,AIRFRAMES,60,59.68,2025-04-24,A.R.I.S NANO,Verified,SOURCE READY (scope undecided),,"Original Shipping retained in source metadata, not added to current valuation",55MM Blade Propeller Prop with 8520CW & CCW Coreless Brushed Motor for Indoor Racing Drone Quad,R2 & R18,C3
413,C_00089,ELECTRICALS,50,371.43,2025-04-24,A.R.I.S NANO,Verified,SOURCE READY (scope undecided),,"Original Shipping retained in source metadata, not added to current valuation",8520 Magnetic Micro Coreless Motor for Micro Quadcopters â€“ 2xCW & 2xCCW,R18,Black Box
414,C_00170,AIRFRAMES,7,14454.00,2025-04-24,BHUMI,Verified,BLOCKED,Comp ID C_00170 has differing Component Specification across positive-stock rows; confirm the correct component ID for each distinct part,,Canopy - BHUMI,R5,
415,C_00243,AIRFRAMES,2,,2025-04-24,A.R.I.S NANO,Verified,BLOCKED,"Unit Price is missing or invalid; Comp ID C_00243 has differing Category, Component Specification across positive-stock rows; confirm the correct component ID for each distinct part",,ESP 32 Drone,R29,ARIS Drone
417,C_00095,AIRFRAMES,5,1531.20,2025-04-28,A.R.I.S NANO,Verified,BLOCKED,Comp ID C_00095 has differing Component Specification across positive-stock rows; confirm the correct component ID for each distinct part,"Original Shipping retained in source metadata, not added to current valuation",A.R.I.S Airframe,R2,
418,C_00095,AIRFRAMES,5,1142.60,2025-04-28,A.R.I.S NANO,Verified,BLOCKED,Comp ID C_00095 has differing Component Specification across positive-stock rows; confirm the correct component ID for each distinct part,,A.R.I.S Airframe,R2,
419,C_00229,PAYLOAD,1,4989.00,2025-04-28,R&D 5L Agri,Verified,SOURCE READY (scope undecided),,"Original Shipping retained in source metadata, not added to current valuation",EFT G Series 6L Tank 6L/quick-release/G06,R54,
420,C_00095,AIRFRAMES,2,1363.00,2025-04-30,A.R.I.S NANO,Verified,BLOCKED,Comp ID C_00095 has differing Component Specification across positive-stock rows; confirm the correct component ID for each distinct part,,A.R.I.S Airframe,R2,
421,C_00095,AIRFRAMES,2,1276.00,2025-04-30,A.R.I.S NANO,Verified,BLOCKED,Comp ID C_00095 has differing Component Specification across positive-stock rows; confirm the correct component ID for each distinct part,,A.R.I.S Airframe,R2,
422,C_00137,AIRFRAMES,4,139.20,2025-04-30,A.R.I.S NANO,Verified,BLOCKED,Comp ID C_00137 has differing Component Specification across positive-stock rows; confirm the correct component ID for each distinct part,,Battery Holder,R2,
423,C_00063,ELECTRONICS,3,196.58,2025-05-02,R&D 5L Agri,Verified,BLOCKED,Comp ID C_00063 has differing Component Specification across positive-stock rows; confirm the correct component ID for each distinct part,,4S-6S 12V 3A UBEC,R26,A17
424,C_00064,PAYLOAD,2,318.14,2025-05-02,R&D 5L Agri,Verified,SOURCE READY (scope undecided),,,550 Diaphragm Pump 12V Water Pump for water Spray Fish Tank Reflux Pump,R53,
425,C_00165,ELECTRONICS,2,7317.65,2025-05-02,R&D Warehouse,Verified,SOURCE READY (scope undecided),,,"Cable Power Module for Compansion Computer, Flight Controller & ESCs (Drones & Robots) (MDK-M0041) VOXL 2, VOXL & VOXL-Flight (4-Pin to 4-pin Cable)",R28,Model AI
426,C_00257,ELECTRONICS,1,14285.49,2025-05-02,R&D Warehouse,Verified,SOURCE READY (scope undecided),,,Flight Core v2 - PX4 & ArduPilot Flight Controller NDAA '20 Section 848 Compliant Blue UAS Framework (Board Only),R28,
427,C_00677,ELECTRICALS,97,11.02,2025-05-02,A.R.I.S NANO,Verified,SOURCE READY (scope undecided),,,TP4056 Battery Charger C type Module with protection,R23,Battery 07
428,C_00694,ELECTRONICS,1,23784.41,2025-05-02,R&D Warehouse,Verified,SOURCE READY (scope undecided),,,VOXL 2 Ethernet and USB Hub Add-on,R28,Model AI
429,C_00695,ELECTRONICS,1,9147.29,2025-05-02,R&D Warehouse,Verified,SOURCE READY (scope undecided),,,VOXL 2 Expander Board (Board only),R28,Model AI
430,C_00696,ELECTRONICS,1,214981.79,2025-05-02,R&D Warehouse,Verified,SOURCE READY (scope undecided),,,VOXL 2 Flight Deck 2.4/5ghz wifi,R28,Model AI
431,C_00697,ELECTRONICS,2,18295.49,2025-05-02,R&D Warehouse,Verified,SOURCE READY (scope undecided),,,VOXL 2 Time of Flight (ToF) Depth Sensor Sensor with Adapter PCB & Extension Flex PCB (Panasonic AXT 36-Pin),R28,Model AI
432,C_00698,ELECTRONICS,1,9556.77,2025-05-02,R&D Warehouse,Verified,SOURCE READY (scope undecided),,,VOXL 2 Wifi Add-on & I/O Breakout Board with Alfa Networks Wifi Adapter,R28,
433,C_00708,AIRFRAMES,2,1345.12,2025-05-02,R&D 5L Agri,Verified,SOURCE READY (scope undecided),,"Original Shipping retained in source metadata, not added to current valuation",Z25 CNC Aluminium Folding Arm Tube Joint,R3,Black Box
436,C_00018,ACCESSORIES,1,600.00,2025-05-03,A.R.I.S NANO,Verified,SOURCE READY (scope undecided),,,1mm Heat Shrinkable Sleeves Black,,white cover
437,C_00039,ACCESSORIES,1,700.00,2025-05-03,A.R.I.S NANO,Verified,SOURCE READY (scope undecided),,,2mm Heat Shrinkable Sleeves Black,,white cover
438,C_00152,ELECTRICALS,70,353.00,2025-05-03,A.R.I.S NANO,Verified,SOURCE READY (scope undecided),,"Original Shipping retained in source metadata, not added to current valuation",Bonka 850mAh - 1S Lipo Battery 3.7V 25c,R23,Battery 07
439,C_00219,PAYLOAD,1,8000.00,2025-05-03,BHIMA - 16L Agri,Verified,SOURCE READY (scope undecided),,,EFT 16L Tank,R52,
443,C_00214,ELECTRICALS,56,11.50,2025-05-07,BHUMI,Verified,SOURCE READY (scope undecided),,,Dupont Housing 3-Pin,R17,Black Box
445,C_00285,AIRFRAMES,2,850.00,2025-05-07,R&D 5L Agri,Verified,BLOCKED,"Comp ID C_00285 has differing Component Specification, Comp Type across positive-stock rows; confirm the correct component ID for each distinct part","Original Shipping retained in source metadata, not added to current valuation",Glass Fibre Sheet 600x500x2mm,,
447,C_00518,AIRFRAMES,1,3943.10,2025-05-08,BHIMA - 16L Agri,Doubt (need to check where it is located),BLOCKED,Physical stock verification requires review: Doubt (need to check where it is located),,PDB Enclosure for BHIMA,R42,A79
450,C_00095,AIRFRAMES,10,1176.00,2025-05-09,A.R.I.S NANO,Verified,BLOCKED,Comp ID C_00095 has differing Component Specification across positive-stock rows; confirm the correct component ID for each distinct part,,A.R.I.S Airframe,R2,
451,C_00516,ELECTRONICS,100,2413.44,2025-05-09,A.R.I.S NANO,Verified,BLOCKED,Comp ID C_00516 has differing Component Specification across positive-stock rows; confirm the correct component ID for each distinct part,"Original Shipping retained in source metadata, not added to current valuation",PCB A.R.I.S,R29,
452,C_00020,ELECTRICALS,60,340.00,2025-05-12,A.R.I.S NANO,Verified,SOURCE READY (scope undecided),,,1S 850mAh Lithium Battery,R23,Battery 07
454,C_00192,COMMUNICATION,4,9490.00,2025-05-12,Training,Verified,SOURCE READY (scope undecided),,,Controller Systems - Customised 6/8 CH Transmitter including receiver and wired joystick controller with inbuilt firmware,R50,
456,C_00359,COMMUNICATION,4,64990.00,2025-05-12,Training,Verified,SOURCE READY (scope undecided),,,Interfacing kit for Radio Transmitter and wired Joystick with integraton box including accessories and cables,R50,
458,C_00587,ELECTRONICS,4,9990.00,2025-05-12,Training,Unlabelled colour,BLOCKED,Physical stock verification requires review: Unlabelled colour,,Simulation Software as per DGCA RPTO standard Version 1.01 Licensing Premium Version: 1 user per system license for a year,,
459,C_00139,AIRFRAMES,70,134.00,2025-05-13,A.R.I.S NANO,Verified,SOURCE READY (scope undecided),,,Battery Holder - Reduced both battery,R2,
460,C_00140,AIRFRAMES,10,140.00,2025-05-13,A.R.I.S NANO,Verified,SOURCE READY (scope undecided),,,Battery Holder - Reduced Tattu,R2,
461,C_00373,ACCESSORIES,2,987.59,2025-05-13,Kamikaze - FPV,Verified,SOURCE READY (scope undecided),,,Kreo Lynx Full HD Video Capture Card,R12,A46
462,C_00095,AIRFRAMES,4,,2025-05-14,A.R.I.S NANO,Verified,BLOCKED,Unit Price is missing or invalid; Comp ID C_00095 has differing Component Specification across positive-stock rows; confirm the correct component ID for each distinct part,,A.R.I.S Airframe,R2,
464,C_00128,ELECTRICALS,20,50.75,2025-05-14,R&D Warehouse,Verified,SOURCE READY (scope undecided),,,ASSHSSH28K305 Connectors,R23,Black Box
465,C_00137,AIRFRAMES,4,,2025-05-14,A.R.I.S NANO,Verified,BLOCKED,Unit Price is missing or invalid; Comp ID C_00137 has differing Component Specification across positive-stock rows; confirm the correct component ID for each distinct part,,Battery Holder,R2,
466,C_00279,ELECTRICALS,860,3.91,2025-05-14,A.R.I.S NANO,Verified,SOURCE READY (scope undecided),,,GHR-02V-S Connectors,R23,
467,C_00280,ELECTRICALS,10,13.99,2025-05-14,R&D Warehouse,Verified,SOURCE READY (scope undecided),,,GHR-06V-S Connectors,R23,
468,C_00281,ELECTRICALS,10,14.66,2025-05-14,R&D Warehouse,Verified,SOURCE READY (scope undecided),,,GHR-10V-S Connectors,R23,Black Box
469,C_00282,ELECTRICALS,15,9.26,2025-05-14,R&D Warehouse,Verified,SOURCE READY (scope undecided),,"Original Shipping retained in source metadata, not added to current valuation",GHR-12V-S Connectors,R23,Black Box
470,C_00366,ELECTRICALS,650,25.88,2025-05-14,Astra-x,Verified,SOURCE READY (scope undecided),,,JST - 15cm Crimp Cable - AGHGH28K152,R23,Black Box
471,C_00520,ELECTRICALS,1000,1.91,2025-05-14,A.R.I.S NANO,Verified,SOURCE READY (scope undecided),,,PHR-2 Connectors,R23,Black Box
472,C_00577,ELECTRICALS,9,6.55,2025-05-14,R&D Warehouse,Verified,SOURCE READY (scope undecided),,,SHR-02V-S-B Connectors,R23,
474,C_00595,ELECTRICALS,1000,23.95,2025-05-14,A.R.I.S NANO,Verified,SOURCE READY (scope undecided),,,SKT - 24AWG Crimp Cable - ASPHSPH24K102,R23,Black Box
476,C_00040,AIRFRAMES,4,2219.00,2025-05-15,R&D 5L Agri,Verified,SOURCE READY (scope undecided),,,2mm thk GF Plate waterjet cutting,,
478,C_00053,ELECTRICALS,168,6.93,2025-05-17,BHUMI,Verified,SOURCE READY (scope undecided),,,3D-10-6 CU Ring Lug (Lug Connector),R17,Black Box
480,C_00486,AIRFRAMES,4,470.00,2025-05-17,R&D Warehouse,Verified,SOURCE READY (scope undecided),,,Motor Mount - 2mm,R6,
481,C_00107,AIRFRAMES,2,257.14,2025-05-19,R&D 5L Agri,Verified,SOURCE READY (scope undecided),,"Original Shipping retained in source metadata, not added to current valuation",Aluminium C Clamp for 25mm CF Tube,R3,Black Box
482,C_00095,AIRFRAMES,2,,2025-05-20,A.R.I.S NANO,Verified,BLOCKED,Unit Price is missing or invalid; Comp ID C_00095 has differing Component Specification across positive-stock rows; confirm the correct component ID for each distinct part,,A.R.I.S Airframe,R2,
483,C_00701,AIRFRAMES,1,2000.00,2025-05-21,R&D Warehouse,Verified,SOURCE READY (scope undecided),,,"Warehouse 3D Printed Parts - (Back Cover, Back Cover Motor Wire, Battery Support, Sider Cover)",R7,
484,C_00101,AIRFRAMES,2,1282.00,2025-05-22,A.R.I.S NANO,Doubt (need to check where it is located),BLOCKED,Physical stock verification requires review: Doubt (need to check where it is located),,Airframe - Exp logo 4mm,R2,
485,C_00102,AIRFRAMES,2,1282.00,2025-05-22,A.R.I.S NANO,Doubt (need to check where it is located),BLOCKED,Physical stock verification requires review: Doubt (need to check where it is located),,Airframe - Exp logo 5mm,R2,
486,C_00103,AIRFRAMES,2,1282.00,2025-05-22,A.R.I.S NANO,Doubt (need to check where it is located),BLOCKED,Physical stock verification requires review: Doubt (need to check where it is located),,Airframe - Exp logo 5mm fillet,R2,
487,C_00138,AIRFRAMES,3,139.20,2025-05-22,A.R.I.S NANO,Verified,SOURCE READY (scope undecided),,"Original Shipping retained in source metadata, not added to current valuation",Battery Holder - Bonka,,
489,C_00700,COMMUNICATION,4,22857.14,2025-05-26,Kamikaze - FPV,Verified,SOURCE READY (scope undecided),,"Original Shipping retained in source metadata, not added to current valuation",Walksnail Avatar VRX,R48,
491,C_00062,ELECTRICALS,1,1840.00,2025-05-27,R&D Warehouse,Verified,SOURCE READY (scope undecided),,,4S 2P 4000mAh Battery,,
492,C_00046,PAYLOAD,1,350.00,2025-05-28,R&D Horizontal Sprayer,Verified,SOURCE READY (scope undecided),,,30cm Nozzle Gun,,
493,C_00131,ELECTRICALS,50,9.28,2025-05-29,A.R.I.S NANO,Verified,SOURCE READY (scope undecided),,"Original Shipping retained in source metadata, not added to current valuation",B2B-PH-K-S Connectors,R23,
494,C_00001,ELECTRONICS,2,62.71,2025-05-30,BHIMA - 16L Agri,Verified,SOURCE READY (scope undecided),,,1 Road/Channel Relay Module (with light coupling) 12V,R26,
495,C_00044,ELECTRONICS,3,24.58,2025-05-30,A.R.I.S NANO,Verified,SOURCE READY (scope undecided),,,3.7V to 12V Mini DC-DC Boost Step Up Converter Board Module 5V/8V/9V 12V Output,R45,D2
497,C_00702,ELECTRONICS,1,161.02,2025-05-30,BHIMA - 16L Agri,Verified,BLOCKED,Comp ID C_00702 has differing Component Specification across positive-stock rows; confirm the correct component ID for each distinct part,"Original Shipping retained in source metadata, not added to current valuation",Water Flow Sensor (Sea) YFS401 Flowmeter 0.3-6L/min3.5mm White,R28,DA2
498,C_00706,ELECTRONICS,1,27.12,2025-05-30,A.R.I.S NANO,Verified,SOURCE READY (scope undecided),,,XL3608 Boost Module 5V,R45,D2
500,C_00166,PAYLOAD,5,5180.94,2025-05-31,Kamikaze - FPV,Verified,SOURCE READY (scope undecided),,,CADDXFPV GM1/GM2/GM3 GM1 (No camera),L3,
503,C_00699,PAYLOAD,5,13674.00,2025-05-31,Kamikaze - FPV,Verified,SOURCE READY (scope undecided),,,Walksnail Avatar HD Pro Kit (Dual Antennas Version) 32G With Gyroflow,L3,
505,NA,ACCESSORIES,2,100.00,2025-06-02,R&D Horizontal Sprayer,Verified,BLOCKED,Missing or placeholder Comp ID,,Servo Horns,,
506,C_00600,ELECTRICALS,10,3252.70,2025-06-02,Kamikaze - FPV,Verified,SOURCE READY (scope undecided),,,SkyRC B6neo Smart Charger,R18,Black Box
510,C_00504,ELECTRONICS,1,72390.00,2025-06-04,Kamikaze - FPV,Verified,SOURCE READY (scope undecided),,,Oblivion Node MK3 Autonomous Tactical AI Compute Hub,L1,
511,C_00573,ELECTRONICS,1,81430.00,2025-06-04,Kamikaze - FPV,Verified,SOURCE READY (scope undecided),,,Sentinel Core X900 Tactical Compute Engine,L1,
513,C_00336,ELECTRICALS,1,9281.00,2025-06-05,R&D 5L Agri,Verified,SOURCE READY (scope undecided),,,Hobbywing X6-SE CCW Combo (2270 propellers),R19,A38
514,C_00337,ELECTRICALS,1,9281.00,2025-06-05,R&D 5L Agri,Verified,SOURCE READY (scope undecided),,,Hobbywing X6-SE CW Combo (2270 propellers),R19,A38
516,C_00086,ELECTRONICS,6,767.51,2025-06-06,A.R.I.S NANO,Verified,SOURCE READY (scope undecided),,"Original Shipping retained in source metadata, not added to current valuation",7 Semi ICM-20948 9DoF IMU Breakout (MPU-9250 Upgrade) (BO-10167) (472),R45,D2
519,C_00113,ELECTRICALS,1,23.00,2025-06-07,Micro-Railway,Verified,SOURCE READY (scope undecided),,,Amass XT60 Male-Female Pair Connectors,R22,A62
521,C_00594,PAYLOAD,1,190000.00,2025-06-07,Micro-Railway,Verified,SOURCE READY (scope undecided),,"Original Shipping retained in source metadata, not added to current valuation",Siyi ZT6 Mini Optical Pod Dual Sensor 4K 8MP 6X Digital Zoom Gimbal Camera Thermal Imaging Temperature 3-Axis Payload Surveillance Inspection,L1,
523,C_00045,ACCESSORIES,3,60.95,2025-06-09,Micro-Railway,Verified,SOURCE READY (scope undecided),,"Original Shipping retained in source metadata, not added to current valuation",30cm Battery Strap,R12,
527,C_00332,ELECTRICALS,2,14.41,2025-06-09,BHUMI,Verified,SOURCE READY (scope undecided),,"Original Shipping retained in source metadata, not added to current valuation",HILEX 5 Amp 3 Pin Plug Computer Conversion Plug - HEPL-6619,,
528,C_00292,ELECTRONICS,1,77800.00,2025-06-09,Micro-Railway,Verified,SOURCE READY (scope undecided),,,H-RTK Septentrio Elite Mosaic-H (Dual Antenna Heading) Anti Jamming Anti Spoofing GPS Module,"R28,R6",
529,C_00499,AIRFRAMES,1,350.00,2025-06-09,R&D Horizontal Sprayer,Doubt (need to check where it is located),BLOCKED,Physical stock verification requires review: Doubt (need to check where it is located),,Nozzle Mount - 1,,
530,C_00500,AIRFRAMES,1,220.00,2025-06-09,R&D Horizontal Sprayer,Doubt (need to check where it is located),BLOCKED,Physical stock verification requires review: Doubt (need to check where it is located),,Nozzle Mount - 2,,
534,C_00161,AIRFRAMES,4,248.57,2025-06-13,BHIMA - Paint Sprayer,Verified,SOURCE READY (scope undecided),,"Original Shipping retained in source metadata, not added to current valuation",C Clamp for 20mm rod,R3,Black Box
537,C_00004,ELECTRONICS,8,1322.45,2025-06-16,Kamikaze - FPV,Verified,SOURCE READY (scope undecided),,,11850 FPV.O1.Pro Omni Antenna SMA-S-M 64,R31,A27
540,C_00067,COMMUNICATION,2,9840.72,2025-06-16,Kamikaze - FPV,Verified,SOURCE READY (scope undecided),,,6040 IRC Ghost Hybrid Duo,R32,
541,C_00068,ELECTRONICS,4,52893.45,2025-06-16,Kamikaze - FPV,Verified,SOURCE READY (scope undecided),,,6046 Orqa FPV.One Pilot,R33,
542,C_00069,COMMUNICATION,1,4050.60,2025-06-16,Kamikaze - FPV,Verified,SOURCE READY (scope undecided),,,6066 IRC Ghost Uberlite Tx,R48,
543,C_00070,ELECTRONICS,2,14101.69,2025-06-16,Kamikaze - FPV,Verified,SOURCE READY (scope undecided),,,6217 IRC RapidFire v2,R32,
544,C_00071,ELECTRONICS,4,14983.32,2025-06-16,Kamikaze - FPV,Verified,SOURCE READY (scope undecided),,,6226 Orqa ESC 30x30 v2.2,R33,
545,C_00072,ELECTRONICS,4,10575.16,2025-06-16,Kamikaze - FPV,Verified,SOURCE READY (scope undecided),,,6227 Orqa FC F405 v2.2.1,R32,
546,C_00073,ELECTRONICS,4,4406.91,2025-06-16,Kamikaze - FPV,Verified,SOURCE READY (scope undecided),,,6247 Orqa GPS Kit,R34,
547,C_00124,ACCESSORIES,4,250.00,2025-06-16,R&D 5L Agri,Verified,BLOCKED,"Comp ID C_00124 has differing Category, Component Specification across positive-stock rows; confirm the correct component ID for each distinct part",,Arm Mount Rubber Closure,,
551,C_00199,AIRFRAMES,1,1000.00,2025-06-16,R&D 5L Agri,Doubt (need to check where it is located),BLOCKED,Physical stock verification requires review: Doubt (need to check where it is located),,Dangling Arm 1 & 2,,
552,C_00575,AIRFRAMES,1,3800.00,2025-06-16,R&D 5L Agri,Verified,SOURCE READY (scope undecided),,,Servo Holder,,
553,C_00171,AIRFRAMES,1,12135.00,2025-06-18,R&D 5L Agri,Verified,SOURCE READY (scope undecided),,"Original Shipping retained in source metadata, not added to current valuation",Canopy for 5L Agri,R5,
554,C_00124,AIRFRAMES,4,100.00,2025-06-19,R&D 5L Agri,Verified,BLOCKED,"Comp ID C_00124 has differing Category, Component Specification across positive-stock rows; confirm the correct component ID for each distinct part",,Arm Mount Rubber Closure,,
555,C_00161,AIRFRAMES,2,248.57,2025-06-20,BHIMA - Paint Sprayer,Verified,SOURCE READY (scope undecided),,"Original Shipping retained in source metadata, not added to current valuation",C Clamp for 20mm rod,R3,Black Box
558,C_00287,AIRFRAMES,1,869.00,2025-06-21,Micro-Railway,Verified,SOURCE READY (scope undecided),,,GPS AIRUNIT Plate - 2 mm,,
559,C_00375,AIRFRAMES,2,369.00,2025-06-21,Micro-Railway,Verified,SOURCE READY (scope undecided),,,Landing Skid - 3mm,,
561,C_00528,AIRFRAMES,1,142.00,2025-06-21,BHIMA - Paint Sprayer,Verified,SOURCE READY (scope undecided),,,PL Plate Support CF Strip 3mm,R12,
563,C_00265,AIRFRAMES,9,650.12,2025-06-23,Kamikaze - FPV,Doubt (need to check where it is located),BLOCKED,Physical stock verification requires review: Doubt (need to check where it is located),,FPV Racing Bundle (6x4.2E-3 and 6x4.2EP-3),R2,
575,C_00266,AIRFRAMES,1,840.00,2025-06-24,Micro-Railway,Verified,SOURCE READY (scope undecided),,,Front Canopy,R5,
577,C_00376,ELECTRONICS,1,152.54,2025-06-24,A.R.I.S NANO,Verified,SOURCE READY (scope undecided),,,LCD1602 Parallel LCD Display with IIC/I2C Interface,R31,Jumper cable box
580,C_00559,ELECTRONICS,2,66.10,2025-06-24,A.R.I.S NANO,Excess in stock,BLOCKED,Physical stock verification requires review: Excess in stock,"Original Shipping retained in source metadata, not added to current valuation",Red Two-Wire 0.56 Inch DC5V-120V DC Digital Display Voltmeter for Car Bicycle Motorcycle,R45,
585,C_00662,AIRFRAMES,1,2160.00,2025-06-24,Micro-Railway,Verified,SOURCE READY (scope undecided),,,Top Canopy,R5,
586,C_00130,PAYLOAD,3,34532.00,2025-06-26,Kamikaze - FPV,Verified,SOURCE READY (scope undecided),,,Axisflying Dual Camera Model Thermal Imaging / FPV diy Cameras for day and night fpv camera / 256*192 camera,L3,
587,C_00547,COMMUNICATION,10,7017.00,2025-06-26,Kamikaze - FPV,Verified,SOURCE READY (scope undecided),,,Radiomaster Pocket Radio Controller - ELRS Version (Transparent),R48,
588,C_00628,ELECTRICALS,8,5110.00,2025-06-26,Kamikaze - FPV,Verified,BLOCKED,Comp ID C_00628 has differing Component Specification across positive-stock rows; confirm the correct component ID for each distinct part,,T-motor Cine 60 6S Motor For 6â€ X4 Cinematic FPV Drone,,
589,C_00629,ELECTRICALS,20,1940.00,2025-06-26,Kamikaze - FPV,Verified,SOURCE READY (scope undecided),,,T-Motor F2203.5 KV1500,R18,Black Box
590,C_00630,ELECTRONICS,1,11896.00,2025-06-26,Kamikaze - FPV,Verified,SOURCE READY (scope undecided),,"Original Shipping retained in source metadata, not added to current valuation",T-Motor F55A Pro III 3-8S 4in1 ESC,R32,
591,C_00687,ELECTRONICS,3,1808.57,2025-06-26,Kamikaze - FPV,Verified,SOURCE READY (scope undecided),,"Original Shipping retained in source metadata, not added to current valuation",VAS 5.8GHz Minion Pro SMA Short Antenna (RHCP),R31,A50
592,C_00351,ACCESSORIES,1,9600.00,2025-06-27,R&D 5L Agri,Doubt (need to check where it is located),BLOCKED,Physical stock verification requires review: Doubt (need to check where it is located),"Original Shipping retained in source metadata, not added to current valuation",HS Foam,,
595,C_00548,COMMUNICATION,1,2380.00,2025-06-28,Kamikaze - FPV,Verified,SOURCE READY (scope undecided),,"Original Shipping retained in source metadata, not added to current valuation",Radiomaster RP1 V2 ELRS 2.4GHz Nano Receiver W/UFL Antenna,,
596,C_00548,COMMUNICATION,6,2665.72,2025-06-28,Kamikaze - FPV,Verified,SOURCE READY (scope undecided),,"Original Shipping retained in source metadata, not added to current valuation",Radiomaster RP1 V2 ELRS 2.4GHz Nano Receiver W/UFL Antenna,R48,
597,C_00668,AIRFRAMES,2,1356.00,2025-07-01,Micro-Railway,Doubt (need to check where it is located),BLOCKED,Physical stock verification requires review: Doubt (need to check where it is located),,Top Rod,,
602,C_00035,ELECTRICALS,1,1191.00,2025-07-02,Horizontal Sprayer,Verified,SOURCE READY (scope undecided),,"Original Shipping retained in source metadata, not added to current valuation",25Kg Full Metal Gear Digital Servo with 25T Arm Default 90-180 Degrees,R41,
604,C_00428,ACCESSORIES,1,189.52,2025-07-02,Kamikaze - FPV,Verified,SOURCE READY (scope undecided),,"Original Shipping retained in source metadata, not added to current valuation",M3 Silicone Grommets - 8mm (pack of 10),R12,GR-01
605,NA,ACCESSORIES,2,60.00,2025-07-03,R&D 5L Agri,Verified,BLOCKED,Missing or placeholder Comp ID,,Battery strap,,
612,C_00340,ELECTRICALS,1,12000.00,2025-07-03,BHIMA,Verified,BLOCKED,Comp ID C_00340 has differing Component Specification across positive-stock rows; confirm the correct component ID for each distinct part,,Hobbywing X8 CCW Combo,R19,V1
613,C_00341,ELECTRICALS,1,12000.00,2025-07-03,BHIMA,Verified,BLOCKED,Comp ID C_00341 has differing Component Specification across positive-stock rows; confirm the correct component ID for each distinct part,,Hobbywing X8 CW Combo,R19,V1
617,C_00084,ELECTRICALS,2,39600.00,2025-07-04,Bomb Dropper - BHIMA,Doubt (need to check where it is located),BLOCKED,Physical stock verification requires review: Doubt (need to check where it is located); Comp ID C_00084 has differing Component Specification across positive-stock rows; confirm the correct component ID for each distinct part,,6S 30000mAh Solid State Battery,Inv,
618,C_00084,ELECTRICALS,2,39600.00,2025-07-04,Bomb Dropper - BHIMA,Doubt (need to check where it is located),BLOCKED,Physical stock verification requires review: Doubt (need to check where it is located); Comp ID C_00084 has differing Component Specification across positive-stock rows; confirm the correct component ID for each distinct part,,6S 30000mAh Solid State Battery,Inv,
619,C_00110,ELECTRICALS,2,171.42,2025-07-04,Kamikaze - FPV,Verified,SOURCE READY (scope undecided),,"Original Shipping retained in source metadata, not added to current valuation",Amass Waterproof XT60 Connector (XT60W-XT60EW) Pair,R22,
621,C_00659,ACCESSORIES,1,508.40,2025-07-04,Kamikaze - FPV,Verified,SOURCE READY (scope undecided),,,"Threade Round Spacers M3x5.5, 35mm (Pack of 25)",,
622,C_00660,ACCESSORIES,1,593.20,2025-07-04,Kamikaze - FPV,Verified,SOURCE READY (scope undecided),,"Original Shipping retained in source metadata, not added to current valuation","Threade Round Spacers M3x5.5, 40mm (Pack of 25)",,
624,C_00066,PAYLOAD,1,10000.00,2025-07-05,R&D 5L Agri,Verified,SOURCE READY (scope undecided),,"Original Shipping retained in source metadata, not added to current valuation",5L Agriculture drone tank,Assembly Area,
633,C_00285,AIRFRAMES,2,850.00,2025-07-05,R&D 5L Agri,Verified,BLOCKED,"Comp ID C_00285 has differing Component Specification, Comp Type across positive-stock rows; confirm the correct component ID for each distinct part","Original Shipping retained in source metadata, not added to current valuation",Glass Fibre Sheet 600x500x2mm,,
644,C_00217,ELECTRONICS,9,64.06,2025-07-07,Kamikaze - FPV,Verified,SOURCE READY (scope undecided),,,EEUFR1V102 - Electrolytic Capacitor,R31,
650,C_00037,AIRFRAMES,2,2465.00,2025-07-08,R&D 5L Agri,Verified,SOURCE READY (scope undecided),,"Original Shipping retained in source metadata, not added to current valuation",25x22x1000mm Carbon Fiber Tube,,
653,C_00259,AIRFRAMES,1,1242.70,2025-07-09,Micro-Railway,Doubt (need to check where it is located),BLOCKED,Physical stock verification requires review: Doubt (need to check where it is located); Comp ID C_00259 has differing Component Specification across positive-stock rows; confirm the correct component ID for each distinct part,,Flight Stack Holder 22mm,,
656,C_00051,PAYLOAD,10,960.00,2025-07-10,Bomb Dropper - BHIMA,Verified,SOURCE READY (scope undecided),,,3D Printing- FDM PLA+PL_3 v2 Density;50%,R8,
657,C_00052,PAYLOAD,10,850.00,2025-07-10,Bomb Dropper - BHIMA,Verified,SOURCE READY (scope undecided),,"Original Shipping retained in source metadata, not added to current valuation",3D Printing- FDM PLA+PL_6v2 Density;50%,R8,
658,NA,ACCESSORIES,1,244.28,2025-07-10,Kamikaze - FPV,Verified,BLOCKED,Missing or placeholder Comp ID,"Original Shipping retained in source metadata, not added to current valuation","Command Large Picture Hanging Strips,4 Pairs",R12,
660,C_00047,AIRFRAMES,3,200.00,2025-07-11,Kamikaze - FPV,Verified,SOURCE READY (scope undecided),,,3D printing Service-TPU Antenna Holder,R7,
661,C_00048,AIRFRAMES,6,100.00,2025-07-11,Kamikaze - FPV,Verified,SOURCE READY (scope undecided),,,3D Printing Service-TPU Part 7,R7,
662,C_00049,AIRFRAMES,6,100.00,2025-07-11,Kamikaze - FPV,Verified,SOURCE READY (scope undecided),,,"3D Printing Service-TPU, Motor Guard",R6,
663,C_00050,AIRFRAMES,3,400.00,2025-07-11,Kamikaze - FPV,Verified,SOURCE READY (scope undecided),,"Original Shipping retained in source metadata, not added to current valuation","3D Printing Service-TPU,EO-IR Camera Holder",R7,
665,C_00079,ELECTRICALS,1,3000.00,2025-07-14,Kamikaze - FPV,Doubt (need to check where it is located),BLOCKED,Physical stock verification requires review: Doubt (need to check where it is located),,6S 1P Lithium Battery,,
666,C_00083,ELECTRICALS,4,6000.00,2025-07-14,Kamikaze - FPV,Doubt (need to check where it is located),BLOCKED,Physical stock verification requires review: Doubt (need to check where it is located),,6S 2P Lithium Battery,,
667,C_00167,AIRFRAMES,1,1000.00,2025-07-14,Kamikaze - FPV,Doubt (need to check where it is located),BLOCKED,Physical stock verification requires review: Doubt (need to check where it is located),,Camera Board Enclosure & Damp,,
668,C_00304,ELECTRONICS,1,6027.62,2025-07-14,Kamikaze - FPV,Doubt (need to check where it is located),BLOCKED,Physical stock verification requires review: Doubt (need to check where it is located),,HGLRC ZEUS VTX 2.5W,R34,A22
670,C_00041,ELECTRICALS,4,1000.00,2025-07-14,Kamikaze - FPV,Verified,SOURCE READY (scope undecided),,,2S 1P 3400mAh Lithium Battery,Charging Room,
671,C_00060,ACCESSORIES,2,42.37,2025-07-14,Kamikaze - FPV,Verified,SOURCE READY (scope undecided),,"Original Shipping retained in source metadata, not added to current valuation",4mm UD 6mm Grove Hole Grommet (Pack of 25),R12,GR-01
673,C_00142,AIRFRAMES,3,406.00,2025-07-14,Kamikaze - FPV,Verified,SOURCE READY (scope undecided),,,Battery Plate - 2mm,,
675,C_00259,AIRFRAMES,1,406.00,2025-07-14,Kamikaze - FPV,Verified,BLOCKED,Comp ID C_00259 has differing Component Specification across positive-stock rows; confirm the correct component ID for each distinct part,,Flight Stack Holder 22mm,R2,
677,C_00546,ELECTRONICS,2,5841.25,2025-07-14,Kamikaze - FPV,Verified,SOURCE READY (scope undecided),,,RadioMaster 2.4GHz RM 4in1 Module,R32,
678,C_00734,ACCESSORIES,2,908.13,2025-07-14,Kamikaze - FPV,Verified,BLOCKED,Comp ID C_00734 has differing Component Specification across positive-stock rows; confirm the correct component ID for each distinct part,,Spray Paint - Khaki,,
680,C_00205,ELECTRICALS,4,219.69,2025-07-15,Kamikaze - FPV,Doubt (need to check where it is located),BLOCKED,Physical stock verification requires review: Doubt (need to check where it is located),"Original Shipping retained in source metadata, not added to current valuation",DMEGC INR18650-32E 3.7V 3200mAh Li-ion Battery,R24,
681,C_00114,ELECTRICALS,4,33.00,2025-07-16,Bomb Dropper - BHIMA,Verified,SOURCE READY (scope undecided),,"Original Shipping retained in source metadata, not added to current valuation",Amass XT60E-M Mountable XT60 Male Connectors,R22,A61
682,C_00580,AIRFRAMES,3,770.00,2025-07-16,Kamikaze - FPV,Verified,SOURCE READY (scope undecided),,,Side Canopy,,
683,C_00581,AIRFRAMES,3,770.00,2025-07-16,Kamikaze - FPV,Verified,SOURCE READY (scope undecided),,"Original Shipping retained in source metadata, not added to current valuation",Side Canopy 2,,
685,C_00209,ACCESSORIES,1,4770.00,2025-07-18,Kamikaze - FPV,Verified,SOURCE READY (scope undecided),,"Original Shipping retained in source metadata, not added to current valuation",Drone Foam - FPV,,
692,C_00476,ACCESSORIES,1,6133.15,2025-07-22,Kamikaze - FPV,Verified,SOURCE READY (scope undecided),,,MG Chemicals Brown Acrylic Aerosol Conductive Lacq,R12,
693,C_00033,ELECTRICALS,1,1500.00,2025-07-28,Micro-Railway,Doubt (need to check where it is located),BLOCKED,Physical stock verification requires review: Doubt (need to check where it is located),Invalid HSN retained in source metadata only,21V 8Ah Si-NMC Li-Ion Cell Battery,,
695,C_00514,ELECTRONICS,9,65.36,2025-07-28,Kamikaze - FPV,Verified,SOURCE READY (scope undecided),,,Panasonic 1000uF Aluminium Electrolytic Capacitor,R31,
696,C_00015,ELECTRONICS,1,14843.94,2025-07-31,Bomb Dropper - BHIMA,Verified,SOURCE READY (scope undecided),,,17-HG2418P L-Com ANTPANEL 2.4GHz 18dB Antennas,R35,
698,C_00093,ELECTRONICS,4,572.46,2025-07-31,Bomb Dropper - BHIMA,Verified,SOURCE READY (scope undecided),,,960-GW593153 Taoglas GW.59 2.4.5/5.8GHZ 3dB Antennas,R35,A13
699,C_00174,ELECTRICALS,1,175.00,2025-07-31,Bomb Dropper - BHIMA,Excess in stock,BLOCKED,Physical stock verification requires review: Excess in stock,,CAT6 Cable 5M,R45,
701,C_00562,ELECTRONICS,1,250.00,2025-07-31,Bomb Dropper - BHIMA,Verified,SOURCE READY (scope undecided),,,RJ 45 Connectors,R45,
702,C_00085,ELECTRICALS,1,4500.00,2025-08-01,Kamikaze - FPV,Excess in stock,BLOCKED,Physical stock verification requires review: Excess in stock; Comp ID C_00085 has differing Component Specification across positive-stock rows; confirm the correct component ID for each distinct part,,6S 5000mAh Lithium Battery,,
704,C_00734,ACCESSORIES,2,933.90,2025-08-02,Kamikaze - FPV,Verified,BLOCKED,Comp ID C_00734 has differing Component Specification across positive-stock rows; confirm the correct component ID for each distinct part,"Original Round-off retained in source metadata, not added to current valuation",Spray Paint - Khaki,,
705,C_00733,ACCESSORIES,2,933.90,2025-08-02,Kamikaze - FPV,Verified,SOURCE READY (scope undecided),,"Original Round-off retained in source metadata, not added to current valuation",Spray Paint - Sand Brown,,
706,C_00707,ELECTRONICS,1,633.33,2025-08-04,Bomb Dropper - BHIMA,Verified,BLOCKED,Comp ID C_00707 has differing Component Specification across positive-stock rows; confirm the correct component ID for each distinct part,"Original Shipping retained in source metadata, not added to current valuation",YRRC 2-13S 5V 5A BEC,R26,A17
707,C_00172,ACCESSORIES,5,15000.00,2025-08-05,Bhumi,Verified,SOURCE READY (scope undecided),,,Carry Case Ex: 910x830x730mm In:880x800x700mm without wheel,Carrycase Room,
708,C_00722,ELECTRONICS,7,20.00,2025-08-08,Bomb Dropper - BHIMA,Verified,SOURCE READY (scope undecided),,"Original Shipping retained in source metadata, not added to current valuation; Original Round-off retained in source metadata, not added to current valuation",MAX3232 XD-26 MCU Mini RS232 to TTL Converter Module UART,R35,A13
709,C_00735,ACCESSORIES,2,933.90,2025-08-11,Kamikaze - FPV,Verified,SOURCE READY (scope undecided),,"Original Round-off retained in source metadata, not added to current valuation",Spray Paint - Army Green,,
710,C_00736,ACCESSORIES,2,955.93,2025-08-11,Kamikaze - FPV,Verified,SOURCE READY (scope undecided),,"Original Round-off retained in source metadata, not added to current valuation",Spray Paint - Earth Brown,,
714,C_00732,ELECTRICALS,1,200.00,2025-08-13,Bomb Dropper - BHIMA,Verified,BLOCKED,Comp ID C_00732 has differing Component Specification across positive-stock rows; confirm the correct component ID for each distinct part,,"3AN Telecom SMA Male to N Male Coax Cables,SMA Connectors to Antenna Cables Assemblies Low Loss WiFi Extender Extension Pigtail Jumpers RF coaxial Cables 1MTR /100 CM 1Pack, Black",R28,RF-01
716,C_00730,ACCESSORIES,1,609.52,2025-08-18,Kamikaze - FPV,Doubt (need to check where it is located),BLOCKED,Physical stock verification requires review: Doubt (need to check where it is located),"Original Shipping retained in source metadata, not added to current valuation",Flywoo 3pcs Flywoo Ultra Grip FPV Battery Pad,,
718,C_00557,ELECTRONICS,2,210.93,2025-08-18,Inventory/Office,Verified,SOURCE READY (scope undecided),,"Original Shipping retained in source metadata, not added to current valuation",Readytosky 2-6S 5v/3A and 12V/3A switchable UBEC,R28,A17
719,C_00726,AIRFRAMES,1,1575.00,2025-08-19,Kamikaze - FPV,Doubt (need to check where it is located),BLOCKED,Physical stock verification requires review: Doubt (need to check where it is located),,Mount Plate CF 310x310x1.5mm,,
720,C_00725,AIRFRAMES,1,3800.00,2025-08-19,Kamikaze - FPV,Doubt (need to check where it is located),BLOCKED,Physical stock verification requires review: Doubt (need to check where it is located),,Quad Frame CF 310x310x4mm,,
721,C_00729,ACCESSORIES,2,111.43,2025-08-19,Kamikaze - FPV,Verified,SOURCE READY (scope undecided),,"Original Shipping retained in source metadata, not added to current valuation",4in1 Wire Brush Protection Tube 65mm for Brushless Motor,,
723,C_00728,ACCESSORIES,1,46.67,2025-08-21,Kamikaze - FPV,Verified,SOURCE READY (scope undecided),,"Original Shipping retained in source metadata, not added to current valuation",M3 Rubber Damper Balls - 9x6x3 (Pack of 4),R12,
724,C_00724,ELECTRICALS,11,675.00,2025-08-22,Kamikaze - FPV,Verified,BLOCKED,"Comp ID C_00724 has differing Description, Component Specification across positive-stock rows; confirm the correct component ID for each distinct part",,Molicel 21700 P50B 5000mAh 60A Lithium Ion Battery,R24,
725,C_00724,ELECTRICALS,25,675.00,2025-08-22,Kamikaze - FPV,Verified,BLOCKED,"Comp ID C_00724 has differing Description, Component Specification across positive-stock rows; confirm the correct component ID for each distinct part",,Molicel 21700 P50B 5000mAh 60A Lithium Ion Battery,R24,
726,C_00723,ELECTRONICS,5,1550.00,2025-08-25,Bomb Dropper - BHIMA,Verified,SOURCE READY (scope undecided),,,24Pin M16 Plug and Socket Panel Mount Connector Straight,R35,A13
727,C_00628,ELECTRICALS,5,4400.00,2025-08-25,Kamikaze - FPV,Verified,BLOCKED,Comp ID C_00628 has differing Component Specification across positive-stock rows; confirm the correct component ID for each distinct part,,T-motor Cine 60 6S Motor For 6” X4 Cinematic FPV Drone,R18,Black Box
728,C_00721,ELECTRICALS,3,0.00,2025-09-02,Kamikaze - FPV,Verified,SOURCE READY (scope undecided),,,4S 5000mAh Lithium Battery,Charging Room,
729,C_00720,ELECTRONICS,5,2422.00,2025-09-03,Bomb Dropper - BHIMA,Verified,SOURCE READY (scope undecided),,"Original Shipping retained in source metadata, not added to current valuation","Pololu 5579 24V, 4A Step-down Voltage Regulator D42V55F24",R26,A37
730,NA,AIRFRAMES,1,4234.00,2025-09-03,R&D 5L Agri,Verified,BLOCKED,Missing or placeholder Comp ID,,Sri Ganapathi Engineering works' Machining Cost for 5L Agri,,
731,NA,AIRFRAMES,1,20692.00,2025-09-03,Bomb Dropper - BHIMA,Unlabelled colour,BLOCKED,Physical stock verification requires review: Unlabelled colour; Missing or placeholder Comp ID,,Sri Ganapathi Engineering works' Machining Cost for BHIMA Payload Dropping,,
732,C_00545,ELECTRICALS,40,350.00,2025-09-10,BHUMI,Verified,SOURCE READY (scope undecided),,,QS8 Male & Female Pair Anti-Spark Connectors,,
733,C_00741,COMMUNICATION,2,8286.02,2025-09-15,Kamikaze - FPV,Verified,SOURCE READY (scope undecided),,"Original Shipping retained in source metadata, not added to current valuation",6027 IRC Ghost JR 2.4 Tx,R48,
734,C_00742,ELECTRONICS,4,3104.02,2025-09-15,Kamikaze - FPV,Verified,SOURCE READY (scope undecided),,"Original Shipping retained in source metadata, not added to current valuation",6030 IRC Ghost Atto Receiver,R31,A50
735,C_00069,COMMUNICATION,1,4762.26,2025-09-15,Kamikaze - FPV,Verified,SOURCE READY (scope undecided),,"Original Shipping retained in source metadata, not added to current valuation",6066 IRC Ghost Uberlite Tx,,
736,C_00748,ELECTRONICS,1,15540.82,2025-09-15,Kamikaze - FPV,Verified,SOURCE READY (scope undecided),,"Original Shipping retained in source metadata, not added to current valuation",6087 IRC RF Power Meter v2,R32,
737,C_00749,COMMUNICATION,1,8575.17,2025-09-15,Kamikaze - FPV,Verified,SOURCE READY (scope undecided),,"Original Shipping retained in source metadata, not added to current valuation",6150 Orqa FPV.Ace Chapter #1,,
738,C_00740,COMMUNICATION,1,10358.82,2025-09-15,Kamikaze - FPV,Verified,SOURCE READY (scope undecided),,"Original Shipping retained in source metadata, not added to current valuation",6219 Orqa FPV.Ctrl,R48,
739,C_00751,AIRFRAMES,2,872.50,2025-09-19,Vyoma,Verified,SOURCE READY (scope undecided),,"Original Shipping retained in source metadata, not added to current valuation; Original Round-off retained in source metadata, not added to current valuation",1000x100x12mm Balsa Sheet,Above L Rack,
740,C_00750,AIRFRAMES,5,210.00,2025-09-19,Vyoma,Verified,SOURCE READY (scope undecided),,"Original Shipping retained in source metadata, not added to current valuation",1000x100x1mm Balsa Sheet,Above L Rack,
741,C_00707,ELECTRONICS,3,633.33,2025-09-20,Bomb Dropper - BHIMA,Verified,BLOCKED,Comp ID C_00707 has differing Component Specification across positive-stock rows; confirm the correct component ID for each distinct part,"Original Shipping retained in source metadata, not added to current valuation",YRRC 2-13S 5V 5A BEC,R26,A17
742,C_00757,ELECTRONICS,1,1279.81,2025-09-22,Micro-Warehouse,Verified,SOURCE READY (scope undecided),,"Original Shipping retained in source metadata, not added to current valuation",AC8265 Wireless NIC for Jetson Nano WiFi / Bluetooth,R28,
744,C_00755,PAYLOAD,3,29907.48,2025-09-22,Micro-Warehouse,Verified,SOURCE READY (scope undecided),,"Original Shipping retained in source metadata, not added to current valuation",Intel RealSense Depth Camera D415,L8,
750,C_00756,ELECTRONICS,1,1576.97,2025-09-22,Micro-Warehouse,Verified,SOURCE READY (scope undecided),,"Original Shipping retained in source metadata, not added to current valuation","Waveshare 4-Ch USB 3.2 Gen1 HUB, Metal Case With Wall-Mount Support, Driver-Free, Plug-And-Play, Multiple Systems Support",R31,PO-177
752,C_00002,ELECTRONICS,1,125.72,2025-09-24,Micro-Warehouse,Verified,BLOCKED,"Comp ID C_00002 has differing Category, Component Specification across positive-stock rows; confirm the correct component ID for each distinct part","Original Shipping retained in source metadata, not added to current valuation",100A Multirotor ESC Power Distribution Battery Board (PBD),R21,A9
753,C_00759,ELECTRONICS,1,60465.00,2025-09-25,Micro-Warehouse,Verified,SOURCE READY (scope undecided),,"Original Round-off retained in source metadata, not added to current valuation",NVIDIA Jetson Orin NX 16GB Module,R28,
762,C_00766,AIRFRAMES,2,17565.00,2025-09-30,Astra-x,Doubt (need to check where it is located),BLOCKED,Physical stock verification requires review: Doubt (need to check where it is located),"Original Shipping retained in source metadata, not added to current valuation",T-motor NS24x7.2-10mm Hole Propellers 1CW 1CCW - 1Pair,Before L1,
770,C_00767,ELECTRONICS,6,5900.45,2025-09-30,Astra-x,Verified,SOURCE READY (scope undecided),,"Original Shipping retained in source metadata, not added to current valuation",T-Motor Alpha 40A LV 500Hz 4-6S LiPo ESC,R33,A65
778,C_00777,ACCESSORIES,1,113.56,2025-10-06,Astra-x,Verified,SOURCE READY (scope undecided),,"Original Shipping retained in source metadata, not added to current valuation",Tool Bag for YIHUA 928D-IV,R45,
781,C_00795,ELECTRICALS,2,2723.38,2025-10-09,Astra-x,Doubt (need to check where it is located),BLOCKED,Physical stock verification requires review: Doubt (need to check where it is located),,"336320-12-0250 - Cable Assembly Coaxial U.FL (UMCC), AMC to RP-SMA 1.13mm OD Coaxial Cable 9.843"" (250.00mm)",R28,
783,C_00784,ACCESSORIES,1,4600.00,2025-10-09,Astra-x,Unlabelled colour,BLOCKED,Physical stock verification requires review: Unlabelled colour,,"HAHER20-Quad-26"" GCS Foam",Carrycase Room,
784,C_00785,ACCESSORIES,1,1200.00,2025-10-09,Astra-x,Unlabelled colour,BLOCKED,Physical stock verification requires review: Unlabelled colour,,"HAHER20-Quad-26"" GCS Top Foam",Carrycase Room,
785,C_00786,ACCESSORIES,1,2100.00,2025-10-09,Astra-x,Unlabelled colour,BLOCKED,Physical stock verification requires review: Unlabelled colour,,"HAHER20-Quad-26"" Patch Antenna Foam",Carrycase Room,
787,C_00787,ELECTRONICS,2,3559.00,2025-10-09,Astra-x,Doubt (need to check where it is located),BLOCKED,Physical stock verification requires review: Doubt (need to check where it is located),,"RF Antenna, Dipole, 2.4 GHz to 2.5 GHz, Linear, RP SMA Connector, 4.22 dBi - TAOGLAS - GW.34.5153",Assembly Area,
797,C_00366,ELECTRICALS,17,38.95,2025-10-09,Astra-x,Verified,SOURCE READY (scope undecided),,,JST - 15cm Crimp Cable - AGHGH28K152,R23,Black Box
803,C_00797,ACCESSORIES,1,393.75,2025-10-10,Astra-x,Verified,SOURCE READY (scope undecided),,,"Grommet 0.250"" (6.35mm) Circular 0.375"" (9.53mm) Black - MFG-740 (Pack of 25)",R45,
810,C_00796,ACCESSORIES,2,95.97,2025-10-10,Astra-x,Verified,SOURCE READY (scope undecided),,"Original Shipping retained in source metadata, not added to current valuation",M3 Nylon Flat Washer OD 8mm - MFG-16M03080080B (Pack of 25),R45,
815,C_00645,ACCESSORIES,1,283.00,2025-10-13,BHUMI,Verified,SOURCE READY (scope undecided),,"Original Round-off retained in source metadata, not added to current valuation",Tank Screws Pack of 4,R10,
819,C_00811,AIRFRAMES,4,1141.90,2025-10-16,Astra-x,Verified,SOURCE READY (scope undecided),,"Original Shipping retained in source metadata, not added to current valuation",1655 propellers 1CW 1CCW-1Pair,R4,
825,C_00805,ELECTRICALS,6,27000.00,2025-10-17,Astra-x,Verified,SOURCE READY (scope undecided),,,6S 30000mAh Battery,Charging Room,
830,C_00770,AIRFRAMES,1,150.00,2025-10-25,Astra-x,Verified,BLOCKED,"Comp ID C_00770 has differing Description, Component Specification across positive-stock rows; confirm the correct component ID for each distinct part",,16x14x1000mm Carbon Fiber Circular Tube,Assembly Area,
835,C_00807,AIRFRAMES,1,4400.00,2025-10-25,Astra-x,Verified,SOURCE READY (scope undecided),,,Fixed Arm Part for 25x23mm CF Square Tube,R42,
839,C_00821,AIRFRAMES,1,524.00,2025-10-25,Astra-x,Verified,SOURCE READY (scope undecided),,,"HAHER20-Quad-26"" Doodle Labs Enclosure",,
849,C_00084,ELECTRICALS,2,37080.00,2025-10-27,Astra-x,Doubt (need to check where it is located),BLOCKED,Physical stock verification requires review: Doubt (need to check where it is located); Comp ID C_00084 has differing Component Specification across positive-stock rows; confirm the correct component ID for each distinct part,"Original Round-off retained in source metadata, not added to current valuation",6S 30000mAh Solid State Battery,Assembly Area,
858,C_00821,AIRFRAMES,2,520.00,2025-10-30,Astra-x,Verified,SOURCE READY (scope undecided),,,"HAHER20-Quad-26"" Doodle Labs Enclosure",R9,A73
863,C_00203,ELECTRICALS,1,313.56,2025-10-31,Astra-x,Verified,SOURCE READY (scope undecided),,"Original Shipping retained in source metadata, not added to current valuation",DH-24-J/RJ45/213/SX-43-401-CNLINKO-Cat5e Female Socket IP67 Waterproof Ethernet Connector Panel Mount,R45,
864,C_00238,ACCESSORIES,5,8380.00,2025-11-03,BHUMI,Verified,SOURCE READY (scope undecided),,"Original Shipping retained in source metadata, not added to current valuation",EPE - Foam (Bhumi) 870x790x350mm,Carrycase Room,
865,C_00085,ELECTRICALS,1,,2025-11-06,Warehouse,Excess in stock,BLOCKED,Physical stock verification requires review: Excess in stock; Unit Price is missing or invalid; Comp ID C_00085 has differing Component Specification across positive-stock rows; confirm the correct component ID for each distinct part,,6S 5000mAh Lithium Battery,,
870,C_00085,ELECTRICALS,1,,2025-11-10,Warehouse,Excess in stock,BLOCKED,Physical stock verification requires review: Excess in stock; Unit Price is missing or invalid; Comp ID C_00085 has differing Component Specification across positive-stock rows; confirm the correct component ID for each distinct part,,6S 5000mAh Lithium Battery,,
871,C_00838,ELECTRICALS,1,1800.00,2025-11-10,Astra-x,Verified,SOURCE READY (scope undecided),,,Dummy Battery,,
872,C_00834,ELECTRICALS,1,8729.66,2025-11-11,Warehouse,Verified,SOURCE READY (scope undecided),,,SkyRC D260 Duo 260W Dual Channel AC/DC LiPo / LiFe / LiIon / LiHV / NiMH / NiCd / Pb Balance Charger + Discharger + Power Supply,Charging Room,
873,C_00082,ELECTRICALS,6,13625.00,2025-11-12,BHUMI,Doubt (need to check where it is located),BLOCKED,Physical stock verification requires review: Doubt (need to check where it is located),,6S 22000mAh Tattu Battery,Charging Room,
874,C_00838,ELECTRICALS,2,1500.00,2025-11-12,Astra-x,Verified,SOURCE READY (scope undecided),,,Dummy Battery,,
875,C_00721,ELECTRICALS,3,3000.00,2025-11-13,Kamikaze - FPV,Doubt (need to check where it is located),BLOCKED,Physical stock verification requires review: Doubt (need to check where it is located),,4S 5000mAh Lithium Battery,Charging Room,
877,C_00846,ACCESSORIES,1,320.00,2025-11-20,BHUMI,Verified,SOURCE READY (scope undecided),,"Original Shipping retained in source metadata, not added to current valuation",M4 Allen Socket head SS304 assorted box,R13,
878,C_00787,ELECTRONICS,10,463.01,2025-11-21,Astra-x,Verified,SOURCE READY (scope undecided),,"Original Round-off retained in source metadata, not added to current valuation","RF Antenna, Dipole, 2.4 GHz to 2.5 GHz, Linear, RP SMA Connector, 4.22 dBi - TAOGLAS - GW.34.5153",R45,
879,C_00765,AIRFRAMES,2,26190.47,2025-11-24,Astra-x,Verified,SOURCE READY (scope undecided),,"Original Shipping retained in source metadata, not added to current valuation; Original Round-off retained in source metadata, not added to current valuation",T-motor NS26x8.5 Propellers 1CW 1CCW - 1Pair,Before L1,
881,C_00847,AIRFRAMES,2,757.14,2025-12-01,Warehouse,Verified,SOURCE READY (scope undecided),,"Original Shipping retained in source metadata, not added to current valuation; Original Round-off retained in source metadata, not added to current valuation",1355 propellers 1CW 1CCW-1Pair,R4,PR1
883,C_00116,ELECTRICALS,2,25.00,2025-12-01,BHUMI,Verified,BLOCKED,Comp ID C_00116 has differing Component Specification across positive-stock rows; confirm the correct component ID for each distinct part,,Amass XT60H Male Connectors with Housing,R22,A62
884,C_00117,ELECTRICALS,1,148.00,2025-12-01,BHUMI,Verified,SOURCE READY (scope undecided),,,Amass XT90 Female Connectors with Housing,R22,A59
885,C_00117,ELECTRICALS,25,54.00,2025-12-01,BHUMI,Verified,SOURCE READY (scope undecided),,,Amass XT90 Female Connectors with Housing,R22,A59
886,C_00848,ELECTRICALS,22,52.00,2025-12-01,BHUMI,Verified,SOURCE READY (scope undecided),,,Amass XT90 Male Connectors with Housing,R22,A62
887,C_00125,ELECTRICALS,13,116.94,2025-12-01,BHUMI,Verified,SOURCE READY (scope undecided),,"Original Shipping retained in source metadata, not added to current valuation",AS150 Female Connector,R22,
888,C_00126,ELECTRICALS,11,210.28,2025-12-01,BHUMI,Verified,SOURCE READY (scope undecided),,"Original Shipping retained in source metadata, not added to current valuation",AS150 Male Connector,R22,
889,C_00082,ELECTRICALS,4,13559.32,2025-12-02,BHUMI,Doubt (need to check where it is located),BLOCKED,Physical stock verification requires review: Doubt (need to check where it is located),"Original Shipping retained in source metadata, not added to current valuation",6S 22000mAh Tattu Battery,Charging Room,
892,C_00111,ELECTRICALS,27,14.00,2025-12-05,BHUMI,Verified,SOURCE READY (scope undecided),,,Amass XT30 Female Connectors,R22,A59
893,C_00112,ELECTRICALS,29,14.00,2025-12-05,BHUMI,Verified,SOURCE READY (scope undecided),,,Amass XT30 Male Connectors,R22,A62
894,C_00228,PAYLOAD,27,750.00,2025-12-05,BHUMI,Verified,SOURCE READY (scope undecided),,"Original Shipping retained in source metadata, not added to current valuation",EFT Extension Rod High Pressure Nozzles,R51,
895,C_00333,AIRFRAMES,19,1200.00,2025-12-05,BHUMI,Excess in stock,BLOCKED,Physical stock verification requires review: Excess in stock; Comp ID C_00333 has differing Component Specification across positive-stock rows; confirm the correct component ID for each distinct part,"Original Shipping retained in source metadata, not added to current valuation",Hobbywing 2480 CCW Propellers,Before L1,
896,C_00334,AIRFRAMES,19,1200.00,2025-12-05,BHUMI,Excess in stock,BLOCKED,Physical stock verification requires review: Excess in stock; Comp ID C_00334 has differing Component Specification across positive-stock rows; confirm the correct component ID for each distinct part,"Original Shipping retained in source metadata, not added to current valuation",Hobbywing 2480 CW Propellers,Before L1,
897,C_00545,ELECTRICALS,48,350.00,2025-12-05,BHUMI,Verified,SOURCE READY (scope undecided),,,QS8 Male & Female Pair Anti-Spark Connectors,R22,A2
909,C_00859,COMMUNICATION,2,38000.00,2025-12-16,Astra-x,Verified,SOURCE READY (scope undecided),,,Microhard PMDDL2450 Modem Only,Assembly Area & R48,
910,C_00724,ELECTRICALS,12,,2025-12-17,BHIMA,Verified,BLOCKED,"Unit Price is missing or invalid; Comp ID C_00724 has differing Description, Component Specification across positive-stock rows; confirm the correct component ID for each distinct part",,P50B-21700 CELLS,R24,
913,C_00858,ELECTRICALS,2,450.00,2025-12-20,BHIMA,Doubt (need to check where it is located),BLOCKED,Physical stock verification requires review: Doubt (need to check where it is located),,Cable Assemblies 85442090 TNC Male to SMA Male 1 mtr,R28,
914,C_00862,ELECTRONICS,1,29500.00,2025-12-23,BHUMI,Verified,SOURCE READY (scope undecided),,,Ag++ Flight Controller with AeroGCS GREEN-T,R32,
915,C_00863,ELECTRONICS,1,15000.00,2025-12-23,BHUMI,Verified,SOURCE READY (scope undecided),,,NamoAG Navigation Device-T,R34,
917,C_00829,ACCESSORIES,4,350.00,2025-12-24,Astra-x,Verified,SOURCE READY (scope undecided),,,HAHER20 M4x25mm for Motor Customized Spacer Set,,
918,C_00872,ACCESSORIES,1,985.59,2025-12-26,BHIMA,Verified,SOURCE READY (scope undecided),,,"CAMVATE 1/4""-20 Female to 5/8""-11 Male Screw Adapter for Tripod Laser Level Adapter Bosch (Aluminum Alloy) - 3239",R20,Blue Bin Bhima
920,C_00873,ELECTRONICS,1,4028.00,2025-12-27,Astra-x,Verified,SOURCE READY (scope undecided),,,Aero360 Data Link v.1.1,"R50,R35",
921,C_00197,ELECTRONICS,1,33890.00,2026-01-02,BHUMI,Verified,SOURCE READY (scope undecided),,"Original Round-off retained in source metadata, not added to current valuation",Cube Orange Plus with ADS-B Carrier Board,R32,
922,C_00592,COMMUNICATION,2,33095.00,2026-01-02,BHUMI,Verified,SOURCE READY (scope undecided),,,SIYI MK15 Remote Controller,R46,
923,NA,ACCESSORIES,1,143.63,2026-01-05,Astra-x,Verified,BLOCKED,Missing or placeholder Comp ID,,AR 12W/mk Thermal Pad (Size-80x40x0.5mm),R11,
925,C_00707,ELECTRONICS,6,628.57,2026-01-05,BHUMI,Verified,BLOCKED,Comp ID C_00707 has differing Component Specification across positive-stock rows; confirm the correct component ID for each distinct part,,YRRC 2-13S 5V 5A BEC,R26,A17
928,C_00468,ELECTRONICS,2,3999.00,2026-01-08,BHUMI,Verified,SOURCE READY (scope undecided),,,Mauch 076 HS 200A HV Sensor Board 10AWG Current Sensor,R34,A29
929,C_00469,ELECTRONICS,2,3850.00,2026-01-08,BHUMI,Verified,SOURCE READY (scope undecided),,,Mauch 084 4-14S HYB-BEC / 5.3V DF-13 - 4p,R34,A29
930,C_00470,ELECTRONICS,2,435.00,2026-01-08,BHUMI,Verified,SOURCE READY (scope undecided),,,Mauch 086 Adapter cable for Pixhawk 2 Bec,R34,A29
940,C_00622,ELECTRONICS,6,5600.00,2026-01-20,Astra-x,Verified,SOURCE READY (scope undecided),,,T-Motor Alpha 60A ESC 6-12S LiPo 500Hz No BEC,R33,
943,C_00891,COMMUNICATION,1,3681.00,2026-01-24,Inventory/Office,Verified,SOURCE READY (scope undecided),,"Original Round-off retained in source metadata, not added to current valuation",3DR 915MHz Telemetry Module Pair for Pixhawk and APM 500mw 2Km range,R26,A21
944,C_00904,AIRFRAMES,1,2380.00,2026-01-28,Inventory/Office,Verified,SOURCE READY (scope undecided),,,XL6 Carbon Fiber Frame,R1,
947,C_00883,ELECTRONICS,3,32.20,2026-02-03,bhumi,Verified,SOURCE READY (scope undecided),,"Original Shipping retained in source metadata, not added to current valuation",5V Single Channel RELAY Module,R26,
952,C_00914,ACCESSORIES,22,10.40,2026-02-07,Astra-x,Verified,SOURCE READY (scope undecided),,,M3 X 25mm Female to Female Brass with Nickel plating Hex Threaded Standoff Spacer,,
953,C_00911,ELECTRONICS,1,2380.00,2026-02-07,IIITDM,Verified,SOURCE READY (scope undecided),,"Original Shipping retained in source metadata, not added to current valuation",MATEK UBEC DUO 4A/5-12V & 4A/5V,R26,A17
954,C_00732,ELECTRICALS,1,321.22,2026-02-08,Astra-x,Verified,BLOCKED,Comp ID C_00732 has differing Component Specification across positive-stock rows; confirm the correct component ID for each distinct part,,"3AN Telecom SMA Male to N Male Coax Cables,SMA Connectors to Antenna Cables Assemblies Low Loss WiFi Extender Extension Pigtail Jumpers RF coaxial Cables 1MTR /100 CM 1Pack, Black",R28,RF-01
956,C_00791,ELECTRICALS,20,13.40,2026-02-09,Astra-x,Verified,SOURCE READY (scope undecided),,,5024390600 Connectors,R23,Black Box
957,C_00916,ELECTRICALS,22,30.28,2026-02-09,Astra-x,Verified,SOURCE READY (scope undecided),,,"AGHGH28K203 - Crimp cable JUMPER SSHL-002T-P0.2 X2 8""",R23,
958,C_00794,ELECTRICALS,7,6.10,2026-02-09,Astra-x,Verified,SOURCE READY (scope undecided),,,GHR-03V-S Connectors,R23,
961,C_00280,ELECTRICALS,18,10.05,2026-02-09,Astra-x,Verified,SOURCE READY (scope undecided),,,GHR-06V-S Connectors,R23,
962,C_00788,ELECTRICALS,5,10.27,2026-02-09,Astra-x,Verified,SOURCE READY (scope undecided),,,GHR-07V-S Connectors,R23,
963,C_00790,ELECTRICALS,8,10.36,2026-02-09,Astra-x,Verified,SOURCE READY (scope undecided),,,GHR-08V-S Connectors,R23,
964,'-,ACCESSORIES,1,468.58,2026-02-12,Inventory/Office,Verified,BLOCKED,Missing or placeholder Comp ID,,"Chanak Space Explorer Pneumatic Gun Include 12 Orange & 12 Yellow Soft Foam Ball, for Indoor Outdoor Use Safe for Boys Girls, Above 5+ Age, BIS Approved",R12,
967,'-,ACCESSORIES,1,1136.16,2026-02-16,Inventory/Office,Verified,BLOCKED,Missing or placeholder Comp ID,"Original Shipping retained in source metadata, not added to current valuation",eSUN 1.75mm eASA 3D Printing Filament 1Kg - Black,Assembly Area,
968,'-,ACCESSORIES,1,1041.16,2026-02-16,Inventory/Office,Verified,BLOCKED,Missing or placeholder Comp ID,,eSUN eABS+HS filament 1.75mm 1Kg - Grey,Assembly Area,
969,C_00836,ELECTRICALS,7,9.88,2026-02-17,Astra-x,Verified,SOURCE READY (scope undecided),,,GHR-05V-S Connector,R23,
970,C_00382,COMMUNICATION,2,1779.66,2026-02-17,Astra-x,Verified,SOURCE READY (scope undecided),,,Logitech Gamepad F310,R48,
973,'-,ACCESSORIES,1,1247.81,2026-02-23,Inventory/Office,Verified,BLOCKED,Missing or placeholder Comp ID,,"eSUN ePETG+HS 3D Printing Filament-1.75mm, Solid Black",R8,
974,C_00923,ELECTRICALS,40,26.30,2026-02-25,Inventory/Office,Verified,SOURCE READY (scope undecided),,,AGHGH28K102,R23,Black Box
977,C_00170,AIRFRAMES,1,3600.00,2026-03-09,BHUMI,Verified,BLOCKED,Comp ID C_00170 has differing Component Specification across positive-stock rows; confirm the correct component ID for each distinct part,,Canopy - BHUMI,R5,
978,'-,ACCESSORIES,6,26.37,2026-03-13,Inventory/Office,Verified,BLOCKED,Missing or placeholder Comp ID,,Anti-Static Anti-Skid ESD Gloves,R14,
980,'-,ACCESSORIES,6,199.15,2026-03-13,Inventory/Office,Verified,BLOCKED,Missing or placeholder Comp ID,"Original Shipping retained in source metadata, not added to current valuation",Noel Solder Wire,R14,
981,C_00857,PAYLOAD,1,0.00,2026-03-20,Inventory/Office,Verified,BLOCKED,"Comp ID C_00857 has differing Category, Description, Component Specification, Comp Type across positive-stock rows; confirm the correct component ID for each distinct part",Invalid HSN retained in source metadata only,30cm Nozzle Gun,R41,
982,C_00925,COMMUNICATION,3,13034.65,2026-03-26,Astra-x,Verified,SOURCE READY (scope undecided),,"Original Round-off retained in source metadata, not added to current valuation",RE14P-SM,R35,A72
984,C_00876,ELECTRICALS,6,8900.00,2026-03-26,Astra-x,Verified,SOURCE READY (scope undecided),,,T-Motor MN6007 II KV320,R17,A0
985,C_00890,AIRFRAMES,6,12500.00,2026-03-26,Astra-x,Verified,SOURCE READY (scope undecided),,,T-motor NS22x6.6 Propellers 1CW 1CCW - 1Pair,Before L1,
986,C_00857,ELECTRONICS,1,26500.00,2026-03-27,"TNAU, Coimbatore",Verified,BLOCKED,"Comp ID C_00857 has differing Category, Description, Component Specification, Comp Type across positive-stock rows; confirm the correct component ID for each distinct part",,Here 4 Multiband RTK GNNS,"R28,R6",A22
997,C_00898,ELECTRICALS,2,5961.99,2026-03-31,Inventory/Office,Verified,SOURCE READY (scope undecided),,"Original Shipping retained in source metadata, not added to current valuation",Pro-Range A Grade INR 21700-P45B 14.8V 9000mAh 10C 4S2P 70A/90A Discharge Li-ion Drone Battery Pack for FPV Drone,R23,
1004,C_00927,ACCESSORIES,80,5.00,2026-04-04,Astra-x,Verified,SOURCE READY (scope undecided),,,SS Compression Spring,R45,astra box
1012,C_00929,ELECTRONICS,24,2.66,2026-04-09,Astra-x,Verified,SOURCE READY (scope undecided),,,22uF 25V Multi Layered Ceramic Capacitor (MLCC) - SMD 0805 - CL21A226MAQNNNE,R31,dj
1014,C_00930,ELECTRONICS,8,23.10,2026-04-09,Astra-x,Verified,SOURCE READY (scope undecided),,"Original Shipping retained in source metadata, not added to current valuation",RV05-4 ESD Protection Array Diode – SOT-23 6L,R31,dj
1015,C_00941,ELECTRONICS,40,0.25,2026-04-10,Astra-x,Verified,SOURCE READY (scope undecided),,,4.7k Ohm 1/4W 0603 Surface Mount Chip Resistor,R31,dj
1016,C_00939,ELECTRONICS,85,0.11,2026-04-10,Astra-x,Verified,SOURCE READY (scope undecided),,,AC0603FR-0715K8L-YAGEO-Res Thick Film 0603 15.8K Ohm 1% 0.1W(1/10W) ±100ppm/°C Pad SMD T/R Automotive AEC-Q200 Availability: In stock,R31,dj
1017,C_00943,ELECTRONICS,31,0.34,2026-04-10,Astra-x,Verified,SOURCE READY (scope undecided),,"Original Shipping retained in source metadata, not added to current valuation",AC1206FR-0749R9L-YAGEO-Res Thick Film 1206 49.9 Ohm 1% 0.25W(1/4W) ±100ppm/°C Pad SMD T/R Automotive AEC-Q200,R31,dj
1018,C_00936,ELECTRONICS,9,1.32,2026-04-10,Astra-x,Verified,SOURCE READY (scope undecided),,,"C0603C272K5RACTU-KEMET-SMD Multilayer Ceramic Capacitor, 2700 pF, 50 V, 0603 [1608 Metric], ± 10%, X7R, C Series KEMET",R31,dj
1019,C_00934,ELECTRONICS,50,0.48,2026-04-10,Astra-x,Verified,SOURCE READY (scope undecided),,,CC0603JPX7R9BB104-YAGEO-Cap Ceramic 0.1uF 50V X7R 5% Pad SMD 0603 125°C T/R,R31,dj
1020,C_00935,ELECTRONICS,18,0.51,2026-04-10,Astra-x,Verified,SOURCE READY (scope undecided),,,"CL10A105KB8NNNC-SAMSUNG ELECTRO-MECHANICS-SMD Multilayer Ceramic Capacitor, 1 µF, 50 V, 0603 [1608 Metric], ± 10%, X5R, CL",R31,dj
1021,C_00937,ELECTRONICS,30,0.30,2026-04-10,Astra-x,Verified,SOURCE READY (scope undecided),,,"RC0603JR-07330RL, Yageo, SMD Chip Resistor, 330 ohm, ± 5%, 125 mW, 0603 [1608 Metric], Thick Film, General Purpose",R56,
1022,C_00942,ELECTRONICS,50,0.20,2026-04-10,Astra-x,Verified,SOURCE READY (scope undecided),,,RC0805FR-0775KL-YAGEO-Res Thick Film 0805 75K Ohm 1% 0.125W(1/8W) ±100ppm/°C Pad SMD T/R,R31,dj
1023,C_00962,ELECTRONICS,20,1.56,2026-04-10,Astra-x,Excess in stock,BLOCKED,Physical stock verification requires review: Excess in stock,,Red Led - SMD (0603 package),R31,dj
1024,C_00940,ELECTRONICS,12,1.14,2026-04-10,Astra-x,Verified,SOURCE READY (scope undecided),,,RT0603BRD07200KL-YAGEO-Res Thin Film 0603 200K Ohm 0.1% 0.1W(1/10W) ±25ppm/°C Pad SMD T/R,R31,dj
1025,C_00938,ELECTRONICS,11,1.15,2026-04-10,Astra-x,Verified,SOURCE READY (scope undecided),,,RT0603BRD0720KL-YAGEO-Res Thin Film 0603 20K Ohm 0.1% 0.1W(1/10W) ±25ppm/°C Pad SMD T/R,R31,dj
1026,C_00963,ELECTRONICS,7,2.46,2026-04-10,Astra-x,Excess in stock,BLOCKED,Physical stock verification requires review: Excess in stock,"Original Shipping retained in source metadata, not added to current valuation; Original Round-off retained in source metadata, not added to current valuation",SMAJ26A,R31,dj
1027,C_00955,ELECTRONICS,25,3.70,2026-04-13,Astra-x,Verified,SOURCE READY (scope undecided),,"Original Shipping retained in source metadata, not added to current valuation",10uF 50V Multi Layered Ceramic Capacitor (MLCC) - X5R - SMD 0805 - Yageo CC0805KKX5R9BB106,R31,dj
1028,C_00959,ELECTRONICS,10,143.97,2026-04-13,Astra-x,Verified,SOURCE READY (scope undecided),,,AP64500SP-13,R31,dj
1031,C_00957,ELECTRONICS,10,1.68,2026-04-13,Astra-x,Verified,SOURCE READY (scope undecided),,,ESD9B5.0ST5G,R31,dj
1034,C_00958,ELECTRONICS,10,84.80,2026-04-13,Astra-x,Verified,SOURCE READY (scope undecided),,,PM5449.332NLT,R31,dj
1035,C_00961,ELECTRONICS,10,0.37,2026-04-13,Astra-x,Verified,SOURCE READY (scope undecided),,,RC0603FR-1024KL,R31,dj
1036,C_00960,ELECTRONICS,5,60.57,2026-04-13,Astra-x,Verified,SOURCE READY (scope undecided),,,TL3302BF180QG/TR,R31,dj
1038,C_00956,ELECTRICALS,10,22.03,2026-04-15,Astra-x,Verified,SOURCE READY (scope undecided),,"Original Shipping retained in source metadata, not added to current valuation","BM04B-GHS-TBT(LF)(SN)-JST-1x4P 4P GH Tin 4 -25℃~+85℃ 1A 1 1.25mm Phosphor Bronze Standing paste SMD,P=1.25mm Wire To Board Connector ROHS",R31,dj
1039,C_00625,ELECTRICALS,4,10000.00,2026-04-16,Astra-x,Verified,SOURCE READY (scope undecided),,,T-Motor Antigravity MN5008 340KV,R62,
1040,C_00640,ELECTRICALS,2,466.00,2026-04-20,Astra-x,Verified,BLOCKED,"Comp ID C_00640 has differing Description, Component Specification, UOM across positive-stock rows; confirm the correct component ID for each distinct part","Original Shipping retained in source metadata, not added to current valuation",Quick Attach-Detach Propeller Adapter Q1824,R42,
1042,C_00964,ACCESSORIES,1,10170.00,2026-04-22,Astra-x,Verified,SOURCE READY (scope undecided),,"Original Round-off retained in source metadata, not added to current valuation",Carry Case Astra-x 770x720x600,,
1043,C_00968,AIRFRAMES,4,9500.00,2026-04-29,Astra-x,Verified,BLOCKED,"Comp ID C_00968 has differing Description, Component Specification across positive-stock rows; confirm the correct component ID for each distinct part",,16mm Folding Arm Mechanism,R42,Brown Box
1044,C_00970,AIRFRAMES,8,10500.00,2026-04-29,Astra-x,Verified,BLOCKED,"Comp ID C_00970 has differing Description, Component Specification, Comp Type across positive-stock rows; confirm the correct component ID for each distinct part",,25mm Folding Arm Mechanism,R42,Brown Box
1047,C_01038,ACCESSORIES,1,295.00,2026-05-06,Inventory/Office,Verified,SOURCE READY (scope undecided),,,666 RTV Silicon Sealant,R12,
1048,C_00977,ELECTRONICS,1,54000.00,2026-05-10,Astra-x,Verified,SOURCE READY (scope undecided),,,N200M VIO Navigation Module,R42,Brown Box
1049,C_00968,AIRFRAMES,1,10500.00,2026-05-11,Astra-x,Verified,BLOCKED,"Comp ID C_00968 has differing Description, Component Specification across positive-stock rows; confirm the correct component ID for each distinct part",,25mm Folding Arm Mechanism,R42,Brown Box
1053,C_00971,ACCESSORIES,380,118.34,2026-05-12,Astra-x,Verified,SOURCE READY (scope undecided),,,761-M0614-4-AL,R43,
1054,C_00809,AIRFRAMES,2,4600.00,2026-05-13,Astra-x,Verified,SOURCE READY (scope undecided),,,HAHER20 LG Mount,Assembly Area & R43,
1056,C_00801,AIRFRAMES,2,165.60,2026-05-15,Astra-x,Verified,SOURCE READY (scope undecided),,,"HAHER20-Quad-26"" GPS Enclosure",R56,AMUSE BOX
1057,C_00800,AIRFRAMES,1,4402.20,2026-05-15,Astra-x,Verified,BLOCKED,Comp ID C_00800 has differing Component Specification across positive-stock rows; confirm the correct component ID for each distinct part,,"HAHER20-Quad-26"" Top Enclosure",R62,AMUSE BOX
1058,C_00972,AIRFRAMES,16,115.00,2026-05-15,Astra-x,Verified,SOURCE READY (scope undecided),,,Landing Gear Cap (26-30),R62,AMUSE BOX
1059,C_00974,ACCESSORIES,350,3.80,2026-05-15,Astra-x,Verified,SOURCE READY (scope undecided),,,M2.5X6mm Brass Inserts 4mm OD,Above L2,Orange Box
1060,C_00975,ACCESSORIES,940,3.80,2026-05-15,Astra-x,Verified,BLOCKED,"Comp ID C_00975 has differing Description, Component Specification across positive-stock rows; confirm the correct component ID for each distinct part",,M3X6mm Brass Inserts 5mm OD,Above L2,Orange Box
1061,C_00973,AIRFRAMES,2,4825.40,2026-05-15,Astra-x,Verified,BLOCKED,"Comp ID C_00973 has differing Description, Component Specification across positive-stock rows; confirm the correct component ID for each distinct part",,Micro-hard Enclosure (26-30),R62,AMUSE BOX
1063,C_00799,AIRFRAMES,1,3572.00,2026-05-16,Astra-x,Verified,BLOCKED,"Comp ID C_00799 has differing Description, Component Specification across positive-stock rows; confirm the correct component ID for each distinct part","Original Shipping retained in source metadata, not added to current valuation","HAHER20-Quad-26"" Bottom Enclosure",,
1064,C_00800,AIRFRAMES,1,4935.00,2026-05-16,Astra-x,Verified,BLOCKED,Comp ID C_00800 has differing Component Specification across positive-stock rows; confirm the correct component ID for each distinct part,,"HAHER20-Quad-26"" Top Enclosure",,
1066,C_00762,ELECTRONICS,3,40500.00,2026-05-18,RPF/Inventory,Verified,SOURCE READY (scope undecided),,,Cube Orange Plus with Mini Carrier Board,R32,
1073,C_00982,ELECTRONICS,4,2500.00,2026-05-22,Paint Sprayer,Verified,SOURCE READY (scope undecided),,,Canhub Module,Brown Box,
1076,C_01015,COMMUNICATION,4,24500.00,2026-05-22,Paint Sprayer,Verified,SOURCE READY (scope undecided),,,R2-T900 Datalink,Brown Box,
1077,C_00984,ELECTRONICS,5,19350.00,2026-05-22,Paint Sprayer,Verified,SOURCE READY (scope undecided),,,R4D-F OA Sensor,Brown Box,
1078,C_00983,ELECTRONICS,4,19350.00,2026-05-22,Paint Sprayer,Verified,SOURCE READY (scope undecided),,,UAVH30-1M Terrain Sensor,Brown Box,
1079,C_00981,COMMUNICATION,2,154000.00,2026-05-22,Paint Sprayer,Verified,SOURCE READY (scope undecided),,,V10-PRO (Controller Module),Brown Box,
1083,C_00622,ELECTRONICS,4,6305.00,2026-05-23,Astra-x,Verified,SOURCE READY (scope undecided),,,T-Motor Alpha 60A ESC 6-12S LiPo 500Hz No BEC,R33,
1085,C_00764,ELECTRICALS,2,20661.00,2026-05-23,Astra-x,Verified,BLOCKED,Comp ID C_00764 has differing Component Specification across positive-stock rows; confirm the correct component ID for each distinct part,,T-Motor Antigravity MN7005 230KV,R19,
1087,C_01002,AIRFRAMES,2,1178.00,2026-05-25,Astra-x,Verified,SOURCE READY (scope undecided),,,15X13X1000mm CF Tube,White Bin,
1088,C_00770,AIRFRAMES,3,1186.00,2026-05-25,Astra-x,Verified,BLOCKED,"Comp ID C_00770 has differing Description, Component Specification across positive-stock rows; confirm the correct component ID for each distinct part","Original Shipping retained in source metadata, not added to current valuation; Original Round-off retained in source metadata, not added to current valuation",16x14x1000mm Carbon Fiber Tube,Assembly area,
1089,C_00791,ELECTRICALS,500,,2026-05-25,Astra-x,Verified,BLOCKED,Unit Price is missing or invalid,Invalid HSN retained in source metadata only,5024390600 Connectors,R56,Brown Box
1090,C_00985,ELECTRICALS,1.5,172.39,2026-05-25,Astra-x,Verified,BLOCKED,In Inv must be a positive whole number,"Original Shipping retained in source metadata, not added to current valuation; Invalid HSN retained in source metadata only",A06SUR06SUR32W152B,R31,A20
1094,C_00993,AIRFRAMES,4,2937.00,2026-05-27,Astra-x,Verified,SOURCE READY (scope undecided),,,"Motor Arm 26""",R62,
1096,C_00991,AIRFRAMES,3,1907.00,2026-05-27,Astra-x,Verified,SOURCE READY (scope undecided),,,"Bottom Plate 26"" 2mm thk",R62,
1098,C_00992,AIRFRAMES,4,2229.00,2026-05-27,Astra-x,Verified,SOURCE READY (scope undecided),,,"Fixed Arm Part 26""",R62,Brown Box
1101,C_00995,AIRFRAMES,12,792.00,2026-05-27,Astra-x,Verified,SOURCE READY (scope undecided),,,Motor Support Plate MN7005,R62,
1102,C_00996,AIRFRAMES,4,799.00,2026-05-27,Astra-x,Verified,SOURCE READY (scope undecided),,,Motor Support Plate U8 Lite,R62,
1104,C_00997,AIRFRAMES,3,1634.00,2026-05-27,Astra-x,Verified,SOURCE READY (scope undecided),,,"Top Plate 26"" 2mm thk",R62,Brown Box
1105,'-,ACCESSORIES,2,1000.00,2026-05-27,Fire Fighting,Verified,BLOCKED,Missing or placeholder Comp ID,,Trolley Wheel,R63,
1108,C_00432,ACCESSORIES,600,2.02,2026-05-28,Astra-x,Verified,SOURCE READY (scope undecided),,,M3x10 SS Allen Cap - 304 (Pack of 25),R57,
1111,C_00802,AIRFRAMES,6,294.40,2026-05-28,Astra-x,Verified,SOURCE READY (scope undecided),,,"HAHER20-Quad-26"" LG T Joint",R62,AMUSE BOX
1112,C_00780,ACCESSORIES,560,1.15,2026-05-28,Astra-x,Verified,SOURCE READY (scope undecided),,,M1.6 SS 304 Washer (Pack of 25),R57,
1113,C_00763,ACCESSORIES,560,12.34,2026-05-28,Astra-x,Verified,SOURCE READY (scope undecided),,,M1.6x25 SS Allen Cap - 304 (Pack of 10),R57,
1114,C_00394,ACCESSORIES,520,0.75,2026-05-28,Astra-x,Verified,SOURCE READY (scope undecided),,,M2.5 SS 304 Washer (Pack of 25),R57,
1115,C_00395,ACCESSORIES,600,4.71,2026-05-28,Astra-x,Verified,SOURCE READY (scope undecided),,,M2.5 SS Nylock Nut - 304 (Pack of 25),R57,
1116,C_00407,ACCESSORIES,600,1.80,2026-05-28,Astra-x,Verified,SOURCE READY (scope undecided),,,M2.5x12mm SS Allen Cap - 304 (Pack of 25),R57,
1117,C_00409,ACCESSORIES,600,2.92,2026-05-28,Astra-x,Verified,SOURCE READY (scope undecided),,,M2.5x15mm SS Allen Cap - 304 (Pack of 25),R57,
1118,C_00974,ACCESSORIES,600,3.80,2026-05-28,Inventory/Office,Verified,SOURCE READY (scope undecided),,,M2.5X6MM Brass Inserts 4mm OD,Above L2,Orange Box
1119,C_01006,ACCESSORIES,600,80.00,2026-05-28,Inventory/Office,Verified,BLOCKED,"Comp ID C_01006 has differing Description, Component Specification across positive-stock rows; confirm the correct component ID for each distinct part",,M2.5X6MM Brass Inserts 5+M1948:N1952mm OD,Above L2,Orange Box
1120,C_00975,ACCESSORIES,1000,3.80,2026-05-28,Inventory/Office,Verified,BLOCKED,"Comp ID C_00975 has differing Description, Component Specification across positive-stock rows; confirm the correct component ID for each distinct part",,M2.5X6MM Brass Inserts 5mm OD,Above L2,Orange Box
1121,C_00418,ACCESSORIES,560,1.57,2026-05-28,Astra-x,Verified,SOURCE READY (scope undecided),,,M2.5x8mm SS Allen Cap - 304 (Pack of 25),R57,
1122,C_00430,ACCESSORIES,1500,0.80,2026-05-28,Astra-x,Verified,SOURCE READY (scope undecided),,,M3 SS 304 Washers (Pack of 25),R57,
1123,C_00431,ACCESSORIES,1500,2.02,2026-05-28,Astra-x,Verified,SOURCE READY (scope undecided),,,M3 SS Nylock Nut - 304 (Pack of 25),R57,
1124,C_00433,ACCESSORIES,600,2.24,2026-05-28,Astra-x,Verified,SOURCE READY (scope undecided),,,M3x12 SS Allen Cap - 304 (Pack of 25),R57,
1125,C_00435,ACCESSORIES,560,2.69,2026-05-28,Astra-x,Verified,SOURCE READY (scope undecided),,,M3x15 SS Allen Cap - 304 (Pack of 25),R57,
1126,C_01004,ACCESSORIES,590,70.00,2026-05-28,Astra-x,Verified,SOURCE READY (scope undecided),,,M3X15mm Spacer,R57,
1127,C_00436,ACCESSORIES,520,3.14,2026-05-28,Astra-x,Verified,SOURCE READY (scope undecided),,,M3x20 SS Allen Cap - 304 (Pack of 25),R57,
1128,C_00437,ACCESSORIES,365,3.82,2026-05-28,Astra-x,Verified,SOURCE READY (scope undecided),,,M3x25 SS Allen Cap - 304 (Pack of 25),R57,
1129,C_01005,ACCESSORIES,590,75.00,2026-05-28,Astra-x,Verified,SOURCE READY (scope undecided),,,M3X25mm Spacer,R57,
1130,C_00439,ACCESSORIES,600,5.16,2026-05-28,Astra-x,Verified,SOURCE READY (scope undecided),,,M3x35 SS Allen Cap - 304 (Pack of 25),R57,
1131,C_00760,ACCESSORIES,600,7.18,2026-05-28,Inventory/Office,Verified,SOURCE READY (scope undecided),,,M3x40 SS Allen Cap - 304 (Pack of 10),R57,
1132,C_00440,ACCESSORIES,600,2.02,2026-05-28,Inventory/Office,Verified,SOURCE READY (scope undecided),,,M3x6 SS Allen Cap - 304 (Pack of 25),R57,
1133,C_00443,ACCESSORIES,1000,1.80,2026-05-28,Inventory/Office,Verified,SOURCE READY (scope undecided),,,M3x8 SS Allen Cap - 304 (Pack of 25),R57,
1134,C_00445,ACCESSORIES,1000,0.90,2026-05-28,Inventory/Office,Verified,SOURCE READY (scope undecided),,,M4 SS 304 Washers (pack of 10),R57,
1135,C_01003,ACCESSORIES,1000,6.73,2026-05-28,Inventory/Office,Verified,SOURCE READY (scope undecided),,,M4x35 - SS Allen Cap Screw,R57,
1136,C_01006,ACCESSORIES,600,80.00,2026-05-28,,Verified,BLOCKED,"Comp ID C_01006 has differing Description, Component Specification across positive-stock rows; confirm the correct component ID for each distinct part",,M3X30mm Spacer,,
1137,C_00973,AIRFRAMES,1,1136.20,2026-05-28,Astra-x,Verified,BLOCKED,"Comp ID C_00973 has differing Description, Component Specification across positive-stock rows; confirm the correct component ID for each distinct part",,Micro-hard Enclosure,,
1138,C_00990,PAYLOAD,2,42800.00,2026-05-28,RPF,Verified,SOURCE READY (scope undecided),,,SKYdroid C12,assembly Area,
1140,C_00987,ELECTRICALS,50,45.08,2026-05-30,Astra-x,Verified,SOURCE READY (scope undecided),,,18AWG High Qualitty Ultra Flexible Silicone Wire - Yellow,R24,
1141,C_00314,ELECTRICALS,30,38.89,2026-05-30,Inventory/Office,Verified,SOURCE READY (scope undecided),,"Original Shipping retained in source metadata, not added to current valuation",High Quality Ultra Flexible 16AWG Silicone Wire – Red,R24,
1142,C_00317,ELECTRICALS,60,16.84,2026-05-30,Inventory/Office,Verified,SOURCE READY (scope undecided),,,High Quality Ultra Flexible 20AWG Silicone Wire - Black,R24,
1143,C_00318,ELECTRICALS,60,19.09,2026-05-30,Inventory/Office,Verified,SOURCE READY (scope undecided),,,High Quality Ultra Flexible 20AWG Silicone Wire - Red,R24,
1144,C_00319,ELECTRICALS,50,13.56,2026-05-30,Inventory/Office,Verified,SOURCE READY (scope undecided),,,High Quality Ultra Flexible 22AWG Silicone Wire - Black,R24,
1145,C_00321,ELECTRICALS,50,13.52,2026-05-30,Inventory/Office,Verified,SOURCE READY (scope undecided),,,High Quality Ultra Flexible 22AWG Silicone Wire – Red,R24,
1146,C_00322,ELECTRICALS,2,9.54,2026-05-30,Astra-x,Verified,SOURCE READY (scope undecided),,,High Quality Ultra Flexible 24AWG Silicone Wire – Black,R24,
1147,C_00323,ELECTRICALS,2,9.54,2026-05-30,Astra-x,Verified,SOURCE READY (scope undecided),,,High Quality Ultra Flexible 24AWG Silicone Wire – Red,R24,
1148,C_00316,ELECTRICALS,30,41.00,2026-06-02,Astra-x,Verified,SOURCE READY (scope undecided),,"Original Shipping retained in source metadata, not added to current valuation",High Quality Ultra Flexible 18AWG Silicone Wire - Red,R24,
1154,C_00970,AIRFRAMES,2,1200.00,2026-06-04,Astra-x,Verified,BLOCKED,"Comp ID C_00970 has differing Description, Component Specification, Comp Type across positive-stock rows; confirm the correct component ID for each distinct part",,Left hand Thread Motor Adapter,R42,
1156,C_00969,AIRFRAMES,2,1200.00,2026-06-04,Astra-x,Verified,SOURCE READY (scope undecided),,,Right hand Thread Motor Adapter,R42,
1158,C_00382,COMMUNICATION,2,1150.00,2026-06-05,Astra-x,Verified,SOURCE READY (scope undecided),,,Logitech Gamepad F310,R48,
1162,C_01019,ACCESSORIES,450,3.20,2026-06-09,RPF/Inventory,Verified,SOURCE READY (scope undecided),,,M3 SS Neoprene Washer,R57,Brown Box
1163,C_00832,ELECTRONICS,33,840.00,2026-06-09,RPF,Verified,SOURCE READY (scope undecided),,,Oznium Flush Mount LED Bolt - 2231 Red,R56,Brown Box
1164,C_00830,ELECTRONICS,33,840.00,2026-06-09,RPF,Verified,SOURCE READY (scope undecided),,,Oznium Flush Mount LED Bolt - 2233 Green,R56,Brown Box
1165,C_00831,ELECTRONICS,33,840.00,2026-06-09,RPF,Verified,SOURCE READY (scope undecided),,,Oznium Flush Mount LED Bolt - 2235 Cool White,R56,Brown Box
1166,C_01020,ELECTRICALS,2,9930.00,2026-06-10,RPF,Verified,SOURCE READY (scope undecided),,,GenX Pro+ Solid State 22.2V 6S 12500mah 7C Premium Lithium Ion Solid State Rechargeable Battery 350wh/kg,INV ROOM,
1170,C_01024,AIRFRAMES,8,805.50,2026-06-12,RPF,Verified,SOURCE READY (scope undecided),,,H12 PRO Enclosure,R62,Brown Box
1174,'-,ACCESSORIES,1,0.00,2026-06-12,Astra-x,Verified,BLOCKED,Missing or placeholder Comp ID,,TB1521,R14,
1175,C_00493,ELECTRONICS,9,58.00,2026-06-15,RPF/Inventory,Verified,SOURCE READY (scope undecided),,"Original Shipping retained in source metadata, not added to current valuation",N-Channel MOSFET 47A 55V 3-Pin TO-220AB Infineon,R31,A50
1177,C_00792,ELECTRICALS,487,116.62,2026-06-15,Astra-x,Verified,SOURCE READY (scope undecided),,,24AWG Crimp Cable - 0797581015,R23,Brown Box
1178,C_00916,ELECTRICALS,500,15.00,2026-06-15,Astra-x,Verified,SOURCE READY (scope undecided),,,"AGHGH28K203 - Crimp cable JUMPER SSHL-002T-P0.2 X2 8""",R23,Black Box
1179,C_00956,ELECTRICALS,500,2.70,2026-06-15,Astra-x,Verified,SOURCE READY (scope undecided),,,"BM04B-GHS-TBT(LF)(SN)-JST-1x4P 4P GH Tin 4 -25℃~+85℃ 1A 1 1.25mm Phosphor Bronze Standing paste SMD,P=1.25mm Wire To Board Connector ROHS",R23,
1180,C_00794,ELECTRICALS,500,2.20,2026-06-15,Astra-x,Verified,SOURCE READY (scope undecided),,,GHR-03V-S Connectors,R23,
1181,C_00789,ELECTRICALS,480,2.20,2026-06-15,Astra-x,Verified,SOURCE READY (scope undecided),,,GHR-04V-S Connectors,R23,
1182,C_00836,ELECTRICALS,485,2.30,2026-06-15,Astra-x,Verified,SOURCE READY (scope undecided),,,GHR-05V-S Connector,R23,
1183,C_00280,ELECTRICALS,485,2.40,2026-06-15,Astra-x,Verified,SOURCE READY (scope undecided),,,GHR-06V-S Connectors,R23,
1184,C_00788,ELECTRICALS,485,2.80,2026-06-15,Astra-x,Verified,SOURCE READY (scope undecided),,,GHR-07V-S Connectors,R23,
1185,C_00790,ELECTRICALS,500,2.60,2026-06-15,Astra-x,Verified,SOURCE READY (scope undecided),,,GHR-08V-S Connectors,R23,
1187,C_00366,ELECTRICALS,350,15.00,2026-06-15,Astra-x,Verified,SOURCE READY (scope undecided),,,JST - 15cm Crimp Cable - AGHGH28K152,R23,Black Box
1188,C_00793,ELECTRICALS,460,15.00,2026-06-15,Astra-x,Verified,SOURCE READY (scope undecided),,,JST - 30cm Crimp 28 AWG Cable - AGHGH28K305,R23,Brown Box
1189,C_01025,ELECTRICALS,100,35.00,2026-06-15,Inventory/Office,Verified,SOURCE READY (scope undecided),,"Original Shipping retained in source metadata, not added to current valuation",LP PP LP41232NLH,R42,
1190,C_01029,ELECTRICALS,500,58.48,2026-06-15,Astra-x,Verified,SOURCE READY (scope undecided),,,Male to Female Jumper Wire 20cm PRO34 Blue Crimp Cable,R23,Brown Box
1191,C_01028,ELECTRICALS,500,58.48,2026-06-15,Astra-x,Verified,SOURCE READY (scope undecided),,,Male to Female Jumper Wire 20cm PRO34 Red Crimp Cable,R23,Brown Box
1192,C_01026,AIRFRAMES,1,4750.00,2026-06-15,RPF,Verified,SOURCE READY (scope undecided),,,Static Arm Tube_15mm,,
1193,C_01027,AIRFRAMES,3,7850.00,2026-06-16,Astra-x,Unlabelled colour,BLOCKED,Physical stock verification requires review: Unlabelled colour,,NS18X6 Props 2 Pair,Before L1,
1194,C_00747,ELECTRICALS,10,10900.00,2026-06-16,RPF,Unlabelled colour,BLOCKED,Physical stock verification requires review: Unlabelled colour,,T-Motor Antigravity MN4006 380KV 2Pcs/Set,R61,Brown Box
1196,C_00765,AIRFRAMES,4,22560.00,2026-06-16,Astra-x,Verified,SOURCE READY (scope undecided),,,T-motor NS26x8.5 Propellers 1CW 1CCW - 1Pair,Before L1,
1197,C_00636,AIRFRAMES,4,28080.00,2026-06-16,Astra-x,Excess in stock,BLOCKED,Physical stock verification requires review: Excess in stock; Comp ID C_00636 has differing Component Specification across positive-stock rows; confirm the correct component ID for each distinct part,,T-motor NS30x10 Propellers 1CW 1CCW - 1Pair,Assembly Area,
1200,C_01031,ELECTRICALS,60,30.51,2026-06-18,Astra-x,Verified,SOURCE READY (scope undecided),,,18AWG Silicone Braided Wire Black High Flex Heat Resistant Cable,R24,
1201,C_01030,ELECTRICALS,6,81.36,2026-06-18,RPF/Inventory,Verified,SOURCE READY (scope undecided),,,1-8S LiPo Battery Checker Voltage Tester w/ Low Voltage Alarm,R56,
1203,C_01032,ACCESSORIES,1,1093.22,2026-06-18,RPF/Inventory,Verified,SOURCE READY (scope undecided),,,eSUN ABS+ HS Black - 1.75mm 3D Printing Filament Spool,R8,
1205,C_00344,ELECTRONICS,5,7125.00,2026-06-18,RPF,Verified,SOURCE READY (scope undecided),,,Holybro M9N GPS,R34,Green box
1207,C_00118,ELECTRICALS,21,84.00,2026-06-20,RPF/Inventory,Verified,SOURCE READY (scope undecided),,"Original Round-off retained in source metadata, not added to current valuation",Amass XT90E Male Connectors,R22,
1212,C_01042,AIRFRAMES,2,2820.00,2026-06-20,Astra-x,Verified,SOURCE READY (scope undecided),,,"T-Landing Gear 18""",R62,Brown Box
1213,C_01040,AIRFRAMES,12,3180.00,2026-06-20,Astra-x,Verified,SOURCE READY (scope undecided),,,"T-Landing Gear 26"" & 30""",R62,Brown Box
1215,C_01017,AIRFRAMES,19,4865.00,2026-06-20,RPF/Inventory,Verified,SOURCE READY (scope undecided),,,T-motor NS14X4.8 Propeller,R10,
1216,C_01050,ACCESSORIES,9,48.00,2026-06-20,RPF,Verified,SOURCE READY (scope undecided),,,Velcro Hook Part,R12,
1218,C_01018,ACCESSORIES,1,9000.00,2026-06-22,RPF,Verified,SOURCE READY (scope undecided),,,Bottom Foam 14 inch,In Inv,
1220,C_00994,AIRFRAMES,1,2454.00,2026-06-22,Astra-x,Verified,SOURCE READY (scope undecided),,,"Motor Arm 30""",R62,
1221,C_01043,ACCESSORIES,2,2300.00,2026-06-24,RPF,Verified,SOURCE READY (scope undecided),,,Carry Bag,In Inv,
1222,C_01055,ACCESSORIES,8,491.53,2026-06-24,Inventory/Office,Verified,SOURCE READY (scope undecided),,"Original Shipping retained in source metadata, not added to current valuation; Original Round-off retained in source metadata, not added to current valuation",LK-4WBN-12MM TAPE,L11,
1224,C_01047,ACCESSORIES,1,1642.00,2026-06-27,Inventory/Office,Verified,SOURCE READY (scope undecided),,,"3M Scotch-Weld Acrylic Adhesive DP8507NS, Gray, 45 mL Duo-Pak, 1 Each, Delivers Long-Lasting, High-Strength Bonds to Aluminum, Steel, Copper, Brass, and Most Plastics",R13,
1225,C_01045,ACCESSORIES,1,10315.00,2026-06-27,Inventory/Office,Verified,SOURCE READY (scope undecided),,,"3M Scotch-Weld EPX Plus II Applicator #01001, 2 Plunger for 48mL & 50mL, 1 Applicator",R13,
1226,C_01046,ACCESSORIES,9,103.00,2026-06-27,Inventory/Office,Verified,SOURCE READY (scope undecided),,,"3M(TM) Scotch-Weld(TM) EPX(TM) Mix Nozzles Square Orange, for 45mL 10:1 Duo-Pak Cartridges, Bag of 12",R13,
1227,C_01048,ELECTRONICS,19,8.47,2026-07-02,R&D Warehouse,Verified,SOURCE READY (scope undecided),,"Original Round-off retained in source metadata, not added to current valuation",470uF 35V Keltron Electrolytic Capacitor,R31,
1228,C_01053,COMMUNICATION,1,57876.12,2026-07-03,Astra - X,Verified,SOURCE READY (scope undecided),,,CMP-Datalink_V01,R31,
1230,C_00630,ELECTRONICS,1,12247.00,2026-07-06,Warehouse,Verified,SOURCE READY (scope undecided),,"Original Round-off retained in source metadata, not added to current valuation",T-Motor F55A Pro III 3-8S 4in1 ESC,R32,
1231,C_00758,AIRFRAMES,1,4238.95,2026-07-07,Warehouse,Verified,SOURCE READY (scope undecided),,,T-Motor P13x4.4 Prop 1CW 1CCW-1Pair,Before L1,
1232,C_01052,ELECTRICALS,1,90.00,2026-07-14,Inventory/Office,Verified,SOURCE READY (scope undecided),,,Female to Female Jumper Wires (20cm) 40pcs,R31,
1233,C_01051,ELECTRICALS,1,70.00,2026-07-14,Inventory/Office,Verified,SOURCE READY (scope undecided),,,Male To Female Jumper Wires 40 Pcs 20cm,R31,
1235,C_01054,ELECTRICALS,2,12505.50,2026-07-24,Bhumi,Verified,SOURCE READY (scope undecided),,"Original Shipping retained in source metadata, not added to current valuation",EON 6S 22000,,
1236,C_00312,ELECTRICALS,30,54.24,2026-07-31,Astra - X,Verified,SOURCE READY (scope undecided),,,High Quality Ultra Flexible 14AWG Silicone Wire - Black,R24,
1237,C_00311,ELECTRICALS,30,43.22,2026-07-31,Astra - X,Verified,SOURCE READY (scope undecided),,,High Quality Ultra Flexible 14AWG Silicone Wire - Red,R24,
1238,C_00315,ELECTRICALS,26,37.29,2026-07-31,Astra - X,Verified,SOURCE READY (scope undecided),,,High Quality Ultra Flexible 18AWG Silicone Wire - Black,R24,
1239,C_00620,ELECTRONICS,12,2760.95,2026-07-31,Astra-x,Verified,SOURCE READY (scope undecided),,"Original Shipping retained in source metadata, not added to current valuation",T-Motor Air 40A Esc,R33,
1241,C_00799,AIRFRAMES,1,3082.00,2026-08-03,Astra-x,Verified,BLOCKED,"Comp ID C_00799 has differing Description, Component Specification across positive-stock rows; confirm the correct component ID for each distinct part",,"HAHER20-Quad-26"" Bottom Enclosure(18 INCH)",R62,
1243,C_01022,AIRFRAMES,1,4098.60,2026-08-03,RPF,Verified,BLOCKED,Comp ID C_01022 has differing Component Specification across positive-stock rows; confirm the correct component ID for each distinct part,,Top Enclosure 14 inch,,
1245,C_01059,AIRFRAMES,3,155.00,2026-08-05,CRRI,Verified,SOURCE READY (scope undecided),,,Metallic shaft,R2,
1246,C_01058,ELECTRICALS,12,5058.00,2026-08-06,TNUAV,Verified,SOURCE READY (scope undecided),,"Original Round-off retained in source metadata, not added to current valuation",Brusless DC Motor 4006-380kv,R18,
1247,C_01012,AIRFRAMES,4,9500.00,2026-08-07,RPF,Verified,SOURCE READY (scope undecided),,,15mm Folding Arm Mechanism,R42,
1254,'-,ACCESSORIES,2,1000.00,2026-08-18,Fire Fighting,Verified,BLOCKED,Missing or placeholder Comp ID,,Trolley Wheel,R63,
1256,C_00084,ELECTRICALS,2,32850.00,2026-08-20,Electrotek-NRSC,Unlabelled colour,BLOCKED,Physical stock verification requires review: Unlabelled colour; Comp ID C_00084 has differing Component Specification across positive-stock rows; confirm the correct component ID for each distinct part,,6S 30000mAh Solid State Battery,,
1257,C_01056,AIRFRAMES,1,1200.00,2026-08-25,Fire Fighting,Verified,BLOCKED,Comp ID C_01056 has differing Description across positive-stock rows; confirm the correct component ID for each distinct part,,Laser cutting MS-3mm,,
1258,'-,AIRFRAMES,1,750.00,2026-08-25,Fire Fighting,Verified,BLOCKED,Missing or placeholder Comp ID,,"Payload stand, Bands Holder Folding",,
1259,C_01056,AIRFRAMES,1,3500.00,2026-08-26,Fire Fighting,Verified,BLOCKED,Comp ID C_01056 has differing Description across positive-stock rows; confirm the correct component ID for each distinct part,,Laser cutting,,
1260,C_00998,AIRFRAMES,1,2560.00,2026-08-26,Astra - X,Verified,SOURCE READY (scope undecided),,,"Bottom Plate 18"" 2mm thk",R63,
1261,C_00999,AIRFRAMES,2,2560.00,2026-08-26,Astra - X,Verified,SOURCE READY (scope undecided),,,"Fixed Arm Part 18""",R63,
1262,C_01000,AIRFRAMES,2,2590.00,2026-08-26,Astra - X,Verified,SOURCE READY (scope undecided),,"Original Shipping retained in source metadata, not added to current valuation","Motor Arm 18""",R63,
1263,C_01001,AIRFRAMES,1,1540.00,2026-08-26,Astra - X,Verified,SOURCE READY (scope undecided),,,"Top Plate 18"" 2mm thk",R63,
1264,C_01065,ACCESSORIES,1,22635.00,2026-08-28,Inventory/Office,Verified,SOURCE READY (scope undecided),,,3M™ Hook Fastener SJ3572,,
1265,C_01064,ACCESSORIES,1,24265.00,2026-08-28,Inventory/Office,Verified,SOURCE READY (scope undecided),,,3M™ Loop Fastener SJ3571,,
1266,C_01061,ELECTRICALS,1,76.27,2026-08-28,Warehouse,Verified,SOURCE READY (scope undecided),,,Con USB to Casio,,
1269,C_00063,ELECTRONICS,3,202.54,2026-09-01,Frequency Hopping,Verified,BLOCKED,Comp ID C_00063 has differing Component Specification across positive-stock rows; confirm the correct component ID for each distinct part,"Original Shipping retained in source metadata, not added to current valuation",4S-6S 12V 3A UBEC,R26,
1270,C_01067,ELECTRICALS,1,1396.61,2026-09-01,Fire Fighting,Verified,SOURCE READY (scope undecided),,,"amiciSolar DC-DC 400W 15A Step-Down Buck Converter, 10.5V-60VDC to 0.5V-45V",R26,
1271,C_01068,ACCESSORIES,200,1.40,2026-09-07,Inventory/Office,Verified,SOURCE READY (scope undecided),,,"M3 X 8mm Phillips CSK SS 304 Screw (Dia. 3mm, Length 8mm)",,
1272,C_01069,ACCESSORIES,200,1.20,2026-09-07,Inventory/Office,Verified,SOURCE READY (scope undecided),,"Original Shipping retained in source metadata, not added to current valuation","M3 X 6mm Phillips CSK SS 304 Screw (Dia. 3mm, Length 6mm)",,
1273,,,7,,2026-09-09,Fire Fighting,Verified,BLOCKED,Missing or placeholder Comp ID; Category is missing or unsupported; Unit Price is missing or invalid,,Elastic Band,R13,
1274,C_01070,ACCESSORIES,1,2965.21,2026-09-11,Frequency Hopping,Verified,SOURCE READY (scope undecided),,Invalid HSN retained in source metadata only,"CompuPort - 4 Pins Boot Molex DC GPIO AWG24 Power Cable Shielded and soldered Tips, Compatible with Microhard, Cradlepoint, Teltonika, Sierra Wireless Airlink, Peplink, Perl,e and More Cellular Modems",R24,
1275,C_00924,ELECTRONICS,10,10528.64,2026-09-11,Astra-X,Verified,SOURCE READY (scope undecided),,"Original Round-off retained in source metadata, not added to current valuation",PCB/PANEL,R21,
1276,C_00764,ELECTRICALS,4,15438.00,2026-09-16,Astra-X,Verified,BLOCKED,Comp ID C_00764 has differing Component Specification across positive-stock rows; confirm the correct component ID for each distinct part,"Original Round-off retained in source metadata, not added to current valuation",T-Motor Antigravity MN7005 230KV,R60,
1277,C_00076,ACCESSORIES,10,26.00,2029-09-18,Bhumi,Verified,BLOCKED,Inward Date is in the future,,6mm Heat Shrinkable Sleeves Red,,
1278,C_00077,ACCESSORIES,1,430.00,2029-09-18,Bhumi,Verified,BLOCKED,Inward Date is in the future,,6mm Spiral Sleeves Black,,
1279,C_00347,ACCESSORIES,10,42.00,2029-09-18,Bhumi,Verified,BLOCKED,Inward Date is in the future,"Original Round-off retained in source metadata, not added to current valuation",Hose Pipe 10mm,R27,
1280,C_01023,AIRFRAMES,1,3082.00,2026-09-19,RPF,Verified,SOURCE READY (scope undecided),,,Bottom Enclosure 14 inch,R63,
1281,C_01022,AIRFRAMES,1,4149.20,2026-09-19,RPF,Verified,BLOCKED,Comp ID C_01022 has differing Component Specification across positive-stock rows; confirm the correct component ID for each distinct part,"Original Round-off retained in source metadata, not added to current valuation",Top Enclosure 14 inch,R63,
1282,C_01071,AIRFRAMES,2,37000.00,2026-09-21,Bhumi,Verified,SOURCE READY (scope undecided),,,E616P frame without tank,,
1283,C_00341,ELECTRICALS,1,11960.00,2026-09-21,Bhumi,Verified,BLOCKED,Comp ID C_00341 has differing Component Specification across positive-stock rows; confirm the correct component ID for each distinct part,,Hobbywing X8 CW Combo,R20,
1284,C_00340,ELECTRICALS,1,11960.00,2026-09-21,Bhumi,Verified,BLOCKED,Comp ID C_00340 has differing Component Specification across positive-stock rows; confirm the correct component ID for each distinct part,,Hobbywing X8 CCW Combo,R20,
1285,C_00339,AIRFRAMES,3,2212.00,2026-09-21,Bhumi,Verified,SOURCE READY (scope undecided),,,Hobbywing X8 3011 Propellers CW,R3,
1286,C_00338,AIRFRAMES,3,2212.00,2026-09-21,Bhumi,Verified,SOURCE READY (scope undecided),,"Original Round-off retained in source metadata, not added to current valuation",Hobbywing X8 3011 Propellers CCW,R3,
1291,C_00727,AIRFRAMES,2,6900.00,2026-09-22,Astra-x,Verified,SOURCE READY (scope undecided),,,T-Motor P17x5.8 Prop 1CW 1CCW-1Pair,R3,
1292,C_01072,COMMUNICATION,1,9400.00,2026-09-22,Astra-x,Verified,SOURCE READY (scope undecided),,,Skydroid GR01 Receiver,,
