Excel row,Old Comp ID,IPMS Component ID,Category,Project label,Verification,In Inv (current stock),Unit Price,GST percent,Inward Date,Result,Issue,Warning,Description,Rack,Box
4,C_00624,EL_0016,ELECTRICALS,INVENTORY,Verified,2,17267.20,0.00,2020-10-02,IMPORTED,,,T-Motor Antigravity MN1005 V2.0 90KV,R18,A56
5,C_00301,CM_0017,COMMUNICATION,INVENTORY,Verified,1,75500.00,18.00,2022-07-09,IMPORTED,,,Herelink Controller Unit (V1.1),R48,
7,C_00703,EN_0018,ELECTRONICS,INVENTORY,Verified,1,2677.97,18.00,2022-08-08,IMPORTED,,,Waveshare Industrial Grade Isolated RS232 to RS485 Converter (Without Power Adapter),R31,PO-177
8,C_00175,PL_0019,PAYLOAD,AGRI R&D,Verified,8,7183.02,18.00,2022-08-25,IMPORTED,,,Centrifugal Nozzle Spray System for Agriculture Drone,R52,A41
10,C_00296,EN_0020,ELECTRONICS,INVENTORY,Verified,1,14777.63,0.00,2022-08-30,IMPORTED,,,Here 3 GPS,R34,A22
11,NA,,AIRFRAMES,INVENTORY,Verified,1,301025.73,0.00,2022-08-30,BLOCKED,Missing or placeholder Comp ID,"Original Round-off retained in source metadata, not added to current valuation; Invalid HSN retained in source metadata only",M 1500 Frame+Power System,Inv Room,
12,C_00386,AF_0021,AIRFRAMES,INVENTORY,Verified,1,18765.24,0.00,2022-08-30,IMPORTED,,Invalid HSN retained in source metadata only,M1500 T-Drone Landing gear,R44,A69
13,C_00387,AF_0022,AIRFRAMES,INVENTORY,Verified,6,46913.10,0.00,2022-08-30,IMPORTED,,Invalid HSN retained in source metadata only,M1500 T-Drone Motor arm Motor+ESC+Mount,R44,A69
14,C_00216,EL_0023,ELECTRICALS,INVENTORY,Verified,2,1186.44,0.00,2022-09-02,IMPORTED,,"Original Round-off retained in source metadata, not added to current valuation",ECO II Series 2207 1700KV Brushless Motor,R18,A48
15,C_00233,AF_0024,AIRFRAMES,AGRI R&D,Verified,8,990.00,0.00,2022-09-07,IMPORTED,,,EFT Y Shaped High Pressure Nozzles for Agriculture Drone,R51,A36
16,C_00054,,COMMUNICATION,INVENTORY,Verified,1,7320.00,0.00,2022-09-08,BLOCKED,"Comp ID C_00054 has differing Category, Description, Component Specification, UOM across positive-stock rows; confirm the correct component ID for each distinct part",Invalid HSN retained in source metadata only,433MHz Telemetry module pair for Pixhawk and APM 100mw 2Km range,R26,A21
17,NA,,ELECTRICALS,INVENTORY,Verified,1,8774.00,0.00,2022-09-14,BLOCKED,Missing or placeholder Comp ID,Invalid HSN retained in source metadata only,M1500PDB,R21,A9
18,C_00276,,AIRFRAMES,INVENTORY,Excess in stock,2,199.00,18.00,2022-11-14,BLOCKED,Physical stock verification requires review: Excess in stock,Invalid HSN retained in source metadata only,"Gemfan Hurricane Super Light SL 5125 Tri-Blade 5"" Prop 4 Pack (1.5mm Mounting)",R2,
19,C_00198,EN_0025,ELECTRONICS,INVENTORY,Verified,1,1099.00,0.00,2022-11-15,IMPORTED,,,Cyclone 35A 2-6S Blheli_S DSHOT600 OPTO Brushless ESC for RC Drone FPV Racing,R33,T-24
21,C_00535,,AIRFRAMES,INVENTORY,Verified,2,199.00,0.00,2022-11-19,BLOCKED,Comp ID C_00535 has differing Component Specification across positive-stock rows; confirm the correct component ID for each distinct part,,Pro-Range Propellers 5042 WinDancer PC 3 Blade Propellers 2CW+2CCW- Clear,R2,
22,C_00535,,AIRFRAMES,INVENTORY,Verified,1,199.00,0.00,2022-11-19,BLOCKED,Comp ID C_00535 has differing Component Specification across positive-stock rows; confirm the correct component ID for each distinct part,,Pro-Range Propellers 5042 WinDancer PC 3 Blade Propellers 2CW+2CCW- Clear,R2,
23,C_00235,EL_0026,ELECTRICALS,INVENTORY,Verified,4,1146.17,0.00,2022-11-21,IMPORTED,,"Original Round-off retained in source metadata, not added to current valuation",Emax ECOII-2004-2000KV Brushless Motor,R19,A48
25,C_00147,EN_0027,ELECTRONICS,INDOOR R&D,Verified,2,2542.37,0.00,2022-12-26,IMPORTED,,Invalid HSN retained in source metadata only,Benewake TFMini-S Micro LiDAR Distance Sensor for Drones UAV UAS Robots (12m) UART,R28,A26
26,C_00550,EN_0028,ELECTRONICS,INDOOR R&D,Verified,1,3058.00,0.00,2022-12-26,IMPORTED,,,Raspberry Pi 3 Model B+,R26,A58
27,C_00148,PL_0029,PAYLOAD,INDOOR R&D,Verified,1,20894.49,0.00,2023-01-24,IMPORTED,,,BETAFPV SMO 4K CAMERA,L5,C1
29,C_00012,EN_0030,ELECTRONICS,INVENTORY,Verified,1,309.00,0.00,2023-02-01,IMPORTED,,,1575 Mhz GPS Antenna for GPS and GSM module,R34,A22
31,C_00097,EN_0031,ELECTRONICS,INVENTORY,Verified,1,371.70,0.00,2023-02-01,IMPORTED,,,Adafruit Perma-Proto Half-sized Breadboard PCB - Single,R31,
32,C_00122,,ELECTRONICS,INVENTORY,Verified,2,295.00,0.00,2023-02-01,BLOCKED,Comp ID C_00122 has differing Component Specification across positive-stock rows; confirm the correct component ID for each distinct part,,Arduino Nano v3.0,R26,A58
33,C_00201,EN_0032,ELECTRONICS,INVENTORY,Verified,1,2699.10,0.00,2023-02-01,IMPORTED,,,DC 3-6V Liquid Level Sensor,R28,A85
35,C_00255,PL_0033,PAYLOAD,INVENTORY,Verified,1,4999.00,0.00,2023-02-01,IMPORTED,,,FitSpark Eagle i6 PRO Real 4K WiFi Action Camera 16MP Ultra HD 170° Wide-Angle Lens,L5,C1
36,C_00256,,ELECTRONICS,INVENTORY,Excess in stock,2,8999.10,0.00,2023-02-01,BLOCKED,Physical stock verification requires review: Excess in stock; Comp ID C_00256 has differing Component Specification across positive-stock rows; confirm the correct component ID for each distinct part,,FLAME 60A 12S V2.0 Multi-Rotor UAVs ESC,R33,A65
37,C_00256,,ELECTRONICS,INVENTORY,Excess in stock,1,9899.00,0.00,2023-02-01,BLOCKED,Physical stock verification requires review: Excess in stock; Comp ID C_00256 has differing Component Specification across positive-stock rows; confirm the correct component ID for each distinct part,Invalid HSN retained in source metadata only,FLAME 60A 12S V2.0 Multi-Rotor UAVs ESC,R33,A65
38,C_00264,AF_0034,AIRFRAMES,INVENTORY,Verified,3,28799.10,0.00,2023-02-01,IMPORTED,,,Foxtech Diamond 3010 CF Propeller 1CW 1CCW-1pair,Before L1,
39,C_00277,EN_0035,ELECTRONICS,INVENTORY,Verified,1,3644.00,0.00,2023-02-01,IMPORTED,,,"Generic Aluminium 2-axle brushless gimbal camera mount controller plug & play, Multicolour",R21,KM-01
40,C_00288,PL_0036,PAYLOAD,INVENTORY,Verified,1,142762.73,0.00,2023-02-01,IMPORTED,,,Gremsy S1 V3 Gimbal,L2,
41,C_00299,EN_0037,ELECTRONICS,INVENTORY,Verified,2,1649.50,0.00,2023-02-01,IMPORTED,,,Herelink Antenna,R48,
42,C_00300,EN_0038,ELECTRONICS,INVENTORY,Verified,1,3299.00,0.00,2023-02-01,IMPORTED,,,Herelink Antenna (air unit),R48,
43,C_00352,EL_0039,ELECTRICALS,INVENTORY,Verified,2,2969.10,0.00,2023-02-01,IMPORTED,,,HS-75BB Retract Nylon Gear Analog Low Profile Servo,R26,A67
44,C_00365,AC_0040,ACCESSORIES,INVENTORY,Verified,1,39000.00,0.00,2023-02-01,IMPORTED,,,Johnnette Technologies' NPNT U2.0 Module,R31,
45,C_00371,,ELECTRICALS,INVENTORY,Verified,4,5755.50,0.00,2023-02-01,BLOCKED,Comp ID C_00371 has differing Component Specification across positive-stock rows; confirm the correct component ID for each distinct part,,KDE2315XF-885 Brushless Motor for Electric Multi-Rotor (sUAS) Series,R18,A47
46,C_00371,,ELECTRICALS,INVENTORY,Verified,4,5755.50,0.00,2023-02-01,BLOCKED,Comp ID C_00371 has differing Component Specification across positive-stock rows; confirm the correct component ID for each distinct part,Invalid HSN retained in source metadata only,KDE2315XF-885 Brushless Motor for Electric Multi-Rotor (sUAS) Series,,
47,C_00371,,ELECTRICALS,INVENTORY,Verified,6,5755.50,0.00,2023-02-01,BLOCKED,Comp ID C_00371 has differing Component Specification across positive-stock rows; confirm the correct component ID for each distinct part,,KDE2315XF-885 Brushless Motor for Electric Multi-Rotor (sUAS) Series,R18,A47
48,C_00372,EN_0041,ELECTRONICS,INVENTORY,Verified,6,2265.30,0.00,2023-02-01,IMPORTED,,,KDEXF-UAS20LV 20A + Electronic Speed Controller (ESC) for Electric Multi-Rotor (UAS) Series,R33,T-24
49,C_00372,EN_0041,ELECTRONICS,INVENTORY,Verified,4,2265.30,0.00,2023-02-01,IMPORTED,,Invalid HSN retained in source metadata only,KDEXF-UAS20LV 20A + Electronic Speed Controller (ESC) for Electric Multi-Rotor (UAS) Series,Above L1,
50,C_00478,EN_0042,ELECTRONICS,INVENTORY,Verified,1,1300.00,0.00,2023-02-01,IMPORTED,,,Mini OSD FOR APM 2.6/2.8,R31,A50
51,C_00511,AF_0043,AIRFRAMES,INVENTORY,Verified,1,75.42,0.00,2023-02-01,IMPORTED,,,Orange HD Propellers 1045 (10X4.5) ABS 1CW 1CCW-1pair,R4,PR1
53,C_00571,EN_0044,ELECTRONICS,INVENTORY,Verified,1,8500.00,0.00,2023-02-01,IMPORTED,,,Seagull UAV #REC Camera Controller,R26,A8
54,C_00614,EN_0045,ELECTRONICS,INVENTORY,Verified,2,3481.00,0.00,2023-02-01,IMPORTED,,,Storm32 - 3 Axis Brushless Gimbal Controller Board,R26,A58
55,C_00650,AF_0046,AIRFRAMES,INVENTORY,Verified,1,19710.00,0.00,2023-02-01,IMPORTED,,,TAROT FLIR Metal 3 Axis gimbal TL02FLIR,R21,KM-01
56,C_00653,EN_0047,ELECTRONICS,INVENTORY,Verified,1,1246.00,0.00,2023-02-01,IMPORTED,,,TBS M8.2 GPS Glonass Blacksheep,R34,A22
59,C_00623,EL_0048,ELECTRICALS,INVENTORY,Verified,3,10174.50,0.00,2023-02-01,IMPORTED,,,T-Motor Antigravity 4004 300KV,R18,A56
60,C_00631,,AIRFRAMES,INVENTORY,Excess in stock,3,6540.75,0.00,2023-02-01,BLOCKED,Physical stock verification requires review: Excess in stock,,T-Motor FA15.2x5 Prop - 2PCS/PAIR,R4,PR4
61,C_00633,EL_0049,ELECTRICALS,INVENTORY,Verified,1,2331.00,0.00,2023-02-01,IMPORTED,,,T-Motor GB2208 KV128 Gimbal Motor,R21,KM-01
62,C_00635,EL_0050,ELECTRICALS,INVENTORY,Verified,2,5571.00,0.00,2023-02-01,IMPORTED,,,T-Motor MN3110 Multirotor Fixed Wing UAV Motor KV470,R18,A47
63,C_00638,,AIRFRAMES,INVENTORY,Verified,8,2439.00,0.00,2023-02-01,BLOCKED,Comp ID C_00638 has differing Component Specification across positive-stock rows; confirm the correct component ID for each distinct part,,T-Motor P11x3.7 Propellers,R4,PR5
64,C_00638,,AIRFRAMES,INVENTORY,Verified,4,2009.06,0.00,2023-02-01,BLOCKED,Comp ID C_00638 has differing Component Specification across positive-stock rows; confirm the correct component ID for each distinct part,,T-Motor P11x3.7 Propellers,R4,PR5
65,C_00642,EL_0051,ELECTRICALS,INVENTORY,Verified,1,13050.00,0.00,2023-02-01,IMPORTED,,,T-Motor U Power U7 490KV,R18,AD1
67,C_00672,EL_0052,ELECTRICALS,INVENTORY,Verified,1,82.00,0.00,2023-02-01,IMPORTED,,,TowerPro SG90 Continuous Rotation 360 Degree Servo Motor,R26,A67
68,C_00681,EN_0053,ELECTRONICS,INVENTORY,Verified,1,2189.00,0.00,2023-02-01,IMPORTED,,,Ublox NEO M8N GPS For Pixhawk Flight Controller With Compass,R34,A22
69,C_00689,AF_0054,AIRFRAMES,INVENTORY,Verified,1,7132.50,0.00,2023-02-01,IMPORTED,,,Velbon QRA-635LII Quick Release Adapter and Plate - Black,R21,KM-01
71,C_00121,PL_0055,PAYLOAD,BHIMA R&D,Verified,1,4259.32,0.00,2023-02-04,IMPORTED,,,Arducam OV9281 Monochrome Global Shutter Camera Module for Raspberry Pi,L5,C1
72,C_00173,,ACCESSORIES,BHIMA R&D,Unlabelled colour,1,12000.00,0.00,2023-02-15,BLOCKED,Physical stock verification requires review: Unlabelled colour,,Carrycase ID: 30.75x30.75x29.75'' with wheels,Carrycase Room,
73,C_00501,,ELECTRONICS,BHIMA R&D,Verified,1,20301.30,0.00,2023-02-16,BLOCKED,Comp ID C_00501 has differing Component Specification across positive-stock rows; confirm the correct component ID for each distinct part,,NRA24 24GHz Alimeter Radar,R28,A4
74,C_00596,EN_0056,ELECTRONICS,BHIMA R&D,Verified,1,228925.41,0.00,2023-02-27,IMPORTED,,,Skycat X85-CF package,R43,Parachute-702
75,C_00129,PL_0057,PAYLOAD,Astra-x,Verified,1,249588.50,0.00,2023-02-28,IMPORTED,,,AT19 Lightweight 19mm 640*512 Thermal Camera with AI Tracking Objects,L4,
78,C_00564,PL_0058,PAYLOAD,AHMEDNAGAR NANO,Verified,2,15715.00,0.00,2023-03-25,IMPORTED,,,RunCam Link Wasp Digital HD FPV Camera System,L5,C1
80,C_00146,EN_0059,ELECTRONICS,AHMEDNAGAR NANO,Verified,2,1364.41,0.00,2023-03-31,IMPORTED,,,Beitian Dual BN-220 GPS GLONASS Antenna Module TTL Level RC Drone,R34,A22
81,C_00640,,ELECTRICALS,Astra-x,Verified,2,3033.90,0.00,2023-03-31,BLOCKED,"Comp ID C_00640 has differing Description, Component Specification, UOM across positive-stock rows; confirm the correct component ID for each distinct part",,T-Motor Quick Attach-Detach Propeller Adapter Q1824,R32,
82,C_00639,AF_0060,AIRFRAMES,INVENTORY,Verified,2,22900.00,0.00,2023-04-01,IMPORTED,,,T-Motor P30x10 Prop 1CW 1CCW-1Pair,Before L1,
83,C_00343,,ELECTRONICS,AHMEDNAGAR NANO,Verified,1,7970.48,5.00,2023-06-01,BLOCKED,Comp ID C_00343 has differing Component Specification across positive-stock rows; confirm the correct component ID for each distinct part,,Holybro Kakute H7 V2 Flight Controller,R7,
84,NA,,AIRFRAMES,VTOL,Verified,1,1307383.17,0.00,2023-06-08,BLOCKED,Missing or placeholder Comp ID,,VTOL,Assembly Area,
85,C_00746,AF_0061,AIRFRAMES,R&D,Verified,1,3902.00,0.00,2023-07-04,IMPORTED,,,Toy Drone - BIR v2,R30,
86,C_00744,AF_0062,AIRFRAMES,R&D,Verified,1,3902.00,0.00,2023-07-04,IMPORTED,,,Toy Drone - Falcon,R30,
87,C_00743,AF_0063,AIRFRAMES,R&D,Verified,1,3902.00,0.00,2023-07-04,IMPORTED,,,Toy Drone - RC Drone,R30,
88,C_00745,AF_0064,AIRFRAMES,R&D,Verified,1,3902.00,0.00,2023-07-04,IMPORTED,,,Toy Drone - SU-35,R30,
90,C_00474,EL_0065,ELECTRICALS,CRRI,Verified,1,6101.69,0.00,2023-07-15,IMPORTED,,,Metal Gear Servo Motor RDS5180 80kg,R26,
91,C_00671,,ELECTRICALS,CRRI,Verified,1,84.75,18.00,2023-07-15,BLOCKED,Comp ID C_00671 has differing Component Specification across positive-stock rows; confirm the correct component ID for each distinct part,,Towerpro MG996R Digital High Torque Servo Motor,R26,A67
92,C_00680,EN_0066,ELECTRONICS,CRRI,Verified,1,952.38,5.00,2023-07-15,IMPORTED,,,Ubec-8A 6-36V 2-8S Lipo Esc,R26,A17
93,C_00343,,ELECTRONICS,AHMEDNAGAR NANO,Verified,1,13333.00,0.00,2023-07-27,BLOCKED,Comp ID C_00343 has differing Component Specification across positive-stock rows; confirm the correct component ID for each distinct part,,Holybro Kakute H7 V2 Flight Controller,R32,
94,C_00260,CM_0067,COMMUNICATION,CRRI,Verified,1,4480.95,5.00,2023-08-07,IMPORTED,,,Flysky FS-I6x 2.4gHZ 6CHAFHDS 2A RC Transmitter with FS-iA10B 10CH Receiver,R50,
96,C_00560,AF_0068,AIRFRAMES,AHMEDNAGAR NANO,Verified,1,3499.00,0.00,2023-08-11,IMPORTED,,"Original Shipping retained in source metadata, not added to current valuation",Rekon 4 FR Freestyle Frame Kit 4 Inches Frame,R7,
97,C_00556,,ELECTRONICS,INVENTORY,Excess in stock,1,1638.14,18.00,2023-08-25,BLOCKED,Physical stock verification requires review: Excess in stock,,Ready to sky BN-880 GPS Module,R34,A22
98,C_00656,EN_0069,ELECTRONICS,INVENTORY,Verified,1,14665.00,5.00,2023-08-25,IMPORTED,,,Tekko32 F4 4in1 50A ESC(AM32),R33,
99,C_00252,EN_0070,ELECTRONICS,INVENTORY,Verified,1,27235.22,0.00,2023-09-02,IMPORTED,,"Original Shipping retained in source metadata, not added to current valuation",Fat Shark Recon FPV HD Goggles fsv1127,R33,
100,C_00270,CM_0071,COMMUNICATION,INVENTORY,Verified,1,12500.00,18.00,2023-09-07,IMPORTED,,,FrSky Taranis X9D Plus 2019 ACCESS 2.4G 24CH Radio Transmitter,R48,
101,C_00269,CM_0072,COMMUNICATION,INVENTORY,Verified,1,3046.67,5.00,2023-09-11,IMPORTED,,,FrSky R9M Transmitter Module,R48,
102,C_00303,EL_0073,ELECTRICALS,INVENTORY,Verified,4,1691.57,0.00,2023-09-21,IMPORTED,,,HGLRC AEOLUS 1202.5 5600/8000/11600KV Brushless Motor,R7,
103,C_00122,,ELECTRONICS,INVENTORY,Verified,2,1525.43,18.00,2023-09-28,BLOCKED,Comp ID C_00122 has differing Component Specification across positive-stock rows; confirm the correct component ID for each distinct part,,Arduino Nano v3.0,R26,A58
105,C_00646,AF_0074,AIRFRAMES,INVENTORY,Verified,3,3095.24,5.00,2023-10-11,IMPORTED,,"Original Shipping retained in source metadata, not added to current valuation",Tarot 1760 Propellers TL100D10 1CW 1CCW-1Pair,R4,PR1
106,C_00497,,PAYLOAD,INVENTORY,Verified,1,1366799.62,0.00,2023-10-16,BLOCKED,Comp ID C_00497 has differing Component Specification across positive-stock rows; confirm the correct component ID for each distinct part,"Original Shipping retained in source metadata, not added to current valuation",Nighthawk 2 Next Vision Camera,L2,
107,C_00207,PL_0075,PAYLOAD,INVENTORY,Verified,3,33655.00,0.00,2023-10-20,IMPORTED,,"Original Shipping retained in source metadata, not added to current valuation",Doodle Labs - EK-915 & EK-2450 Evaluation Kits,L4,
108,C_00208,,PAYLOAD,INVENTORY,Verified,3,144000.00,0.00,2023-10-20,BLOCKED,Comp ID C_00208 has differing Component Specification across positive-stock rows; confirm the correct component ID for each distinct part,"Original Shipping retained in source metadata, not added to current valuation",Doodle Labs - RM-2450 - 12M3 - Radio Unit,L4,
109,C_00699,PL_0076,PAYLOAD,,Verified,1,11763.56,18.00,2023-11-09,IMPORTED,,,Walksnail Avatar HD Pro Kit (Dual Antennas Version) 32G With Gyroflow,L5,C1
110,C_00027,EN_0077,ELECTRONICS,INVENTORY,Verified,1,3041.53,18.00,2023-11-15,IMPORTED,,"Original Shipping retained in source metadata, not added to current valuation","200MM, 7mm/S, 1500N, 12V Linear Actuator",R26,
111,C_00462,EN_0078,ELECTRONICS,INVENTORY,Verified,2,1196.08,18.00,2023-11-15,IMPORTED,,,Matek AP Periph CAN Node CAN-L4-PWM,R26,A8
112,C_00016,EN_0079,ELECTRONICS,INVENTORY,Verified,1,2500.00,18.00,2023-11-20,IMPORTED,,"Original Shipping retained in source metadata, not added to current valuation",1710-2400Mhz Airtel 4G Patch Panel Antenna,R35,
113,C_00380,EN_0080,ELECTRONICS,INVENTORY,Verified,2,273.73,18.00,2023-11-22,IMPORTED,,,LM2577 3A DC-DC Step UP LED Voltmeter 3-34 to 4-35V Adjustable Boost Converter module,R26,A37
114,C_00381,,ELECTRONICS,INVENTORY,Excess in stock,2,117.80,18.00,2023-11-22,BLOCKED,Physical stock verification requires review: Excess in stock,,LM2596 2A Buck Step-down Power Converter Module DC 4-40 to 1.3-37V LED Voltmeter,R26,A37
115,C_00837,EN_0081,ELECTRONICS,Astra-x,Verified,1,2889.84,0.00,2023-12-07,IMPORTED,,,Oneclap Micro- Wired GPS tracker,R34,A22
116,C_00658,EN_0082,ELECTRONICS,Astra-x,Verified,1,27287.29,0.00,2023-12-07,IMPORTED,,,TF03 IP67 Long Range LiDAR Sensor,R28,A26
117,C_00561,,ELECTRONICS,INVENTORY,Doubt (need to check where it is located),4,190.00,0.00,2023-12-21,BLOCKED,Physical stock verification requires review: Doubt (need to check where it is located); Comp ID C_00561 has differing UOM across positive-stock rows; confirm the correct component ID for each distinct part,,RF Cables,R28,RF-01
118,C_00590,CM_0083,COMMUNICATION,INVENTORY,Verified,1,31780.00,18.00,2023-12-21,IMPORTED,,"Original Shipping retained in source metadata, not added to current valuation",SIYI HM30 DUAL LONGE RANGE MODULE,R50,
119,C_00561,,ELECTRONICS,INVENTORY,Doubt (need to check where it is located),4,190.00,18.00,2023-12-29,BLOCKED,Physical stock verification requires review: Doubt (need to check where it is located); Comp ID C_00561 has differing UOM across positive-stock rows; confirm the correct component ID for each distinct part,"Original Shipping retained in source metadata, not added to current valuation",RF Cables,R28,RF-01
120,C_00002,,ELECTRICALS,VYOMA(TA),Verified,2,93.22,0.00,2024-01-02,BLOCKED,"Comp ID C_00002 has differing Category, Component Specification across positive-stock rows; confirm the correct component ID for each distinct part",,100A Multirotor ESC Power Distribution Battery Board (PBD),R21,A9
121,C_00207,PL_0075,PAYLOAD,VYOMA,Verified,2,34847.00,18.04,2024-01-02,IMPORTED,,"Nonstandard GST rate; review source; Original Shipping retained in source metadata, not added to current valuation",Doodle Labs - EK-915 & EK-2450 Evaluation Kits,L4,
122,C_00207,PL_0075,PAYLOAD,VYOMA,Verified,1,34847.00,0.00,2024-01-02,IMPORTED,,,Doodle Labs - EK-915 & EK-2450 Evaluation Kits,L4,
124,C_00684,,ELECTRICALS,VYOMA(TA),Verified,2,2010.17,0.00,2024-01-02,BLOCKED,Comp ID C_00684 has differing Component Specification across positive-stock rows; confirm the correct component ID for each distinct part,,Ultra Torque Quarter Scale 60kgcm Metal Gear Servo Motor,R26,A18
127,C_00206,AF_0084,AIRFRAMES,VYOMA(TA),Verified,1,216.51,18.00,2024-01-03,IMPORTED,,,Doodle Lab Housing Top,R9,A73
128,C_00208,,PAYLOAD,VYOMA,Verified,2,135812.00,18.00,2024-01-03,BLOCKED,Comp ID C_00208 has differing Component Specification across positive-stock rows; confirm the correct component ID for each distinct part,,Doodle Labs - RM-2450 - 12M3 - Radio Unit,L4,
129,C_00208,,PAYLOAD,VYOMA,Verified,1,135812.00,0.00,2024-01-03,BLOCKED,Comp ID C_00208 has differing Component Specification across positive-stock rows; confirm the correct component ID for each distinct part,,Doodle Labs - RM-2450 - 12M3 - Radio Unit,L4,
135,C_00471,AC_0085,ACCESSORIES,VYOMA,Verified,1,40000.00,18.00,2024-01-09,IMPORTED,,,MAX615TR-PP Carrycase with XLPE Foam Accessories,Inv Room,
137,NA,,ACCESSORIES,VYOMA,Verified,1,3219.49,18.00,2024-01-12,BLOCKED,Missing or placeholder Comp ID,,Cable creation USB Type C cable,R25,
139,NA,,AIRFRAMES,VYOMA,Verified,1,94.60,18.00,2024-01-17,BLOCKED,Missing or placeholder Comp ID,,GPS enclosure,R58,
140,C_00515,AF_0086,AIRFRAMES,VYOMA,Verified,1,5233.10,18.00,2024-01-17,IMPORTED,,,Patch Antenna mount,R58,
141,NA,,AIRFRAMES,VYOMA,Verified,1,5160.00,18.00,2024-01-17,BLOCKED,Missing or placeholder Comp ID,,Tripod mounting plate,R9,A73
143,C_00563,,ELECTRICALS,VYOMA,Verified,2,2795.76,18.00,2024-01-19,BLOCKED,Comp ID C_00563 has differing Component Specification across positive-stock rows; confirm the correct component ID for each distinct part,"Original Shipping retained in source metadata, not added to current valuation",Robot Servo 60kg RDS5160 Metal Gear Digital servo Motor 180 Degree,R26,A18
144,C_00080,,ELECTRICALS,BHIMA,Doubt (need to check where it is located),2,22500.00,18.05,2024-01-20,BLOCKED,Physical stock verification requires review: Doubt (need to check where it is located),"Nonstandard GST rate; review source; Original Shipping retained in source metadata, not added to current valuation",6S 21000mAh Li-Ion Battery,Charging Room,
145,C_00472,AC_0087,ACCESSORIES,VYOMA,Verified,1,18200.00,18.00,2024-01-22,IMPORTED,,,MAX620H340TR-Pelican Carrycase,Carrycase Room,
146,C_00533,EN_0088,ELECTRONICS,VYOMA,Verified,1,2149.00,18.00,2024-01-22,IMPORTED,,"Original Shipping retained in source metadata, not added to current valuation",Polulu 1350/1352/1354/1356 Mini/Micro Maestro 6/12/18/24 Channel USB servo,R26,A8
147,C_00022,EN_0089,ELECTRONICS,VYOMA,Verified,1,14364.39,18.00,2024-01-30,IMPORTED,,,2.4Ghz 11 dBi Dual Polarization Diversity/MIMO/802.11n Antenna-3ft RP-SMA,R35,
148,C_00497,,PAYLOAD,VYOMA,Verified,1,1335079.58,0.00,2024-02-17,BLOCKED,Comp ID C_00497 has differing Component Specification across positive-stock rows; confirm the correct component ID for each distinct part,"Original Shipping retained in source metadata, not added to current valuation",Nighthawk 2 Next Vision Camera,L2,
149,C_00678,PL_0090,PAYLOAD,VYOMA,Verified,1,220664.46,0.00,2024-02-17,IMPORTED,,"Original Shipping retained in source metadata, not added to current valuation",TRIP 5 for Night Hawk 2,L2,
150,C_00589,EN_0091,ELECTRONICS,TAWANG,Verified,1,45238.10,5.17,2024-02-19,IMPORTED,,"Nonstandard GST rate; review source; Original Shipping retained in source metadata, not added to current valuation",SIYI AI Tracking module,L1,
151,C_00591,EN_0092,ELECTRONICS,TAWANG,Verified,1,1798.10,5.00,2024-02-19,IMPORTED,,,SIYI MK15 Camera Hub,L4,
153,C_00561,,ELECTRONICS,VYOMA,Doubt (need to check where it is located),4,215.00,18.00,2024-03-04,BLOCKED,Physical stock verification requires review: Doubt (need to check where it is located); Comp ID C_00561 has differing UOM across positive-stock rows; confirm the correct component ID for each distinct part,"Original Shipping retained in source metadata, not added to current valuation",RF Cables,R28,RF-01
154,C_00648,EL_0093,ELECTRICALS,INVENTORY,Verified,7,3800.00,5.00,2024-03-04,IMPORTED,,,Tarot 4008 TL2955 330KV,R18,A49
155,C_00558,EN_0094,ELECTRONICS,INVENTORY,Verified,2,557.96,5.00,2024-03-05,IMPORTED,,"Original Shipping retained in source metadata, not added to current valuation",ReadytoSky 30A 2-6S ESC Banana connector,R33,A65
156,C_00616,AF_0095,AIRFRAMES,INVENTORY,Verified,17,264.38,5.00,2024-03-05,IMPORTED,,"Original Shipping retained in source metadata, not added to current valuation",Sunny Sky 1038 Propellers CW & CCW Rotation Pair,S,PR3
157,C_00617,EL_0096,ELECTRICALS,INVENTORY,Verified,2,2852.71,5.00,2024-03-05,IMPORTED,,"Original Shipping retained in source metadata, not added to current valuation",Sunny Sky X3108S KV900 Brushless Motors,R18,A45
159,C_00034,AF_0097,AIRFRAMES,INVENTORY,Verified,30,1530.00,18.00,2024-04-01,IMPORTED,,,2388 propellers 1CW 1CCW-1Pair,R4,PR2
160,C_00223,,AIRFRAMES,AGRI R&D,Doubt (need to check where it is located),4,2350.00,5.00,2024-04-26,BLOCKED,Physical stock verification requires review: Doubt (need to check where it is located),,EFT Carbon Fiber Folding Arm Dia 40x37x380mm,R10,B7
161,C_00223,,AIRFRAMES,AGRI R&D,Doubt (need to check where it is located),6,2350.00,5.00,2024-04-26,BLOCKED,Physical stock verification requires review: Doubt (need to check where it is located),,EFT Carbon Fiber Folding Arm Dia 40x37x380mm,R10,B7
164,C_00218,,PAYLOAD,AGRI R&D,Excess in stock,1,6860.00,5.00,2024-04-26,BLOCKED,Physical stock verification requires review: Excess in stock,,EFT 10L Sprayer tank,Assembly Area,
165,C_00221,AF_0098,AIRFRAMES,AGRI R&D,Verified,5,2690.00,5.00,2024-04-26,IMPORTED,,,EFT Aluminum Main Arm Dia 40x37x315mm with Arm Folding Parts Dia40,R10,B7
166,C_00221,AF_0098,AIRFRAMES,AGRI R&D,Verified,6,2690.00,5.00,2024-04-26,IMPORTED,,,EFT Aluminum Main Arm Dia 40x37x315mm with Arm Folding Parts Dia40,R10,B7
167,C_00222,AF_0099,AIRFRAMES,AGRI R&D,Verified,5,500.00,5.00,2024-04-26,IMPORTED,,,EFT Arm Locking Cap Dia 35mm,R10,B7
168,C_00232,EL_0100,ELECTRICALS,AGRI R&D,Verified,1,3000.00,5.00,2024-04-26,IMPORTED,,,EFT PDB,R20,blue bin
174,C_00224,AF_0101,AIRFRAMES,AGRI R&D,Verified,4,925.00,5.00,2024-04-26,IMPORTED,,,EFT Dia 20x420mm Vertical Landing Gear Kit,R10,B7
175,NA,,AIRFRAMES,AGRI R&D,Doubt (need to check where it is located),2,360.00,5.00,2024-04-30,BLOCKED,Physical stock verification requires review: Doubt (need to check where it is located); Missing or placeholder Comp ID,,Camera mount for E610P frame,EFT Spares,
176,NA,,ELECTRICALS,Astra-x,Verified,2,217.00,0.00,2024-05-04,BLOCKED,Missing or placeholder Comp ID,"Original Shipping retained in source metadata, not added to current valuation",3.5mm Male Female Banana Plug Bullet Connector (Pack of 10),,
177,C_00501,,ELECTRONICS,AGRI R&D,Verified,1,22415.25,18.00,2024-05-06,BLOCKED,Comp ID C_00501 has differing Component Specification across positive-stock rows; confirm the correct component ID for each distinct part,"Original Shipping retained in source metadata, not added to current valuation",NRA24 24GHz Alimeter Radar,R28,A4
178,C_00200,EN_0102,ELECTRONICS,AGRI R&D,Verified,1,38000.00,18.00,2024-05-31,IMPORTED,,,Data Acquistion system,L1,A57
180,C_00267,EN_0103,ELECTRONICS,AGRI R&D,Verified,1,1100.85,18.00,2024-06-05,IMPORTED,,,FrSky 900MHz Super 8 Antenna for R9M and R9M Lite Module,R26,A8
181,NA,,ELECTRICALS,AGRI-TC,Verified,4,57.37,18.00,2024-06-24,BLOCKED,Missing or placeholder Comp ID,"Original Shipping retained in source metadata, not added to current valuation",Amass XT150 Gold Plated Female Connector,R22,
182,NA,,ELECTRICALS,AGRI-TC,Verified,4,57.37,18.00,2024-06-24,BLOCKED,Missing or placeholder Comp ID,"Original Shipping retained in source metadata, not added to current valuation",Amass XT150 Gold Plated Male Connector,R22,A64
183,NA,,ELECTRICALS,AGRI R&D,Verified,2,111.10,18.00,2024-06-24,BLOCKED,Missing or placeholder Comp ID,"Original Shipping retained in source metadata, not added to current valuation",Amass XT150 Gold Plated Male Connector,R22,A64
188,NA,,AIRFRAMES,CRRI,Verified,1,17650.00,18.00,2024-07-10,BLOCKED,Missing or placeholder Comp ID,"Original Shipping retained in source metadata, not added to current valuation",SS Ball & SS Rod,R44,CRRI Spares
189,NA,,AIRFRAMES,P0006,Verified,1,42855.00,5.00,2024-07-23,BLOCKED,Missing or placeholder Comp ID,,E616P frame without tank,,
190,C_00054,,AIRFRAMES,NRSC,Verified,1,5761.87,18.00,2024-07-26,BLOCKED,"Comp ID C_00054 has differing Category, Description, Component Specification, UOM across positive-stock rows; confirm the correct component ID for each distinct part",,3DR 100mW Radio Telemetry 433MHZ For APM PX4 Pixhawk,R26,A21
191,C_00099,EN_0104,ELECTRONICS,P0006,Verified,1,74000.00,18.00,2024-08-05,IMPORTED,,,AI Computational Board,L1,A57
192,C_00267,EN_0103,ELECTRONICS,NANO-IA,Verified,1,3025.42,18.00,2024-08-09,IMPORTED,,,FrSky 900MHz Super 8 Antenna for R9M and R9M Lite Module,R26,A8
193,C_00160,EN_0105,ELECTRONICS,P0006,Verified,1,9487.81,18.00,2024-08-17,IMPORTED,,,Bus Bar,R31,Brown box
194,C_00684,,ELECTRICALS,P0006,Verified,2,1471.19,18.00,2024-08-19,BLOCKED,Comp ID C_00684 has differing Component Specification across positive-stock rows; confirm the correct component ID for each distinct part,"Original Shipping retained in source metadata, not added to current valuation",Ultra Torque Quarter Scale 60kgcm Metal Gear Servo Motor,R26,A18
195,C_00340,,ELECTRICALS,P0006,Verified,1,12100.00,18.00,2024-08-20,BLOCKED,Comp ID C_00340 has differing Component Specification across positive-stock rows; confirm the correct component ID for each distinct part,,Hobbywing X8 CCW Combo,R19,V1
196,C_00341,,ELECTRICALS,P0006,Verified,1,12100.00,18.00,2024-08-20,BLOCKED,Comp ID C_00341 has differing Component Specification across positive-stock rows; confirm the correct component ID for each distinct part,,Hobbywing X8 CW Combo,R19,V1
197,C_00671,,ELECTRICALS,P0006,Verified,1,237.29,18.00,2024-08-21,BLOCKED,Comp ID C_00671 has differing Component Specification across positive-stock rows; confirm the correct component ID for each distinct part,"Original Shipping retained in source metadata, not added to current valuation",Towerpro MG996R Digital High Torque Servo Motor,R26,A67
199,C_00463,EN_0106,ELECTRONICS,P0004,Verified,2,8399.00,12.00,2024-08-23,IMPORTED,,,Matek GNSS M10-L4-3100 DroneCAN,R34,A22
200,C_00464,,ELECTRONICS,P0004,Excess in stock,1,541.50,5.00,2024-08-23,BLOCKED,Physical stock verification requires review: Excess in stock; Comp ID C_00464 has differing Component Specification across positive-stock rows; confirm the correct component ID for each distinct part,,Matek MICRO BEC 5V/12V-ADJ,R26,A17
202,C_00388,EL_0107,ELECTRICALS,P0006,Verified,1,6696.51,0.00,2024-08-26,IMPORTED,,,M1500 T-Drone PDB,R22,A52
203,C_00627,EL_0108,ELECTRICALS,P0006,Verified,4,19085.05,0.00,2024-08-26,IMPORTED,,,T-Motor Antigravity MN8017 120KV,R18,A56
204,C_00636,,AIRFRAMES,P0006,Excess in stock,1,22433.30,0.00,2024-08-26,BLOCKED,Physical stock verification requires review: Excess in stock; Comp ID C_00636 has differing Component Specification across positive-stock rows; confirm the correct component ID for each distinct part,,T-motor NS30x10 Propellers 1CW 1CCW - 1Pair,Assembly Area,
206,C_00671,,ELECTRICALS,P0004,Verified,1,237.29,18.00,2024-08-30,BLOCKED,Comp ID C_00671 has differing Component Specification across positive-stock rows; confirm the correct component ID for each distinct part,"Original Shipping retained in source metadata, not added to current valuation",Towerpro MG996R Digital High Torque Servo Motor,R26,A67
207,C_00295,,ELECTRONICS,P0004,Excess in stock,2,787.10,5.00,2024-08-31,BLOCKED,Physical stock verification requires review: Excess in stock,"Original Shipping retained in source metadata, not added to current valuation",HENGE 8A UBEC,R26,A17
208,C_00671,,ELECTRICALS,P0004,Verified,3,237.29,18.00,2024-08-31,BLOCKED,Comp ID C_00671 has differing Component Specification across positive-stock rows; confirm the correct component ID for each distinct part,"Original Shipping retained in source metadata, not added to current valuation",Towerpro MG996R Digital High Torque Servo Motor,R26,A67
209,C_00684,,ELECTRICALS,P0004,Verified,2,1483.05,18.00,2024-08-31,BLOCKED,Comp ID C_00684 has differing Component Specification across positive-stock rows; confirm the correct component ID for each distinct part,"Original Shipping retained in source metadata, not added to current valuation",Ultra Torque Quarter Scale 60kgcm Metal Gear Servo Motor,R26,
210,C_00769,AF_0109,AIRFRAMES,P0004,Verified,1,5145.00,18.00,2024-09-01,IMPORTED,,"Original Shipping retained in source metadata, not added to current valuation; Invalid HSN retained in source metadata only",CF Sheet 300mmx300mmx2mm,,
211,C_00549,CM_0110,COMMUNICATION,P0004,Verified,1,17190.48,5.00,2024-09-03,IMPORTED,,"Original Shipping retained in source metadata, not added to current valuation",Radiomaster TX16S MKII Hall v4.0 ELRS Radio with RP1 ExpressLRS 2.4Ghz Nano receiver,R48,
213,C_00566,,ELECTRICALS,Inventory Drones,Excess in stock,7,46.40,18.00,2024-09-17,BLOCKED,Physical stock verification requires review: Excess in stock,"Original Shipping retained in source metadata, not added to current valuation",SafeConnect Flat 30CM 22AWG Servo Lead Extension (Futaba) Cable,R21,A35
215,C_00671,,ELECTRICALS,Inventory Drones,Verified,2,237.29,18.00,2024-09-17,BLOCKED,Comp ID C_00671 has differing Component Specification across positive-stock rows; confirm the correct component ID for each distinct part,"Original Shipping retained in source metadata, not added to current valuation; Invalid HSN retained in source metadata only",Towerpro MG996R Digital High Torque Servo Motor,R26,A67
216,C_00684,,ELECTRICALS,Inventory Drones,Verified,2,1483.05,18.00,2024-09-17,BLOCKED,Comp ID C_00684 has differing Component Specification across positive-stock rows; confirm the correct component ID for each distinct part,"Original Shipping retained in source metadata, not added to current valuation",Ultra Torque Quarter Scale 60kgcm Metal Gear Servo Motor,R26,A18
217,C_00688,EN_0111,ELECTRONICS,Inventory Drones,Verified,2,1126.74,5.00,2024-09-17,IMPORTED,,"Original Shipping retained in source metadata, not added to current valuation",Vector BEC VOLTROX 12V 1.5A (6S -12S),R26,A17
220,C_00707,,ELECTRONICS,Inventory Drones,Verified,4,671.78,5.00,2024-09-19,BLOCKED,Comp ID C_00707 has differing Component Specification across positive-stock rows; confirm the correct component ID for each distinct part,Invalid HSN retained in source metadata only,YRRC 2-13S 5V 5A BEC,R26,A17
221,C_00588,PL_0112,PAYLOAD,Inventory Drones,Verified,1,19900.00,18.00,2024-09-20,IMPORTED,,,SIYI A8 mini 4K 8MP Ultra HD 6X Digital Zoom Gimbal Camera,L1,
223,C_00541,EN_0113,ELECTRONICS,Inventory Drones,Verified,1,114250.00,18.00,2024-09-24,IMPORTED,,Invalid HSN retained in source metadata only,Proximity Sensor,L1,
224,C_00541,EN_0113,ELECTRONICS,Inventory Drones,Verified,1,114250.00,18.00,2024-09-24,IMPORTED,,,Proximity Sensor,L1,
225,C_00096,EN_0114,ELECTRONICS,Inventory Drones,Verified,2,872.99,18.00,2024-09-25,IMPORTED,,"Original Shipping retained in source metadata, not added to current valuation",Adafruit Accessories Electric Heating Pad 14cmx5cm,R16,
226,C_00464,,ELECTRONICS,Inventory Drones,Excess in stock,3,541.50,5.00,2024-09-25,BLOCKED,Physical stock verification requires review: Excess in stock; Comp ID C_00464 has differing Component Specification across positive-stock rows; confirm the correct component ID for each distinct part,"Original Shipping retained in source metadata, not added to current valuation",Matek MICRO BEC 5V/12V-ADJ,R26,A17
229,C_00466,EN_0115,ELECTRONICS,Inventory Drones,Verified,2,4420.00,5.00,2024-09-30,IMPORTED,,Invalid HSN retained in source metadata only,Mauch 003 PL 200A Sensor Board 10 AWG,R28,A19
230,C_00467,EN_0116,ELECTRONICS,Inventory Drones,Verified,2,24700.00,5.00,2024-09-30,IMPORTED,,Invalid HSN retained in source metadata only,Mauch 053 Power cube 3 V3,R28,A19
231,C_00626,EL_0117,ELECTRICALS,Astra-x,Verified,1,7485.00,18.00,2024-09-30,IMPORTED,,,T-Motor Antigravity MN5008 400KV,R18,A56
234,C_00563,,ELECTRICALS,CRRI,Verified,1,3299.00,0.00,2024-10-14,BLOCKED,Comp ID C_00563 has differing Component Specification across positive-stock rows; confirm the correct component ID for each distinct part,"Original Shipping retained in source metadata, not added to current valuation",Robot Servo 60kg RDS5160 Metal Gear Digital servo Motor 180 Degree,R26,A18
235,C_00841,AF_0118,AIRFRAMES,CRRI,Verified,4,950.00,18.00,2024-10-22,IMPORTED,,,CRRI - 14mm Ball Pin,R44,CRRI Spares
236,C_00840,AF_0119,AIRFRAMES,CRRI,Verified,4,950.00,18.00,2024-10-22,IMPORTED,,,CRRI - 8mm Ball Pin,R44,CRRI Spares
237,C_00647,AF_0120,AIRFRAMES,AVD,Verified,1,5200.00,18.00,2024-10-26,IMPORTED,,,Tarot 1765 CF Propellers 1CW 1CCW-1Pair,R4,PR1
242,C_00460,,ELECTRONICS,BHUMI,Verified,9,11.86,18.00,2024-12-04,BLOCKED,"Comp ID C_00460 has differing Category, Component Specification across positive-stock rows; confirm the correct component ID for each distinct part","Original Shipping retained in source metadata, not added to current valuation; Invalid HSN retained in source metadata only",Male Dupont Terminal Reed Connector 2.54mm 5 Pins,R17,Black Box
245,C_00674,AF_0121,AIRFRAMES,DRONE KIT,Verified,1,2736.44,18.00,2024-12-14,IMPORTED,,,Toy Drone - DM002 DIY,R30,
246,C_00673,AF_0122,AIRFRAMES,DRONE KIT,Verified,1,4999.00,18.00,2024-12-23,IMPORTED,,,Toy Drone - Aasma BYOD,R30,
247,C_00675,AF_0123,AIRFRAMES,DRONE KIT,Verified,1,5931.36,18.00,2024-12-24,IMPORTED,,,Toy Drone - Pluto 1.2 Kit,R30,
248,C_00676,AF_0124,AIRFRAMES,DRONE KIT,Verified,1,11609.32,18.00,2024-12-24,IMPORTED,,,Toy Drone - Pluto X,R30,
250,C_00878,EN_0125,ELECTRONICS,Astra-x,Verified,6,173.73,18.00,2025-01-02,IMPORTED,,"Original Shipping retained in source metadata, not added to current valuation",SMA Male to SMA Female Adapter,R22,
253,C_00370,AC_0126,ACCESSORIES,NANO DRONE KIT,Verified,48,6.12,18.00,2025-01-18,IMPORTED,,,JST GH Female Crimp Terminal 26AWG SSHL-002T-P0.2,R17,Black Box
254,C_00014,EN_0127,ELECTRONICS,NANO DRONE KIT,Verified,2,203.39,18.00,2025-01-22,IMPORTED,,"Original Shipping retained in source metadata, not added to current valuation",15x20 cm Universal PCB Prototype Board Double-Sided,R45,D2
257,C_00087,EL_0128,ELECTRICALS,NANO DRONE KIT,Verified,2,195.24,5.00,2025-01-22,IMPORTED,,"Original Shipping retained in source metadata, not added to current valuation",720 Magnetic Micro Coreless Motor for Micro Quadcopters  2CW & 2CCW,R17,Black Box
259,C_00149,EN_0129,ELECTRONICS,NANO DRONE KIT,Verified,2,21.19,18.00,2025-01-22,IMPORTED,,"Original Shipping retained in source metadata, not added to current valuation",BMP Barometric Pressure and Altitude Sensor I2C/SPI Module,R45,D2
260,C_00150,EL_0130,ELECTRICALS,NANO DRONE KIT,Verified,2,500.00,18.00,2025-01-22,IMPORTED,,"Original Shipping retained in source metadata, not added to current valuation",Bonka 3.7V 1000mAh 25C 1S Lithium Polymer Battery,R23,Battery 07
261,C_00244,EN_0131,ELECTRONICS,NANO DRONE KIT,Verified,2,283.90,18.00,2025-01-22,IMPORTED,,"Original Shipping retained in source metadata, not added to current valuation",ESP WROOM 32 MCU Module Version 1.1,R45,D2
262,C_00245,EN_0132,ELECTRONICS,NANO DRONE KIT,Verified,1,78.82,18.00,2025-01-22,IMPORTED,,"Original Shipping retained in source metadata, not added to current valuation",ESP-12F ESP8266 Wifi Wireless IoT Board Module,R45,D2
263,C_00290,EN_0133,ELECTRONICS,NANO DRONE KIT,Verified,2,109.32,18.00,2025-01-22,IMPORTED,,"Original Shipping retained in source metadata, not added to current valuation",GY-271 HMC5883 3-axis Electronic Compass Module Magnetic Field Sensor,R45,D2
264,C_00291,EN_0134,ELECTRONICS,NANO DRONE KIT,Verified,2,354.24,18.00,2025-01-22,IMPORTED,,"Original Shipping retained in source metadata, not added to current valuation",GY-63 MS5611-01BA03 High Precision Pressure Sensor Height Sensor Module,R45,D2
270,C_00473,EN_0135,ELECTRONICS,NANO DRONE KIT,Verified,2,237.29,18.00,2025-01-22,IMPORTED,,"Original Shipping retained in source metadata, not added to current valuation",MB102 830 Point Breadboard+ Power Supply+ 140 Jump Wires Kit,R31,A32
271,C_00654,EN_0136,ELECTRONICS,NANO DRONE KIT,Verified,1,1737.29,18.00,2025-01-22,IMPORTED,,"Original Shipping retained in source metadata, not added to current valuation",Teensy 4.0 Development Board,R45,D2
273,C_00025,EN_0137,ELECTRONICS,NANO DRONE KIT,Verified,1,5.50,18.00,2025-01-24,IMPORTED,,"Original Shipping retained in source metadata, not added to current valuation",2.54mm Female Headers Berg Strip – 1×40 Pins,R45,D2
274,C_00345,EN_0138,ELECTRONICS,NANO DRONE KIT,Verified,2,2990.00,18.00,2025-01-24,IMPORTED,,"Original Shipping retained in source metadata, not added to current valuation",Holybro PMW3901 Optical Flow Sensor,R28,DA2
275,C_00490,EN_0139,ELECTRONICS,NANO DRONE KIT,Verified,2,168.65,18.00,2025-01-24,IMPORTED,,"Original Shipping retained in source metadata, not added to current valuation",MPU6050 Module TIFSS0063,R45,D2
276,C_00686,EN_0140,ELECTRONICS,NANO DRONE KIT,Verified,1,340.00,18.00,2025-01-24,IMPORTED,,"Original Shipping retained in source metadata, not added to current valuation",Unsoldered MPU9250 9-Axis Attitude +Gyro+Accelerator+Magnetometer Sensor Module,R45,D2
278,C_00691,EN_0141,ELECTRONICS,NANO DRONE KIT,Verified,20,60.99,18.00,2025-01-29,IMPORTED,,,Vishay 60V 5A Schotty Diode 2-Pin DO-201AD SB56,R45,Spare box
279,C_00243,,ELECTRONICS,NANO DRONE KIT,Verified,1,2900.00,0.00,2025-01-30,BLOCKED,"Comp ID C_00243 has differing Category, Component Specification across positive-stock rows; confirm the correct component ID for each distinct part",,ESP 32 Drone,R29,ARIS Drone
280,C_00116,,ELECTRICALS,BHUMI,Verified,44,27.12,18.00,2025-02-07,BLOCKED,Comp ID C_00116 has differing Component Specification across positive-stock rows; confirm the correct component ID for each distinct part,"Original Shipping retained in source metadata, not added to current valuation",Amass XT60H Male Connectors with Housing,R22,A62
281,C_00120,AC_0142,ACCESSORIES,BHUMI,Verified,1,153.75,18.00,2025-02-07,IMPORTED,,"Original Shipping retained in source metadata, not added to current valuation",Anti-Vibration Shock Absorber for APM/KK/MWC/PixHawk,R1,
282,C_00254,EL_0143,ELECTRICALS,BHUMI,Verified,24,7.63,18.00,2025-02-07,IMPORTED,,"Original Shipping retained in source metadata, not added to current valuation",Female Dupont Terminal Connector 2.54mm 5 pins,R17,Black Box
283,C_00460,,ELECTRICALS,BHUMI,Verified,97,7.63,18.00,2025-02-07,BLOCKED,"Comp ID C_00460 has differing Category, Component Specification across positive-stock rows; confirm the correct component ID for each distinct part","Original Shipping retained in source metadata, not added to current valuation",Male Dupont Terminal Reed Connector 2.54mm 5 Pins,R17,Black Box
284,C_00502,AC_0144,ACCESSORIES,BHUMI,Verified,30,79.76,18.00,2025-02-07,IMPORTED,,"Original Shipping retained in source metadata, not added to current valuation",Nylon 14mm Expandable Braided Sleeve for Wire Protection-2M Length,R13,A90
285,C_00567,EL_0145,ELECTRICALS,BHUMI,Verified,23,42.27,18.00,2025-02-07,IMPORTED,,"Original Shipping retained in source metadata, not added to current valuation",SafeConnect Flat 45 CM 22AWG Servo Lead Extension (Futaba) Cable with Self-Locking Hook,R21,A35
287,C_00705,EN_0146,ELECTRONICS,BHUMI,Verified,9,406.78,18.00,2025-02-07,IMPORTED,,"Original Shipping retained in source metadata, not added to current valuation",XKC-Y25 NPN Intelligent Non-Contact Liquid Water Level Sensor,R28,DA2
290,C_00333,,AIRFRAMES,BHUMI,Excess in stock,7,1100.00,5.00,2025-02-10,BLOCKED,Physical stock verification requires review: Excess in stock; Comp ID C_00333 has differing Component Specification across positive-stock rows; confirm the correct component ID for each distinct part,"Original Shipping retained in source metadata, not added to current valuation",Hobbywing 2480 CCW Propellers,R30,
291,C_00334,,AIRFRAMES,BHUMI,Excess in stock,7,1100.00,5.00,2025-02-10,BLOCKED,Physical stock verification requires review: Excess in stock; Comp ID C_00334 has differing Component Specification across positive-stock rows; confirm the correct component ID for each distinct part,"Original Shipping retained in source metadata, not added to current valuation",Hobbywing 2480 CW Propellers,R30,
292,C_00364,EN_0147,ELECTRONICS,BHUMI,Verified,14,27416.00,5.00,2025-02-10,IMPORTED,,"Original Shipping retained in source metadata, not added to current valuation",JIYI K++ v2 Flight Controller Kit,R32,
293,'-,,PAYLOAD,,Items are seprated from universal kit,26,,0.00,2025-02-10,BLOCKED,"Physical stock verification requires review: Items are seprated from universal kit; Missing or placeholder Comp ID; Unit Price is missing or invalid; Component fields invalid: {'unit_price': [ErrorDetail(string='This field may not be null.', code='null')]}",,L-Type Pneumatic Connector 10-8mm,R27,
294,C_00487,EL_0148,ELECTRICALS,BHUMI,Verified,8,7200.00,5.00,2025-02-10,IMPORTED,,"Original Shipping retained in source metadata, not added to current valuation",Motor X6 Plus - 6218-150KV-D30-CCW,"R19, R20","A38,B6"
295,C_00488,EL_0149,ELECTRICALS,BHUMI,Verified,7,7200.00,5.00,2025-02-10,IMPORTED,,"Original Shipping retained in source metadata, not added to current valuation",Motor X6 Plus - 6218-150KV-D30-CW,"R19, R20","A38,B6"
296,C_00542,PL_0150,PAYLOAD,BHUMI,Verified,3,5500.00,5.00,2025-02-10,IMPORTED,,"Original Shipping retained in source metadata, not added to current valuation",Pump - 5L-Brushless,R52,
297,C_00599,EL_0151,ELECTRICALS,BHUMI,Verified,2,15450.00,18.00,2025-02-10,IMPORTED,,,Skyrc 1080PC charger,Charging Room,
298,'-,,PAYLOAD,,Items are seprated from universal kit,80,,0.00,2025-02-10,BLOCKED,"Physical stock verification requires review: Items are seprated from universal kit; Missing or placeholder Comp ID; Unit Price is missing or invalid; Component fields invalid: {'unit_price': [ErrorDetail(string='This field may not be null.', code='null')]}",,Stright Type Pneumatic Connector 8mm - 6mm,R27,
299,'-,,PAYLOAD,,Items are seprated from universal kit,4,,0.00,2025-02-10,BLOCKED,"Physical stock verification requires review: Items are seprated from universal kit; Missing or placeholder Comp ID; Unit Price is missing or invalid; Component fields invalid: {'unit_price': [ErrorDetail(string='This field may not be null.', code='null')]}",,Stright Type Pneumatic Connector 8mm - 6mm,R27,
300,C_00618,CM_0152,COMMUNICATION,BHUMI,Verified,16,14250.00,18.00,2025-02-10,IMPORTED,,,T-12 Remote Controller with camera,"R46, R47",
301,C_00651,,ELECTRICALS,BHUMI,Unlabelled colour,46,12400.00,18.00,2025-02-10,BLOCKED,Physical stock verification requires review: Unlabelled colour,,Tattu 16000mAh 6S Lipo Battery,,
302,'-,,PAYLOAD,,Items are seprated from universal kit,26,,0.00,2025-02-10,BLOCKED,"Physical stock verification requires review: Items are seprated from universal kit; Missing or placeholder Comp ID; Unit Price is missing or invalid; Component fields invalid: {'unit_price': [ErrorDetail(string='This field may not be null.', code='null')]}",,T-Type Pneumatic Connector 8-12-8mm,R27,
303,'-,,PAYLOAD,,Items are seprated from universal kit,29,,0.00,2025-02-10,BLOCKED,"Physical stock verification requires review: Items are seprated from universal kit; Missing or placeholder Comp ID; Unit Price is missing or invalid; Component fields invalid: {'unit_price': [ErrorDetail(string='This field may not be null.', code='null')]}",,T-Type Pneumatic Connector 8-8-8mm,R27,
304,C_00685,,PAYLOAD,BHUMI,Items are seprated from universal kit,21,1500.00,5.00,2025-02-10,BLOCKED,Physical stock verification requires review: Items are seprated from universal kit,"Original Shipping retained in source metadata, not added to current valuation",Universal Pneumatic Kit,R27,
305,'-,,PAYLOAD,,Items are seprated from universal kit,4,,0.00,2025-02-10,BLOCKED,"Physical stock verification requires review: Items are seprated from universal kit; Missing or placeholder Comp ID; Unit Price is missing or invalid; Component fields invalid: {'unit_price': [ErrorDetail(string='This field may not be null.', code='null')]}",,Y-Type Pneumatic Connector 6-10-6 mm,R27,
306,'-,,PAYLOAD,,Items are seprated from universal kit,4,,0.00,2025-02-10,BLOCKED,"Physical stock verification requires review: Items are seprated from universal kit; Missing or placeholder Comp ID; Unit Price is missing or invalid; Component fields invalid: {'unit_price': [ErrorDetail(string='This field may not be null.', code='null')]}",,Y-Type Pneumatic Connector 6-8-6 mm,R27,
311,C_00021,EL_0153,ELECTRICALS,A.R.I.S NANO,Verified,1,79.96,18.00,2025-02-20,IMPORTED,,"Original Shipping retained in source metadata, not added to current valuation",1x40 Pin 2.54MM Berg Strip Male Connector - 10pcs,R45,D2
312,C_00023,EL_0154,ELECTRICALS,A.R.I.S NANO,Verified,2,75.43,18.00,2025-02-20,IMPORTED,,"Original Shipping retained in source metadata, not added to current valuation",2.54mm 1x40 Pin Female Single Row Header Strip (Pack of 10),R45,D2
314,C_00089,EL_0155,ELECTRICALS,A.R.I.S NANO,Verified,2,380.00,5.00,2025-02-20,IMPORTED,,"Original Shipping retained in source metadata, not added to current valuation",8520 Magnetic Micro Coreless Motor for Micro Quadcopters â€“ 2xCW & 2xCCW,R18,Black Box
317,C_00273,AF_0156,AIRFRAMES,A.R.I.S NANO,Verified,1,213.81,18.00,2025-03-04,IMPORTED,,"Original Shipping retained in source metadata, not added to current valuation",Gemfan 35mm Durable Tri-blade Propellers 1mm Shaft (4cw+4ccw) Grey,R2,
320,C_00005,EN_0157,ELECTRONICS,A.R.I.S NANO,Verified,2,109.65,18.00,2025-03-05,IMPORTED,,"Original Shipping retained in source metadata, not added to current valuation",12 x 18 cm Universal PCB Prototype Board Single-Sided 2.54mm Hole Pitch,R45,D2
321,C_00151,EL_0158,ELECTRICALS,A.R.I.S NANO,Verified,1,340.69,18.00,2025-03-05,IMPORTED,,"Original Shipping retained in source metadata, not added to current valuation",Bonka 3.7V 600mAh 25C 1S Lithium Polymer Battery,R23,Battery 07
324,C_00507,EL_0159,ELECTRICALS,A.R.I.S NANO,Verified,1,220.34,18.00,2025-03-05,IMPORTED,,"Original Shipping retained in source metadata, not added to current valuation",Orange 3.7V 360mAh 30C 1S Lithium Polymer Battery Pack,R23,Battery 07
325,C_00105,AC_0160,ACCESSORIES,Training,Verified,1,4921.00,18.00,2025-03-07,IMPORTED,,,AL6061 Braking Disk Mount,R19,
326,C_00106,AC_0161,ACCESSORIES,Training,Verified,2,2829.00,18.00,2025-03-07,IMPORTED,,,AL6061 Braking Disk Rod,R19,
327,C_00502,AC_0144,ACCESSORIES,BHUMI,Verified,10,79.76,18.00,2025-03-07,IMPORTED,,,Nylon 14mm Expandable Braided Sleeve for Wire Protection-2M Length,R13,A90
328,C_00502,AC_0144,ACCESSORIES,BHUMI,Verified,28,79.76,18.00,2025-03-07,IMPORTED,,,Nylon 14mm Expandable Braided Sleeve for Wire Protection-2M Length,R13,A90
329,C_00702,,ELECTRONICS,BHUMI,Verified,5,152.54,18.00,2025-03-07,BLOCKED,Comp ID C_00702 has differing Component Specification across positive-stock rows; confirm the correct component ID for each distinct part,,Water Flow Sensor (Sea) YFS401 Flowmeter 0.3-6L/min3.5mm White,R28,DA2
334,C_00489,,ELECTRONICS,A.R.I.S NANO,Doubt (need to check where it is located),2,386.32,18.00,2025-03-13,BLOCKED,Physical stock verification requires review: Doubt (need to check where it is located),,MPU-6500 TDK InvenSense QFN-24-EP(3×3) Accelerometer gyroscope QFN-24-EP(3×3) Accelerometers ROHS,R45,D2
338,C_00247,EN_0162,ELECTRONICS,A.R.I.S NANO,Verified,2,229.10,18.00,2025-03-13,IMPORTED,,,Espressif ESP32-WROOM-32E-N8 Modules,R45,D2
339,C_00510,EN_0163,ELECTRONICS,A.R.I.S NANO,Verified,1,817.77,5.00,2025-03-13,IMPORTED,,,Orange HD 500PCS 0.1uf-1000uf Plug-in Electrolytic Capacitor Kit,R31,BC1
340,C_00693,,ELECTRONICS,A.R.I.S NANO,Excess in stock,2,486.71,18.00,2025-03-17,BLOCKED,Physical stock verification requires review: Excess in stock,"Original Shipping retained in source metadata, not added to current valuation",VL53L1X Laser Time-of-Flight(ToF) 4 meters Ranging Sensor Module I2C Interface,R45,D2
341,C_00108,AF_0164,AIRFRAMES,BHUMI,Verified,18,1000.00,18.00,2025-03-19,IMPORTED,,,Aluminium Mount,R20,Blue bin
346,C_00307,EL_0165,ELECTRICALS,BHUMI,Verified,38,134.50,18.00,2025-03-20,IMPORTED,,"Original Shipping retained in source metadata, not added to current valuation",High Quality Ultra Flexible 10AWG Silicone Wire â€“ Black,R25,
348,C_00308,EL_0166,ELECTRICALS,BHUMI,Verified,38,134.36,18.00,2025-03-20,IMPORTED,,"Original Shipping retained in source metadata, not added to current valuation",High Quality Ultra Flexible 10AWG Silicone Wire â€“ Red,R24,
352,C_00491,EN_0167,ELECTRONICS,BHUMI,Verified,5,24576.27,18.00,2025-03-20,IMPORTED,,"Original Shipping retained in source metadata, not added to current valuation",MR72 77GHZ Collision Avoidance Radar,R28,A3
353,C_00491,EN_0167,ELECTRONICS,BHUMI,Verified,1,24576.27,18.00,2025-03-20,IMPORTED,,"Original Shipping retained in source metadata, not added to current valuation",MR72 77GHZ Collision Avoidance Radar,R28,R28
361,C_00244,EN_0131,ELECTRONICS,A.R.I.S NANO,Verified,2,296.61,18.00,2025-03-24,IMPORTED,,"Original Shipping retained in source metadata, not added to current valuation",ESP WROOM 32 MCU Module Version 1.1,R45,D2
365,C_00505,AF_0168,AIRFRAMES,BHUMI,Verified,3,413.00,12.00,2025-03-25,IMPORTED,,,Obstacle Sensor Plate - 2mm,R28,A3
366,C_00082,EL_0169,ELECTRICALS,BHUMI,Verified,1,14500.00,18.00,2025-03-29,IMPORTED,,,6S 22000mAh Tattu Battery,,
367,C_00586,AF_0170,AIRFRAMES,BHUMI,Verified,6,4410.00,18.00,2025-03-31,IMPORTED,,"Original Shipping retained in source metadata, not added to current valuation",Sidewall,R5,
371,C_00572,EN_0171,ELECTRONICS,A.R.I.S NANO,Verified,1,2438.48,18.00,2025-04-02,IMPORTED,,"Original Shipping retained in source metadata, not added to current valuation",SEN-14722 SparkFun - Sensor,R29,BROWN BOX
372,C_00532,,PAYLOAD,R&D Horizontal Sprayer,Items are seprated from universal kit,3,112.00,18.00,2025-04-04,BLOCKED,Physical stock verification requires review: Items are seprated from universal kit,,Pneumatic Connector Straight 12x14 Aluminium,R27,
373,C_00095,,AIRFRAMES,A.R.I.S NANO,Verified,1,86.00,18.00,2025-04-05,BLOCKED,Comp ID C_00095 has differing Component Specification across positive-stock rows; confirm the correct component ID for each distinct part,,A.R.I.S Airframe,R2,
376,C_00348,PL_0172,PAYLOAD,BHUMI,Verified,1,88.00,18.00,2025-04-05,IMPORTED,,,Hose Pipe 12mm,R27,
377,C_00349,PL_0173,PAYLOAD,BHUMI,Verified,1,46.00,18.00,2025-04-05,IMPORTED,,,Hose Pipe 6mm,R27,
378,C_00350,PL_0174,PAYLOAD,BHUMI,Verified,2,58.00,18.00,2025-04-05,IMPORTED,,,Hose Pipe 8mm,R27,
379,C_00374,PL_0175,PAYLOAD,BHUMI,Verified,1,81.00,18.00,2025-04-05,IMPORTED,,,L-type Pneumatic Connector 12mm - 10mm,R27,
381,C_00615,PL_0176,PAYLOAD,BHUMI,Verified,1,36.00,18.00,2025-04-05,IMPORTED,,,Stright Type Pneumatic Connector 6mm - 6mm,R27,
382,C_00643,PL_0177,PAYLOAD,BHUMI,Verified,1,65.00,18.00,2025-04-05,IMPORTED,,,T-Type Pneumatic Connector 6-8-6 mm,R27,
383,C_00644,PL_0178,PAYLOAD,BHUMI,Verified,1,76.00,18.00,2025-04-05,IMPORTED,,,T-Type Pneumatic Connector 8-10-8 mm,R27,
392,C_00170,,AIRFRAMES,BHUMI,Verified,1,14454.00,18.00,2025-04-09,BLOCKED,Comp ID C_00170 has differing Component Specification across positive-stock rows; confirm the correct component ID for each distinct part; Possible existing component with these specifications; use --component-map,,Canopy - BHUMI,R5,
393,C_00707,,ELECTRONICS,BHUMI,Verified,4,608.49,5.00,2025-04-09,BLOCKED,Comp ID C_00707 has differing Component Specification across positive-stock rows; confirm the correct component ID for each distinct part,"Original Shipping retained in source metadata, not added to current valuation",YRRC 2-13S 5V 5A BEC,R26,A17
395,C_00074,AF_0179,AIRFRAMES,A.R.I.S NANO,Verified,2,479.06,18.00,2025-04-11,IMPORTED,,"Original Shipping retained in source metadata, not added to current valuation",65MM Blade Propeller Prop with 8520CW & CCW Coreless Brushed Motor for Indoor Racing Drone Quad,R2 & R18,
396,C_00192,CM_0180,COMMUNICATION,Training,Verified,1,9490.00,18.00,2025-04-11,IMPORTED,,,Controller Systems - Customised 6/8 CH Transmitter including receiver and wired joystick controller with inbuilt firmware,R50,
398,C_00359,CM_0181,COMMUNICATION,Training,Verified,1,64990.00,18.00,2025-04-11,IMPORTED,,,Interfacing kit for Radio Transmitter and wired Joystick with integraton box including accessories and cables,R50,
399,C_00587,,ELECTRONICS,Training,Unlabelled colour,1,9990.00,18.00,2025-04-11,BLOCKED,Physical stock verification requires review: Unlabelled colour,,Simulation Software as per DGCA RPTO standard Version 1.01 Licensing Premium Version: 1 user per system license for a year,R50,
400,C_00517,,AIRFRAMES,BHUMI,Doubt (need to check where it is located),4,420.00,18.00,2025-04-12,BLOCKED,Physical stock verification requires review: Doubt (need to check where it is located),,PDB Enclosure,R5,
402,C_00095,,AIRFRAMES,A.R.I.S NANO,Verified,1,2000.00,18.00,2025-04-15,BLOCKED,Comp ID C_00095 has differing Component Specification across positive-stock rows; confirm the correct component ID for each distinct part,,A.R.I.S Airframe,R2,
405,C_00516,,ELECTRONICS,A.R.I.S NANO,Verified,1,8400.00,18.00,2025-04-16,BLOCKED,Comp ID C_00516 has differing Component Specification across positive-stock rows; confirm the correct component ID for each distinct part,,PCB A.R.I.S,R29,
406,C_00516,,ELECTRONICS,A.R.I.S NANO,Verified,1,8400.00,18.00,2025-04-16,BLOCKED,Comp ID C_00516 has differing Component Specification across positive-stock rows; confirm the correct component ID for each distinct part,,PCB A.R.I.S,R29,
408,C_00170,,AIRFRAMES,BHUMI,Verified,1,14454.00,18.00,2025-04-17,BLOCKED,Comp ID C_00170 has differing Component Specification across positive-stock rows; confirm the correct component ID for each distinct part; Possible existing component with these specifications; use --component-map,,Canopy - BHUMI,R5,
410,C_00261,EL_0182,ELECTRICALS,A.R.I.S NANO,Verified,1,2495.28,0.00,2025-04-21,IMPORTED,,"Original Shipping retained in source metadata, not added to current valuation",Flywoo 4pcs Explorer 1S 750mAh HV V2 A30 Plug,,
411,C_00275,AF_0183,AIRFRAMES,A.R.I.S NANO,Verified,1,239.00,5.00,2025-04-21,IMPORTED,,"Original Shipping retained in source metadata, not added to current valuation","Gemfan Hurricane 2023 Durable Propeller (set of 8) 1mm, Clear Yellow",R2,
412,C_00065,AF_0184,AIRFRAMES,A.R.I.S NANO,Verified,60,59.68,5.00,2025-04-24,IMPORTED,,"Original Shipping retained in source metadata, not added to current valuation",55MM Blade Propeller Prop with 8520CW & CCW Coreless Brushed Motor for Indoor Racing Drone Quad,R2 & R18,C3
413,C_00089,EL_0155,ELECTRICALS,A.R.I.S NANO,Verified,50,371.43,5.00,2025-04-24,IMPORTED,,"Original Shipping retained in source metadata, not added to current valuation",8520 Magnetic Micro Coreless Motor for Micro Quadcopters â€“ 2xCW & 2xCCW,R18,Black Box
414,C_00170,,AIRFRAMES,BHUMI,Verified,7,14454.00,18.00,2025-04-24,BLOCKED,Comp ID C_00170 has differing Component Specification across positive-stock rows; confirm the correct component ID for each distinct part; Possible existing component with these specifications; use --component-map,,Canopy - BHUMI,R5,
415,C_00243,,AIRFRAMES,A.R.I.S NANO,Verified,2,,0.00,2025-04-24,BLOCKED,"Unit Price is missing or invalid; Comp ID C_00243 has differing Category, Component Specification across positive-stock rows; confirm the correct component ID for each distinct part; Component fields invalid: {'unit_price': [ErrorDetail(string='This field may not be null.', code='null')]}",,ESP 32 Drone,R29,ARIS Drone
417,C_00095,,AIRFRAMES,A.R.I.S NANO,Verified,5,1531.20,18.00,2025-04-28,BLOCKED,Comp ID C_00095 has differing Component Specification across positive-stock rows; confirm the correct component ID for each distinct part,"Original Shipping retained in source metadata, not added to current valuation",A.R.I.S Airframe,R2,
418,C_00095,,AIRFRAMES,A.R.I.S NANO,Verified,5,1142.60,18.00,2025-04-28,BLOCKED,Comp ID C_00095 has differing Component Specification across positive-stock rows; confirm the correct component ID for each distinct part,,A.R.I.S Airframe,R2,
419,C_00229,PL_0185,PAYLOAD,R&D 5L Agri,Verified,1,4989.00,5.00,2025-04-28,IMPORTED,,"Original Shipping retained in source metadata, not added to current valuation",EFT G Series 6L Tank 6L/quick-release/G06,R54,
420,C_00095,,AIRFRAMES,A.R.I.S NANO,Verified,2,1363.00,18.00,2025-04-30,BLOCKED,Comp ID C_00095 has differing Component Specification across positive-stock rows; confirm the correct component ID for each distinct part,,A.R.I.S Airframe,R2,
421,C_00095,,AIRFRAMES,A.R.I.S NANO,Verified,2,1276.00,18.00,2025-04-30,BLOCKED,Comp ID C_00095 has differing Component Specification across positive-stock rows; confirm the correct component ID for each distinct part,,A.R.I.S Airframe,R2,
422,C_00137,,AIRFRAMES,A.R.I.S NANO,Verified,4,139.20,18.00,2025-04-30,BLOCKED,Comp ID C_00137 has differing Component Specification across positive-stock rows; confirm the correct component ID for each distinct part,,Battery Holder,R2,
423,C_00063,,ELECTRONICS,R&D 5L Agri,Verified,3,196.58,5.00,2025-05-02,BLOCKED,Comp ID C_00063 has differing Component Specification across positive-stock rows; confirm the correct component ID for each distinct part,,4S-6S 12V 3A UBEC,R26,A17
424,C_00064,PL_0186,PAYLOAD,R&D 5L Agri,Verified,2,318.14,18.00,2025-05-02,IMPORTED,,,550 Diaphragm Pump 12V Water Pump for water Spray Fish Tank Reflux Pump,R53,
425,C_00165,EN_0187,ELECTRONICS,R&D Warehouse,Verified,2,7317.65,0.00,2025-05-02,IMPORTED,,,"Cable Power Module for Compansion Computer, Flight Controller & ESCs (Drones & Robots) (MDK-M0041) VOXL 2, VOXL & VOXL-Flight (4-Pin to 4-pin Cable)",R28,Model AI
426,C_00257,EN_0188,ELECTRONICS,R&D Warehouse,Verified,1,14285.49,0.00,2025-05-02,IMPORTED,,,Flight Core v2 - PX4 & ArduPilot Flight Controller NDAA '20 Section 848 Compliant Blue UAS Framework (Board Only),R28,
427,C_00677,EL_0189,ELECTRICALS,A.R.I.S NANO,Verified,97,11.02,18.00,2025-05-02,IMPORTED,,,TP4056 Battery Charger C type Module with protection,R23,Battery 07
428,C_00694,EN_0190,ELECTRONICS,R&D Warehouse,Verified,1,23784.41,0.00,2025-05-02,IMPORTED,,,VOXL 2 Ethernet and USB Hub Add-on,R28,Model AI
429,C_00695,EN_0191,ELECTRONICS,R&D Warehouse,Verified,1,9147.29,0.00,2025-05-02,IMPORTED,,,VOXL 2 Expander Board (Board only),R28,Model AI
430,C_00696,EN_0192,ELECTRONICS,R&D Warehouse,Verified,1,214981.79,0.00,2025-05-02,IMPORTED,,,VOXL 2 Flight Deck 2.4/5ghz wifi,R28,Model AI
431,C_00697,EN_0193,ELECTRONICS,R&D Warehouse,Verified,2,18295.49,0.00,2025-05-02,IMPORTED,,,VOXL 2 Time of Flight (ToF) Depth Sensor Sensor with Adapter PCB & Extension Flex PCB (Panasonic AXT 36-Pin),R28,Model AI
432,C_00698,EN_0194,ELECTRONICS,R&D Warehouse,Verified,1,9556.77,0.00,2025-05-02,IMPORTED,,,VOXL 2 Wifi Add-on & I/O Breakout Board with Alfa Networks Wifi Adapter,R28,
433,C_00708,AF_0195,AIRFRAMES,R&D 5L Agri,Verified,2,1345.12,5.00,2025-05-02,IMPORTED,,"Original Shipping retained in source metadata, not added to current valuation",Z25 CNC Aluminium Folding Arm Tube Joint,R3,Black Box
436,C_00018,AC_0196,ACCESSORIES,A.R.I.S NANO,Verified,1,600.00,18.00,2025-05-03,IMPORTED,,,1mm Heat Shrinkable Sleeves Black,,white cover
437,C_00039,AC_0197,ACCESSORIES,A.R.I.S NANO,Verified,1,700.00,18.00,2025-05-03,IMPORTED,,,2mm Heat Shrinkable Sleeves Black,,white cover
438,C_00152,EL_0198,ELECTRICALS,A.R.I.S NANO,Verified,70,353.00,18.00,2025-05-03,IMPORTED,,"Original Shipping retained in source metadata, not added to current valuation",Bonka 850mAh - 1S Lipo Battery 3.7V 25c,R23,Battery 07
439,C_00219,PL_0199,PAYLOAD,BHIMA - 16L Agri,Verified,1,8000.00,5.00,2025-05-03,IMPORTED,,,EFT 16L Tank,R52,
443,C_00214,EL_0200,ELECTRICALS,BHUMI,Verified,56,11.50,18.00,2025-05-07,IMPORTED,,,Dupont Housing 3-Pin,R17,Black Box
445,C_00285,,AIRFRAMES,R&D 5L Agri,Verified,2,850.00,18.00,2025-05-07,BLOCKED,"Comp ID C_00285 has differing Component Specification, Comp Type across positive-stock rows; confirm the correct component ID for each distinct part","Original Shipping retained in source metadata, not added to current valuation",Glass Fibre Sheet 600x500x2mm,,
447,C_00518,,AIRFRAMES,BHIMA - 16L Agri,Doubt (need to check where it is located),1,3943.10,18.00,2025-05-08,BLOCKED,Physical stock verification requires review: Doubt (need to check where it is located),,PDB Enclosure for BHIMA,R42,A79
450,C_00095,,AIRFRAMES,A.R.I.S NANO,Verified,10,1176.00,18.00,2025-05-09,BLOCKED,Comp ID C_00095 has differing Component Specification across positive-stock rows; confirm the correct component ID for each distinct part,,A.R.I.S Airframe,R2,
451,C_00516,,ELECTRONICS,A.R.I.S NANO,Verified,100,2413.44,18.00,2025-05-09,BLOCKED,Comp ID C_00516 has differing Component Specification across positive-stock rows; confirm the correct component ID for each distinct part,"Original Shipping retained in source metadata, not added to current valuation",PCB A.R.I.S,R29,
452,C_00020,EL_0201,ELECTRICALS,A.R.I.S NANO,Verified,60,340.00,18.00,2025-05-12,IMPORTED,,,1S 850mAh Lithium Battery,R23,Battery 07
454,C_00192,CM_0180,COMMUNICATION,Training,Verified,4,9490.00,18.00,2025-05-12,IMPORTED,,,Controller Systems - Customised 6/8 CH Transmitter including receiver and wired joystick controller with inbuilt firmware,R50,
456,C_00359,CM_0181,COMMUNICATION,Training,Verified,4,64990.00,18.00,2025-05-12,IMPORTED,,,Interfacing kit for Radio Transmitter and wired Joystick with integraton box including accessories and cables,R50,
458,C_00587,,ELECTRONICS,Training,Unlabelled colour,4,9990.00,18.00,2025-05-12,BLOCKED,Physical stock verification requires review: Unlabelled colour,,Simulation Software as per DGCA RPTO standard Version 1.01 Licensing Premium Version: 1 user per system license for a year,,
459,C_00139,AF_0202,AIRFRAMES,A.R.I.S NANO,Verified,70,134.00,18.00,2025-05-13,IMPORTED,,,Battery Holder - Reduced both battery,R2,
460,C_00140,AF_0203,AIRFRAMES,A.R.I.S NANO,Verified,10,140.00,18.00,2025-05-13,IMPORTED,,,Battery Holder - Reduced Tattu,R2,
461,C_00373,AC_0204,ACCESSORIES,Kamikaze - FPV,Verified,2,987.59,18.00,2025-05-13,IMPORTED,,,Kreo Lynx Full HD Video Capture Card,R12,A46
462,C_00095,,AIRFRAMES,A.R.I.S NANO,Verified,4,,0.00,2025-05-14,BLOCKED,"Unit Price is missing or invalid; Comp ID C_00095 has differing Component Specification across positive-stock rows; confirm the correct component ID for each distinct part; Component fields invalid: {'unit_price': [ErrorDetail(string='This field may not be null.', code='null')]}",,A.R.I.S Airframe,R2,
464,C_00128,EL_0205,ELECTRICALS,R&D Warehouse,Verified,20,50.75,18.00,2025-05-14,IMPORTED,,,ASSHSSH28K305 Connectors,R23,Black Box
465,C_00137,,AIRFRAMES,A.R.I.S NANO,Verified,4,,0.00,2025-05-14,BLOCKED,"Unit Price is missing or invalid; Comp ID C_00137 has differing Component Specification across positive-stock rows; confirm the correct component ID for each distinct part; Component fields invalid: {'unit_price': [ErrorDetail(string='This field may not be null.', code='null')]}",,Battery Holder,R2,
466,C_00279,EL_0206,ELECTRICALS,A.R.I.S NANO,Verified,860,3.91,18.00,2025-05-14,IMPORTED,,,GHR-02V-S Connectors,R23,
467,C_00280,EL_0207,ELECTRICALS,R&D Warehouse,Verified,10,13.99,18.00,2025-05-14,IMPORTED,,,GHR-06V-S Connectors,R23,
468,C_00281,EL_0208,ELECTRICALS,R&D Warehouse,Verified,10,14.66,18.00,2025-05-14,IMPORTED,,,GHR-10V-S Connectors,R23,Black Box
469,C_00282,EL_0209,ELECTRICALS,R&D Warehouse,Verified,15,9.26,18.00,2025-05-14,IMPORTED,,"Original Shipping retained in source metadata, not added to current valuation",GHR-12V-S Connectors,R23,Black Box
470,C_00366,EL_0210,ELECTRICALS,Astra-x,Verified,650,25.88,18.00,2025-05-14,IMPORTED,,,JST - 15cm Crimp Cable - AGHGH28K152,R23,Black Box
471,C_00520,EL_0211,ELECTRICALS,A.R.I.S NANO,Verified,1000,1.91,18.00,2025-05-14,IMPORTED,,,PHR-2 Connectors,R23,Black Box
472,C_00577,EL_0212,ELECTRICALS,R&D Warehouse,Verified,9,6.55,18.00,2025-05-14,IMPORTED,,,SHR-02V-S-B Connectors,R23,
474,C_00595,EL_0213,ELECTRICALS,A.R.I.S NANO,Verified,1000,23.95,18.00,2025-05-14,IMPORTED,,,SKT - 24AWG Crimp Cable - ASPHSPH24K102,R23,Black Box
476,C_00040,AF_0214,AIRFRAMES,R&D 5L Agri,Verified,4,2219.00,12.00,2025-05-15,IMPORTED,,,2mm thk GF Plate waterjet cutting,,
478,C_00053,EL_0215,ELECTRICALS,BHUMI,Verified,168,6.93,18.00,2025-05-17,IMPORTED,,,3D-10-6 CU Ring Lug (Lug Connector),R17,Black Box
480,C_00486,AF_0216,AIRFRAMES,R&D Warehouse,Verified,4,470.00,12.00,2025-05-17,IMPORTED,,,Motor Mount - 2mm,R6,
481,C_00107,AF_0217,AIRFRAMES,R&D 5L Agri,Verified,2,257.14,5.00,2025-05-19,IMPORTED,,"Original Shipping retained in source metadata, not added to current valuation",Aluminium C Clamp for 25mm CF Tube,R3,Black Box
482,C_00095,,AIRFRAMES,A.R.I.S NANO,Verified,2,,0.00,2025-05-20,BLOCKED,"Unit Price is missing or invalid; Comp ID C_00095 has differing Component Specification across positive-stock rows; confirm the correct component ID for each distinct part; Component fields invalid: {'unit_price': [ErrorDetail(string='This field may not be null.', code='null')]}",,A.R.I.S Airframe,R2,
483,C_00701,AF_0218,AIRFRAMES,R&D Warehouse,Verified,1,2000.00,18.00,2025-05-21,IMPORTED,,,"Warehouse 3D Printed Parts - (Back Cover, Back Cover Motor Wire, Battery Support, Sider Cover)",R7,
484,C_00101,,AIRFRAMES,A.R.I.S NANO,Doubt (need to check where it is located),2,1282.00,18.00,2025-05-22,BLOCKED,Physical stock verification requires review: Doubt (need to check where it is located),,Airframe - Exp logo 4mm,R2,
485,C_00102,,AIRFRAMES,A.R.I.S NANO,Doubt (need to check where it is located),2,1282.00,18.00,2025-05-22,BLOCKED,Physical stock verification requires review: Doubt (need to check where it is located),,Airframe - Exp logo 5mm,R2,
486,C_00103,,AIRFRAMES,A.R.I.S NANO,Doubt (need to check where it is located),2,1282.00,18.00,2025-05-22,BLOCKED,Physical stock verification requires review: Doubt (need to check where it is located),,Airframe - Exp logo 5mm fillet,R2,
487,C_00138,AF_0219,AIRFRAMES,A.R.I.S NANO,Verified,3,139.20,18.00,2025-05-22,IMPORTED,,"Original Shipping retained in source metadata, not added to current valuation",Battery Holder - Bonka,,
489,C_00700,CM_0220,COMMUNICATION,Kamikaze - FPV,Verified,4,22857.14,5.00,2025-05-26,IMPORTED,,"Original Shipping retained in source metadata, not added to current valuation",Walksnail Avatar VRX,R48,
491,C_00062,EL_0221,ELECTRICALS,R&D Warehouse,Verified,1,1840.00,18.00,2025-05-27,IMPORTED,,,4S 2P 4000mAh Battery,,
492,C_00046,PL_0222,PAYLOAD,R&D Horizontal Sprayer,Verified,1,350.00,0.00,2025-05-28,IMPORTED,,,30cm Nozzle Gun,,
493,C_00131,EL_0223,ELECTRICALS,A.R.I.S NANO,Verified,50,9.28,18.00,2025-05-29,IMPORTED,,"Original Shipping retained in source metadata, not added to current valuation",B2B-PH-K-S Connectors,R23,
494,C_00001,EN_0224,ELECTRONICS,BHIMA - 16L Agri,Verified,2,62.71,18.00,2025-05-30,IMPORTED,,,1 Road/Channel Relay Module (with light coupling) 12V,R26,
495,C_00044,EN_0225,ELECTRONICS,A.R.I.S NANO,Verified,3,24.58,18.00,2025-05-30,IMPORTED,,,3.7V to 12V Mini DC-DC Boost Step Up Converter Board Module 5V/8V/9V 12V Output,R45,D2
497,C_00702,,ELECTRONICS,BHIMA - 16L Agri,Verified,1,161.02,18.00,2025-05-30,BLOCKED,Comp ID C_00702 has differing Component Specification across positive-stock rows; confirm the correct component ID for each distinct part,"Original Shipping retained in source metadata, not added to current valuation",Water Flow Sensor (Sea) YFS401 Flowmeter 0.3-6L/min3.5mm White,R28,DA2
498,C_00706,EN_0226,ELECTRONICS,A.R.I.S NANO,Verified,1,27.12,18.00,2025-05-30,IMPORTED,,,XL3608 Boost Module 5V,R45,D2
500,C_00166,PL_0227,PAYLOAD,Kamikaze - FPV,Verified,5,5180.94,0.00,2025-05-31,IMPORTED,,,CADDXFPV GM1/GM2/GM3 GM1 (No camera),L3,
503,C_00699,PL_0076,PAYLOAD,Kamikaze - FPV,Verified,5,13674.00,0.00,2025-05-31,IMPORTED,,,Walksnail Avatar HD Pro Kit (Dual Antennas Version) 32G With Gyroflow,L3,
505,NA,,ACCESSORIES,R&D Horizontal Sprayer,Verified,2,100.00,18.00,2025-06-02,BLOCKED,Missing or placeholder Comp ID,,Servo Horns,,
506,C_00600,EL_0228,ELECTRICALS,Kamikaze - FPV,Verified,10,3252.70,0.00,2025-06-02,IMPORTED,,,SkyRC B6neo Smart Charger,R18,Black Box
510,C_00504,EN_0229,ELECTRONICS,Kamikaze - FPV,Verified,1,72390.00,18.00,2025-06-04,IMPORTED,,,Oblivion Node MK3 Autonomous Tactical AI Compute Hub,L1,
511,C_00573,EN_0230,ELECTRONICS,Kamikaze - FPV,Verified,1,81430.00,18.00,2025-06-04,IMPORTED,,,Sentinel Core X900 Tactical Compute Engine,L1,
513,C_00336,EL_0231,ELECTRICALS,R&D 5L Agri,Verified,1,9281.00,5.00,2025-06-05,IMPORTED,,,Hobbywing X6-SE CCW Combo (2270 propellers),R19,A38
514,C_00337,EL_0232,ELECTRICALS,R&D 5L Agri,Verified,1,9281.00,5.00,2025-06-05,IMPORTED,,,Hobbywing X6-SE CW Combo (2270 propellers),R19,A38
516,C_00086,EN_0233,ELECTRONICS,A.R.I.S NANO,Verified,6,767.51,18.00,2025-06-06,IMPORTED,,"Original Shipping retained in source metadata, not added to current valuation",7 Semi ICM-20948 9DoF IMU Breakout (MPU-9250 Upgrade) (BO-10167) (472),R45,D2
519,C_00113,EL_0234,ELECTRICALS,Micro-Railway,Verified,1,23.00,18.00,2025-06-07,IMPORTED,,,Amass XT60 Male-Female Pair Connectors,R22,A62
521,C_00594,PL_0235,PAYLOAD,Micro-Railway,Verified,1,190000.00,18.00,2025-06-07,IMPORTED,,"Original Shipping retained in source metadata, not added to current valuation",Siyi ZT6 Mini Optical Pod Dual Sensor 4K 8MP 6X Digital Zoom Gimbal Camera Thermal Imaging Temperature 3-Axis Payload Surveillance Inspection,L1,
523,C_00045,AC_0236,ACCESSORIES,Micro-Railway,Verified,3,60.95,18.00,2025-06-09,IMPORTED,,"Original Shipping retained in source metadata, not added to current valuation",30cm Battery Strap,R12,
527,C_00332,EL_0237,ELECTRICALS,BHUMI,Verified,2,14.41,18.00,2025-06-09,IMPORTED,,"Original Shipping retained in source metadata, not added to current valuation",HILEX 5 Amp 3 Pin Plug Computer Conversion Plug - HEPL-6619,,
528,C_00292,EN_0238,ELECTRONICS,Micro-Railway,Verified,1,77800.00,18.00,2025-06-09,IMPORTED,,,H-RTK Septentrio Elite Mosaic-H (Dual Antenna Heading) Anti Jamming Anti Spoofing GPS Module,"R28,R6",
529,C_00499,,AIRFRAMES,R&D Horizontal Sprayer,Doubt (need to check where it is located),1,350.00,18.00,2025-06-09,BLOCKED,Physical stock verification requires review: Doubt (need to check where it is located),,Nozzle Mount - 1,,
530,C_00500,,AIRFRAMES,R&D Horizontal Sprayer,Doubt (need to check where it is located),1,220.00,18.00,2025-06-09,BLOCKED,Physical stock verification requires review: Doubt (need to check where it is located),,Nozzle Mount - 2,,
534,C_00161,AF_0239,AIRFRAMES,BHIMA - Paint Sprayer,Verified,4,248.57,5.00,2025-06-13,IMPORTED,,"Original Shipping retained in source metadata, not added to current valuation",C Clamp for 20mm rod,R3,Black Box
537,C_00004,EN_0240,ELECTRONICS,Kamikaze - FPV,Verified,8,1322.45,0.00,2025-06-16,IMPORTED,,,11850 FPV.O1.Pro Omni Antenna SMA-S-M 64,R31,A27
540,C_00067,CM_0241,COMMUNICATION,Kamikaze - FPV,Verified,2,9840.72,0.00,2025-06-16,IMPORTED,,,6040 IRC Ghost Hybrid Duo,R32,
541,C_00068,EN_0242,ELECTRONICS,Kamikaze - FPV,Verified,4,52893.45,0.00,2025-06-16,IMPORTED,,,6046 Orqa FPV.One Pilot,R33,
542,C_00069,CM_0243,COMMUNICATION,Kamikaze - FPV,Verified,1,4050.60,0.00,2025-06-16,IMPORTED,,,6066 IRC Ghost Uberlite Tx,R48,
543,C_00070,EN_0244,ELECTRONICS,Kamikaze - FPV,Verified,2,14101.69,0.00,2025-06-16,IMPORTED,,,6217 IRC RapidFire v2,R32,
544,C_00071,EN_0245,ELECTRONICS,Kamikaze - FPV,Verified,4,14983.32,0.00,2025-06-16,IMPORTED,,,6226 Orqa ESC 30x30 v2.2,R33,
545,C_00072,EN_0246,ELECTRONICS,Kamikaze - FPV,Verified,4,10575.16,0.00,2025-06-16,IMPORTED,,,6227 Orqa FC F405 v2.2.1,R32,
546,C_00073,EN_0247,ELECTRONICS,Kamikaze - FPV,Verified,4,4406.91,0.00,2025-06-16,IMPORTED,,,6247 Orqa GPS Kit,R34,
547,C_00124,,ACCESSORIES,R&D 5L Agri,Verified,4,250.00,18.00,2025-06-16,BLOCKED,"Comp ID C_00124 has differing Category, Component Specification across positive-stock rows; confirm the correct component ID for each distinct part",,Arm Mount Rubber Closure,,
551,C_00199,,AIRFRAMES,R&D 5L Agri,Doubt (need to check where it is located),1,1000.00,18.00,2025-06-16,BLOCKED,Physical stock verification requires review: Doubt (need to check where it is located),,Dangling Arm 1 & 2,,
552,C_00575,AF_0248,AIRFRAMES,R&D 5L Agri,Verified,1,3800.00,18.00,2025-06-16,IMPORTED,,,Servo Holder,,
553,C_00171,,AIRFRAMES,R&D 5L Agri,Verified,1,12135.00,18.00,2025-06-18,BLOCKED,Possible existing component with these specifications; use --component-map,"Original Shipping retained in source metadata, not added to current valuation",Canopy for 5L Agri,R5,
554,C_00124,,AIRFRAMES,R&D 5L Agri,Verified,4,100.00,18.00,2025-06-19,BLOCKED,"Comp ID C_00124 has differing Category, Component Specification across positive-stock rows; confirm the correct component ID for each distinct part",,Arm Mount Rubber Closure,,
555,C_00161,AF_0239,AIRFRAMES,BHIMA - Paint Sprayer,Verified,2,248.57,5.00,2025-06-20,IMPORTED,,"Original Shipping retained in source metadata, not added to current valuation",C Clamp for 20mm rod,R3,Black Box
558,C_00287,AF_0249,AIRFRAMES,Micro-Railway,Verified,1,869.00,12.00,2025-06-21,IMPORTED,,,GPS AIRUNIT Plate - 2 mm,,
559,C_00375,AF_0250,AIRFRAMES,Micro-Railway,Verified,2,369.00,12.00,2025-06-21,IMPORTED,,,Landing Skid - 3mm,,
561,C_00528,AF_0251,AIRFRAMES,BHIMA - Paint Sprayer,Verified,1,142.00,12.00,2025-06-21,IMPORTED,,,PL Plate Support CF Strip 3mm,R12,
563,C_00265,,AIRFRAMES,Kamikaze - FPV,Doubt (need to check where it is located),9,650.12,0.00,2025-06-23,BLOCKED,Physical stock verification requires review: Doubt (need to check where it is located),,FPV Racing Bundle (6x4.2E-3 and 6x4.2EP-3),R2,
575,C_00266,AF_0252,AIRFRAMES,Micro-Railway,Verified,1,840.00,18.00,2025-06-24,IMPORTED,,,Front Canopy,R5,
577,C_00376,EN_0253,ELECTRONICS,A.R.I.S NANO,Verified,1,152.54,18.00,2025-06-24,IMPORTED,,,LCD1602 Parallel LCD Display with IIC/I2C Interface,R31,Jumper cable box
580,C_00559,,ELECTRONICS,A.R.I.S NANO,Excess in stock,2,66.10,18.00,2025-06-24,BLOCKED,Physical stock verification requires review: Excess in stock,"Original Shipping retained in source metadata, not added to current valuation",Red Two-Wire 0.56 Inch DC5V-120V DC Digital Display Voltmeter for Car Bicycle Motorcycle,R45,
585,C_00662,AF_0254,AIRFRAMES,Micro-Railway,Verified,1,2160.00,18.00,2025-06-24,IMPORTED,,,Top Canopy,R5,
586,C_00130,PL_0255,PAYLOAD,Kamikaze - FPV,Verified,3,34532.00,5.00,2025-06-26,IMPORTED,,,Axisflying Dual Camera Model Thermal Imaging / FPV diy Cameras for day and night fpv camera / 256*192 camera,L3,
587,C_00547,CM_0256,COMMUNICATION,Kamikaze - FPV,Verified,10,7017.00,5.00,2025-06-26,IMPORTED,,,Radiomaster Pocket Radio Controller - ELRS Version (Transparent),R48,
588,C_00628,,ELECTRICALS,Kamikaze - FPV,Verified,8,5110.00,5.00,2025-06-26,BLOCKED,Comp ID C_00628 has differing Component Specification across positive-stock rows; confirm the correct component ID for each distinct part,,T-motor Cine 60 6S Motor For 6â€ X4 Cinematic FPV Drone,,
589,C_00629,EL_0257,ELECTRICALS,Kamikaze - FPV,Verified,20,1940.00,5.00,2025-06-26,IMPORTED,,,T-Motor F2203.5 KV1500,R18,Black Box
590,C_00630,EN_0258,ELECTRONICS,Kamikaze - FPV,Verified,1,11896.00,5.00,2025-06-26,IMPORTED,,"Original Shipping retained in source metadata, not added to current valuation",T-Motor F55A Pro III 3-8S 4in1 ESC,R32,
591,C_00687,EN_0259,ELECTRONICS,Kamikaze - FPV,Verified,3,1808.57,5.00,2025-06-26,IMPORTED,,"Original Shipping retained in source metadata, not added to current valuation",VAS 5.8GHz Minion Pro SMA Short Antenna (RHCP),R31,A50
592,C_00351,,ACCESSORIES,R&D 5L Agri,Doubt (need to check where it is located),1,9600.00,18.00,2025-06-27,BLOCKED,Physical stock verification requires review: Doubt (need to check where it is located),"Original Shipping retained in source metadata, not added to current valuation",HS Foam,,
595,C_00548,CM_0260,COMMUNICATION,Kamikaze - FPV,Verified,1,2380.00,5.00,2025-06-28,IMPORTED,,"Original Shipping retained in source metadata, not added to current valuation",Radiomaster RP1 V2 ELRS 2.4GHz Nano Receiver W/UFL Antenna,,
596,C_00548,CM_0260,COMMUNICATION,Kamikaze - FPV,Verified,6,2665.72,5.00,2025-06-28,IMPORTED,,"Original Shipping retained in source metadata, not added to current valuation",Radiomaster RP1 V2 ELRS 2.4GHz Nano Receiver W/UFL Antenna,R48,
597,C_00668,,AIRFRAMES,Micro-Railway,Doubt (need to check where it is located),2,1356.00,18.00,2025-07-01,BLOCKED,Physical stock verification requires review: Doubt (need to check where it is located),,Top Rod,,
602,C_00035,EL_0261,ELECTRICALS,Horizontal Sprayer,Verified,1,1191.00,5.00,2025-07-02,IMPORTED,,"Original Shipping retained in source metadata, not added to current valuation",25Kg Full Metal Gear Digital Servo with 25T Arm Default 90-180 Degrees,R41,
604,C_00428,AC_0262,ACCESSORIES,Kamikaze - FPV,Verified,1,189.52,5.00,2025-07-02,IMPORTED,,"Original Shipping retained in source metadata, not added to current valuation",M3 Silicone Grommets - 8mm (pack of 10),R12,GR-01
605,NA,,ACCESSORIES,R&D 5L Agri,Verified,2,60.00,5.00,2025-07-03,BLOCKED,Missing or placeholder Comp ID; Possible existing component with these specifications; use --component-map,,Battery strap,,
612,C_00340,,ELECTRICALS,BHIMA,Verified,1,12000.00,18.00,2025-07-03,BLOCKED,Comp ID C_00340 has differing Component Specification across positive-stock rows; confirm the correct component ID for each distinct part,,Hobbywing X8 CCW Combo,R19,V1
613,C_00341,,ELECTRICALS,BHIMA,Verified,1,12000.00,18.00,2025-07-03,BLOCKED,Comp ID C_00341 has differing Component Specification across positive-stock rows; confirm the correct component ID for each distinct part,,Hobbywing X8 CW Combo,R19,V1
617,C_00084,,ELECTRICALS,Bomb Dropper - BHIMA,Doubt (need to check where it is located),2,39600.00,18.00,2025-07-04,BLOCKED,Physical stock verification requires review: Doubt (need to check where it is located); Comp ID C_00084 has differing Component Specification across positive-stock rows; confirm the correct component ID for each distinct part,,6S 30000mAh Solid State Battery,Inv,
618,C_00084,,ELECTRICALS,Bomb Dropper - BHIMA,Doubt (need to check where it is located),2,39600.00,18.00,2025-07-04,BLOCKED,Physical stock verification requires review: Doubt (need to check where it is located); Comp ID C_00084 has differing Component Specification across positive-stock rows; confirm the correct component ID for each distinct part,,6S 30000mAh Solid State Battery,Inv,
619,C_00110,EL_0263,ELECTRICALS,Kamikaze - FPV,Verified,2,171.42,5.00,2025-07-04,IMPORTED,,"Original Shipping retained in source metadata, not added to current valuation",Amass Waterproof XT60 Connector (XT60W-XT60EW) Pair,R22,
621,C_00659,AC_0264,ACCESSORIES,Kamikaze - FPV,Verified,1,508.40,18.00,2025-07-04,IMPORTED,,,"Threade Round Spacers M3x5.5, 35mm (Pack of 25)",,
622,C_00660,AC_0265,ACCESSORIES,Kamikaze - FPV,Verified,1,593.20,18.00,2025-07-04,IMPORTED,,"Original Shipping retained in source metadata, not added to current valuation","Threade Round Spacers M3x5.5, 40mm (Pack of 25)",,
624,C_00066,PL_0266,PAYLOAD,R&D 5L Agri,Verified,1,10000.00,18.00,2025-07-05,IMPORTED,,"Original Shipping retained in source metadata, not added to current valuation",5L Agriculture drone tank,Assembly Area,
633,C_00285,,AIRFRAMES,R&D 5L Agri,Verified,2,850.00,18.00,2025-07-05,BLOCKED,"Comp ID C_00285 has differing Component Specification, Comp Type across positive-stock rows; confirm the correct component ID for each distinct part","Original Shipping retained in source metadata, not added to current valuation",Glass Fibre Sheet 600x500x2mm,,
644,C_00217,EN_0267,ELECTRONICS,Kamikaze - FPV,Verified,9,64.06,18.00,2025-07-07,IMPORTED,,,EEUFR1V102 - Electrolytic Capacitor,R31,
650,C_00037,AF_0268,AIRFRAMES,R&D 5L Agri,Verified,2,2465.00,18.00,2025-07-08,IMPORTED,,"Original Shipping retained in source metadata, not added to current valuation",25x22x1000mm Carbon Fiber Tube,,
653,C_00259,,AIRFRAMES,Micro-Railway,Doubt (need to check where it is located),1,1242.70,18.00,2025-07-09,BLOCKED,Physical stock verification requires review: Doubt (need to check where it is located); Comp ID C_00259 has differing Component Specification across positive-stock rows; confirm the correct component ID for each distinct part,,Flight Stack Holder 22mm,,
656,C_00051,PL_0269,PAYLOAD,Bomb Dropper - BHIMA,Verified,10,960.00,18.00,2025-07-10,IMPORTED,,,3D Printing- FDM PLA+PL_3 v2 Density;50%,R8,
657,C_00052,PL_0270,PAYLOAD,Bomb Dropper - BHIMA,Verified,10,850.00,18.00,2025-07-10,IMPORTED,,"Original Shipping retained in source metadata, not added to current valuation",3D Printing- FDM PLA+PL_6v2 Density;50%,R8,
658,NA,,ACCESSORIES,Kamikaze - FPV,Verified,1,244.28,18.00,2025-07-10,BLOCKED,Missing or placeholder Comp ID,"Original Shipping retained in source metadata, not added to current valuation","Command Large Picture Hanging Strips,4 Pairs",R12,
660,C_00047,AF_0271,AIRFRAMES,Kamikaze - FPV,Verified,3,200.00,18.00,2025-07-11,IMPORTED,,,3D printing Service-TPU Antenna Holder,R7,
661,C_00048,AF_0272,AIRFRAMES,Kamikaze - FPV,Verified,6,100.00,18.00,2025-07-11,IMPORTED,,,3D Printing Service-TPU Part 7,R7,
662,C_00049,AF_0273,AIRFRAMES,Kamikaze - FPV,Verified,6,100.00,18.00,2025-07-11,IMPORTED,,,"3D Printing Service-TPU, Motor Guard",R6,
663,C_00050,AF_0274,AIRFRAMES,Kamikaze - FPV,Verified,3,400.00,18.00,2025-07-11,IMPORTED,,"Original Shipping retained in source metadata, not added to current valuation","3D Printing Service-TPU,EO-IR Camera Holder",R7,
665,C_00079,,ELECTRICALS,Kamikaze - FPV,Doubt (need to check where it is located),1,3000.00,18.00,2025-07-14,BLOCKED,Physical stock verification requires review: Doubt (need to check where it is located),,6S 1P Lithium Battery,,
666,C_00083,,ELECTRICALS,Kamikaze - FPV,Doubt (need to check where it is located),4,6000.00,18.00,2025-07-14,BLOCKED,Physical stock verification requires review: Doubt (need to check where it is located),,6S 2P Lithium Battery,,
667,C_00167,,AIRFRAMES,Kamikaze - FPV,Doubt (need to check where it is located),1,1000.00,18.00,2025-07-14,BLOCKED,Physical stock verification requires review: Doubt (need to check where it is located),,Camera Board Enclosure & Damp,,
668,C_00304,,ELECTRONICS,Kamikaze - FPV,Doubt (need to check where it is located),1,6027.62,5.00,2025-07-14,BLOCKED,Physical stock verification requires review: Doubt (need to check where it is located),,HGLRC ZEUS VTX 2.5W,R34,A22
670,C_00041,EL_0275,ELECTRICALS,Kamikaze - FPV,Verified,4,1000.00,18.00,2025-07-14,IMPORTED,,,2S 1P 3400mAh Lithium Battery,Charging Room,
671,C_00060,AC_0276,ACCESSORIES,Kamikaze - FPV,Verified,2,42.37,18.00,2025-07-14,IMPORTED,,"Original Shipping retained in source metadata, not added to current valuation",4mm UD 6mm Grove Hole Grommet (Pack of 25),R12,GR-01
673,C_00142,AF_0277,AIRFRAMES,Kamikaze - FPV,Verified,3,406.00,18.00,2025-07-14,IMPORTED,,,Battery Plate - 2mm,,
675,C_00259,,AIRFRAMES,Kamikaze - FPV,Verified,1,406.00,18.00,2025-07-14,BLOCKED,Comp ID C_00259 has differing Component Specification across positive-stock rows; confirm the correct component ID for each distinct part,,Flight Stack Holder 22mm,R2,
677,C_00546,EN_0278,ELECTRONICS,Kamikaze - FPV,Verified,2,5841.25,5.00,2025-07-14,IMPORTED,,,RadioMaster 2.4GHz RM 4in1 Module,R32,
678,C_00734,,ACCESSORIES,Kamikaze - FPV,Verified,2,908.13,18.00,2025-07-14,BLOCKED,Comp ID C_00734 has differing Component Specification across positive-stock rows; confirm the correct component ID for each distinct part,,Spray Paint - Khaki,,
680,C_00205,,ELECTRICALS,Kamikaze - FPV,Doubt (need to check where it is located),4,219.69,18.00,2025-07-15,BLOCKED,Physical stock verification requires review: Doubt (need to check where it is located),"Original Shipping retained in source metadata, not added to current valuation",DMEGC INR18650-32E 3.7V 3200mAh Li-ion Battery,R24,
681,C_00114,EL_0279,ELECTRICALS,Bomb Dropper - BHIMA,Verified,4,33.00,18.00,2025-07-16,IMPORTED,,"Original Shipping retained in source metadata, not added to current valuation",Amass XT60E-M Mountable XT60 Male Connectors,R22,A61
682,C_00580,AF_0280,AIRFRAMES,Kamikaze - FPV,Verified,3,770.00,18.00,2025-07-16,IMPORTED,,,Side Canopy,,
683,C_00581,AF_0281,AIRFRAMES,Kamikaze - FPV,Verified,3,770.00,18.00,2025-07-16,IMPORTED,,"Original Shipping retained in source metadata, not added to current valuation",Side Canopy 2,,
685,C_00209,AC_0282,ACCESSORIES,Kamikaze - FPV,Verified,1,4770.00,18.00,2025-07-18,IMPORTED,,"Original Shipping retained in source metadata, not added to current valuation",Drone Foam - FPV,,
692,C_00476,AC_0283,ACCESSORIES,Kamikaze - FPV,Verified,1,6133.15,18.00,2025-07-22,IMPORTED,,,MG Chemicals Brown Acrylic Aerosol Conductive Lacq,R12,
693,C_00033,,ELECTRICALS,Micro-Railway,Doubt (need to check where it is located),1,1500.00,18.00,2025-07-28,BLOCKED,Physical stock verification requires review: Doubt (need to check where it is located),Invalid HSN retained in source metadata only,21V 8Ah Si-NMC Li-Ion Cell Battery,,
695,C_00514,EN_0284,ELECTRONICS,Kamikaze - FPV,Verified,9,65.36,18.00,2025-07-28,IMPORTED,,,Panasonic 1000uF Aluminium Electrolytic Capacitor,R31,
696,C_00015,EN_0285,ELECTRONICS,Bomb Dropper - BHIMA,Verified,1,14843.94,0.00,2025-07-31,IMPORTED,,,17-HG2418P L-Com ANTPANEL 2.4GHz 18dB Antennas,R35,
698,C_00093,EN_0286,ELECTRONICS,Bomb Dropper - BHIMA,Verified,4,572.46,0.00,2025-07-31,IMPORTED,,,960-GW593153 Taoglas GW.59 2.4.5/5.8GHZ 3dB Antennas,R35,A13
699,C_00174,,ELECTRICALS,Bomb Dropper - BHIMA,Excess in stock,1,175.00,18.00,2025-07-31,BLOCKED,Physical stock verification requires review: Excess in stock,,CAT6 Cable 5M,R45,
701,C_00562,EN_0287,ELECTRONICS,Bomb Dropper - BHIMA,Verified,1,250.00,18.00,2025-07-31,IMPORTED,,,RJ 45 Connectors,R45,
702,C_00085,,ELECTRICALS,Kamikaze - FPV,Excess in stock,1,4500.00,18.00,2025-08-01,BLOCKED,Physical stock verification requires review: Excess in stock; Comp ID C_00085 has differing Component Specification across positive-stock rows; confirm the correct component ID for each distinct part,,6S 5000mAh Lithium Battery,,
704,C_00734,,ACCESSORIES,Kamikaze - FPV,Verified,2,933.90,18.00,2025-08-02,BLOCKED,Comp ID C_00734 has differing Component Specification across positive-stock rows; confirm the correct component ID for each distinct part,"Original Round-off retained in source metadata, not added to current valuation",Spray Paint - Khaki,,
705,C_00733,AC_0288,ACCESSORIES,Kamikaze - FPV,Verified,2,933.90,18.00,2025-08-02,IMPORTED,,"Original Round-off retained in source metadata, not added to current valuation",Spray Paint - Sand Brown,,
706,C_00707,,ELECTRONICS,Bomb Dropper - BHIMA,Verified,1,633.33,5.00,2025-08-04,BLOCKED,Comp ID C_00707 has differing Component Specification across positive-stock rows; confirm the correct component ID for each distinct part,"Original Shipping retained in source metadata, not added to current valuation",YRRC 2-13S 5V 5A BEC,R26,A17
707,C_00172,AC_0289,ACCESSORIES,Bhumi,Verified,5,15000.00,18.00,2025-08-05,IMPORTED,,,Carry Case Ex: 910x830x730mm In:880x800x700mm without wheel,Carrycase Room,
708,C_00722,EN_0290,ELECTRONICS,Bomb Dropper - BHIMA,Verified,7,20.00,18.00,2025-08-08,IMPORTED,,"Original Shipping retained in source metadata, not added to current valuation; Original Round-off retained in source metadata, not added to current valuation",MAX3232 XD-26 MCU Mini RS232 to TTL Converter Module UART,R35,A13
709,C_00735,AC_0291,ACCESSORIES,Kamikaze - FPV,Verified,2,933.90,18.00,2025-08-11,IMPORTED,,"Original Round-off retained in source metadata, not added to current valuation",Spray Paint - Army Green,,
710,C_00736,AC_0292,ACCESSORIES,Kamikaze - FPV,Verified,2,955.93,18.00,2025-08-11,IMPORTED,,"Original Round-off retained in source metadata, not added to current valuation",Spray Paint - Earth Brown,,
714,C_00732,,ELECTRICALS,Bomb Dropper - BHIMA,Verified,1,200.00,18.00,2025-08-13,BLOCKED,Comp ID C_00732 has differing Component Specification across positive-stock rows; confirm the correct component ID for each distinct part,,"3AN Telecom SMA Male to N Male Coax Cables,SMA Connectors to Antenna Cables Assemblies Low Loss WiFi Extender Extension Pigtail Jumpers RF coaxial Cables 1MTR /100 CM 1Pack, Black",R28,RF-01
716,C_00730,,ACCESSORIES,Kamikaze - FPV,Doubt (need to check where it is located),1,609.52,5.00,2025-08-18,BLOCKED,Physical stock verification requires review: Doubt (need to check where it is located),"Original Shipping retained in source metadata, not added to current valuation",Flywoo 3pcs Flywoo Ultra Grip FPV Battery Pad,,
718,C_00557,EN_0293,ELECTRONICS,Inventory/Office,Verified,2,210.93,5.00,2025-08-18,IMPORTED,,"Original Shipping retained in source metadata, not added to current valuation",Readytosky 2-6S 5v/3A and 12V/3A switchable UBEC,R28,A17
719,C_00726,,AIRFRAMES,Kamikaze - FPV,Doubt (need to check where it is located),1,1575.00,18.00,2025-08-19,BLOCKED,Physical stock verification requires review: Doubt (need to check where it is located),,Mount Plate CF 310x310x1.5mm,,
720,C_00725,,AIRFRAMES,Kamikaze - FPV,Doubt (need to check where it is located),1,3800.00,18.00,2025-08-19,BLOCKED,Physical stock verification requires review: Doubt (need to check where it is located),,Quad Frame CF 310x310x4mm,,
721,C_00729,AC_0294,ACCESSORIES,Kamikaze - FPV,Verified,2,111.43,5.00,2025-08-19,IMPORTED,,"Original Shipping retained in source metadata, not added to current valuation",4in1 Wire Brush Protection Tube 65mm for Brushless Motor,,
723,C_00728,AC_0295,ACCESSORIES,Kamikaze - FPV,Verified,1,46.67,5.00,2025-08-21,IMPORTED,,"Original Shipping retained in source metadata, not added to current valuation",M3 Rubber Damper Balls - 9x6x3 (Pack of 4),R12,
724,C_00724,,ELECTRICALS,Kamikaze - FPV,Verified,11,675.00,18.00,2025-08-22,BLOCKED,"Comp ID C_00724 has differing Description, Component Specification across positive-stock rows; confirm the correct component ID for each distinct part",,Molicel 21700 P50B 5000mAh 60A Lithium Ion Battery,R24,
725,C_00724,,ELECTRICALS,Kamikaze - FPV,Verified,25,675.00,18.00,2025-08-22,BLOCKED,"Comp ID C_00724 has differing Description, Component Specification across positive-stock rows; confirm the correct component ID for each distinct part",,Molicel 21700 P50B 5000mAh 60A Lithium Ion Battery,R24,
726,C_00723,EN_0296,ELECTRONICS,Bomb Dropper - BHIMA,Verified,5,1550.00,18.00,2025-08-25,IMPORTED,,,24Pin M16 Plug and Socket Panel Mount Connector Straight,R35,A13
727,C_00628,,ELECTRICALS,Kamikaze - FPV,Verified,5,4400.00,5.00,2025-08-25,BLOCKED,Comp ID C_00628 has differing Component Specification across positive-stock rows; confirm the correct component ID for each distinct part,,T-motor Cine 60 6S Motor For 6” X4 Cinematic FPV Drone,R18,Black Box
728,C_00721,EL_0297,ELECTRICALS,Kamikaze - FPV,Verified,3,0.00,0.00,2025-09-02,IMPORTED,,,4S 5000mAh Lithium Battery,Charging Room,
729,C_00720,EN_0298,ELECTRONICS,Bomb Dropper - BHIMA,Verified,5,2422.00,18.00,2025-09-03,IMPORTED,,"Original Shipping retained in source metadata, not added to current valuation","Pololu 5579 24V, 4A Step-down Voltage Regulator D42V55F24",R26,A37
730,NA,,AIRFRAMES,R&D 5L Agri,Verified,1,4234.00,0.00,2025-09-03,BLOCKED,Missing or placeholder Comp ID,,Sri Ganapathi Engineering works' Machining Cost for 5L Agri,,
731,NA,,AIRFRAMES,Bomb Dropper - BHIMA,Unlabelled colour,1,20692.00,0.00,2025-09-03,BLOCKED,Physical stock verification requires review: Unlabelled colour; Missing or placeholder Comp ID,,Sri Ganapathi Engineering works' Machining Cost for BHIMA Payload Dropping,,
732,C_00545,EL_0299,ELECTRICALS,BHUMI,Verified,40,350.00,18.00,2025-09-10,IMPORTED,,,QS8 Male & Female Pair Anti-Spark Connectors,,
733,C_00741,CM_0300,COMMUNICATION,Kamikaze - FPV,Verified,2,8286.02,0.00,2025-09-15,IMPORTED,,"Original Shipping retained in source metadata, not added to current valuation",6027 IRC Ghost JR 2.4 Tx,R48,
734,C_00742,EN_0301,ELECTRONICS,Kamikaze - FPV,Verified,4,3104.02,0.00,2025-09-15,IMPORTED,,"Original Shipping retained in source metadata, not added to current valuation",6030 IRC Ghost Atto Receiver,R31,A50
735,C_00069,CM_0243,COMMUNICATION,Kamikaze - FPV,Verified,1,4762.26,0.00,2025-09-15,IMPORTED,,"Original Shipping retained in source metadata, not added to current valuation",6066 IRC Ghost Uberlite Tx,,
736,C_00748,EN_0302,ELECTRONICS,Kamikaze - FPV,Verified,1,15540.82,0.00,2025-09-15,IMPORTED,,"Original Shipping retained in source metadata, not added to current valuation",6087 IRC RF Power Meter v2,R32,
737,C_00749,CM_0303,COMMUNICATION,Kamikaze - FPV,Verified,1,8575.17,0.00,2025-09-15,IMPORTED,,"Original Shipping retained in source metadata, not added to current valuation",6150 Orqa FPV.Ace Chapter #1,,
738,C_00740,CM_0304,COMMUNICATION,Kamikaze - FPV,Verified,1,10358.82,0.00,2025-09-15,IMPORTED,,"Original Shipping retained in source metadata, not added to current valuation",6219 Orqa FPV.Ctrl,R48,
739,C_00751,AF_0305,AIRFRAMES,Vyoma,Verified,2,872.50,18.00,2025-09-19,IMPORTED,,"Original Shipping retained in source metadata, not added to current valuation; Original Round-off retained in source metadata, not added to current valuation",1000x100x12mm Balsa Sheet,Above L Rack,
740,C_00750,AF_0306,AIRFRAMES,Vyoma,Verified,5,210.00,18.00,2025-09-19,IMPORTED,,"Original Shipping retained in source metadata, not added to current valuation",1000x100x1mm Balsa Sheet,Above L Rack,
741,C_00707,,ELECTRONICS,Bomb Dropper - BHIMA,Verified,3,633.33,5.00,2025-09-20,BLOCKED,Comp ID C_00707 has differing Component Specification across positive-stock rows; confirm the correct component ID for each distinct part,"Original Shipping retained in source metadata, not added to current valuation",YRRC 2-13S 5V 5A BEC,R26,A17
742,C_00757,EN_0307,ELECTRONICS,Micro-Warehouse,Verified,1,1279.81,18.00,2025-09-22,IMPORTED,,"Original Shipping retained in source metadata, not added to current valuation",AC8265 Wireless NIC for Jetson Nano WiFi / Bluetooth,R28,
744,C_00755,PL_0308,PAYLOAD,Micro-Warehouse,Verified,3,29907.48,18.00,2025-09-22,IMPORTED,,"Original Shipping retained in source metadata, not added to current valuation",Intel RealSense Depth Camera D415,L8,
750,C_00756,EN_0309,ELECTRONICS,Micro-Warehouse,Verified,1,1576.97,18.00,2025-09-22,IMPORTED,,"Original Shipping retained in source metadata, not added to current valuation","Waveshare 4-Ch USB 3.2 Gen1 HUB, Metal Case With Wall-Mount Support, Driver-Free, Plug-And-Play, Multiple Systems Support",R31,PO-177
752,C_00002,,ELECTRONICS,Micro-Warehouse,Verified,1,125.72,5.00,2025-09-24,BLOCKED,"Comp ID C_00002 has differing Category, Component Specification across positive-stock rows; confirm the correct component ID for each distinct part","Original Shipping retained in source metadata, not added to current valuation",100A Multirotor ESC Power Distribution Battery Board (PBD),R21,A9
753,C_00759,EN_0310,ELECTRONICS,Micro-Warehouse,Verified,1,60465.00,18.00,2025-09-25,IMPORTED,,"Original Round-off retained in source metadata, not added to current valuation",NVIDIA Jetson Orin NX 16GB Module,R28,
762,C_00766,,AIRFRAMES,Astra-x,Doubt (need to check where it is located),2,17565.00,5.00,2025-09-30,BLOCKED,Physical stock verification requires review: Doubt (need to check where it is located),"Original Shipping retained in source metadata, not added to current valuation",T-motor NS24x7.2-10mm Hole Propellers 1CW 1CCW - 1Pair,Before L1,
770,C_00767,EN_0311,ELECTRONICS,Astra-x,Verified,6,5900.45,5.00,2025-09-30,IMPORTED,,"Original Shipping retained in source metadata, not added to current valuation",T-Motor Alpha 40A LV 500Hz 4-6S LiPo ESC,R33,A65
778,C_00777,AC_0312,ACCESSORIES,Astra-x,Verified,1,113.56,18.00,2025-10-06,IMPORTED,,"Original Shipping retained in source metadata, not added to current valuation",Tool Bag for YIHUA 928D-IV,R45,
781,C_00795,,ELECTRICALS,Astra-x,Doubt (need to check where it is located),2,2723.38,18.00,2025-10-09,BLOCKED,Physical stock verification requires review: Doubt (need to check where it is located),,"336320-12-0250 - Cable Assembly Coaxial U.FL (UMCC), AMC to RP-SMA 1.13mm OD Coaxial Cable 9.843"" (250.00mm)",R28,
783,C_00784,,ACCESSORIES,Astra-x,Unlabelled colour,1,4600.00,18.00,2025-10-09,BLOCKED,Physical stock verification requires review: Unlabelled colour,,"HAHER20-Quad-26"" GCS Foam",Carrycase Room,
784,C_00785,,ACCESSORIES,Astra-x,Unlabelled colour,1,1200.00,18.00,2025-10-09,BLOCKED,Physical stock verification requires review: Unlabelled colour,,"HAHER20-Quad-26"" GCS Top Foam",Carrycase Room,
785,C_00786,,ACCESSORIES,Astra-x,Unlabelled colour,1,2100.00,18.00,2025-10-09,BLOCKED,Physical stock verification requires review: Unlabelled colour,,"HAHER20-Quad-26"" Patch Antenna Foam",Carrycase Room,
787,C_00787,,ELECTRONICS,Astra-x,Doubt (need to check where it is located),2,3559.00,18.00,2025-10-09,BLOCKED,Physical stock verification requires review: Doubt (need to check where it is located),,"RF Antenna, Dipole, 2.4 GHz to 2.5 GHz, Linear, RP SMA Connector, 4.22 dBi - TAOGLAS - GW.34.5153",Assembly Area,
797,C_00366,EL_0210,ELECTRICALS,Astra-x,Verified,17,38.95,18.00,2025-10-09,IMPORTED,,,JST - 15cm Crimp Cable - AGHGH28K152,R23,Black Box
803,C_00797,AC_0313,ACCESSORIES,Astra-x,Verified,1,393.75,0.00,2025-10-10,IMPORTED,,,"Grommet 0.250"" (6.35mm) Circular 0.375"" (9.53mm) Black - MFG-740 (Pack of 25)",R45,
810,C_00796,AC_0314,ACCESSORIES,Astra-x,Verified,2,95.97,0.00,2025-10-10,IMPORTED,,"Original Shipping retained in source metadata, not added to current valuation",M3 Nylon Flat Washer OD 8mm - MFG-16M03080080B (Pack of 25),R45,
815,C_00645,AC_0315,ACCESSORIES,BHUMI,Verified,1,283.00,5.00,2025-10-13,IMPORTED,,"Original Round-off retained in source metadata, not added to current valuation",Tank Screws Pack of 4,R10,
819,C_00811,AF_0316,AIRFRAMES,Astra-x,Verified,4,1141.90,5.00,2025-10-16,IMPORTED,,"Original Shipping retained in source metadata, not added to current valuation",1655 propellers 1CW 1CCW-1Pair,R4,
825,C_00805,EL_0317,ELECTRICALS,Astra-x,Verified,6,27000.00,18.00,2025-10-17,IMPORTED,,,6S 30000mAh Battery,Charging Room,
830,C_00770,,AIRFRAMES,Astra-x,Verified,1,150.00,18.00,2025-10-25,BLOCKED,"Comp ID C_00770 has differing Description, Component Specification across positive-stock rows; confirm the correct component ID for each distinct part",,16x14x1000mm Carbon Fiber Circular Tube,Assembly Area,
835,C_00807,AF_0318,AIRFRAMES,Astra-x,Verified,1,4400.00,18.00,2025-10-25,IMPORTED,,,Fixed Arm Part for 25x23mm CF Square Tube,R42,
839,C_00821,AF_0319,AIRFRAMES,Astra-x,Verified,1,524.00,18.00,2025-10-25,IMPORTED,,,"HAHER20-Quad-26"" Doodle Labs Enclosure",,
849,C_00084,,ELECTRICALS,Astra-x,Doubt (need to check where it is located),2,37080.00,18.00,2025-10-27,BLOCKED,Physical stock verification requires review: Doubt (need to check where it is located); Comp ID C_00084 has differing Component Specification across positive-stock rows; confirm the correct component ID for each distinct part,"Original Round-off retained in source metadata, not added to current valuation",6S 30000mAh Solid State Battery,Assembly Area,
858,C_00821,AF_0319,AIRFRAMES,Astra-x,Verified,2,520.00,18.00,2025-10-30,IMPORTED,,,"HAHER20-Quad-26"" Doodle Labs Enclosure",R9,A73
863,C_00203,EL_0320,ELECTRICALS,Astra-x,Verified,1,313.56,18.00,2025-10-31,IMPORTED,,"Original Shipping retained in source metadata, not added to current valuation",DH-24-J/RJ45/213/SX-43-401-CNLINKO-Cat5e Female Socket IP67 Waterproof Ethernet Connector Panel Mount,R45,
864,C_00238,AC_0321,ACCESSORIES,BHUMI,Verified,5,8380.00,18.00,2025-11-03,IMPORTED,,"Original Shipping retained in source metadata, not added to current valuation",EPE - Foam (Bhumi) 870x790x350mm,Carrycase Room,
865,C_00085,,ELECTRICALS,Warehouse,Excess in stock,1,,0.00,2025-11-06,BLOCKED,"Physical stock verification requires review: Excess in stock; Unit Price is missing or invalid; Comp ID C_00085 has differing Component Specification across positive-stock rows; confirm the correct component ID for each distinct part; Component fields invalid: {'unit_price': [ErrorDetail(string='This field may not be null.', code='null')]}",,6S 5000mAh Lithium Battery,,
870,C_00085,,ELECTRICALS,Warehouse,Excess in stock,1,,0.00,2025-11-10,BLOCKED,"Physical stock verification requires review: Excess in stock; Unit Price is missing or invalid; Comp ID C_00085 has differing Component Specification across positive-stock rows; confirm the correct component ID for each distinct part; Component fields invalid: {'unit_price': [ErrorDetail(string='This field may not be null.', code='null')]}",,6S 5000mAh Lithium Battery,,
871,C_00838,EL_0322,ELECTRICALS,Astra-x,Verified,1,1800.00,18.00,2025-11-10,IMPORTED,,,Dummy Battery,,
872,C_00834,EL_0323,ELECTRICALS,Warehouse,Verified,1,8729.66,18.00,2025-11-11,IMPORTED,,,SkyRC D260 Duo 260W Dual Channel AC/DC LiPo / LiFe / LiIon / LiHV / NiMH / NiCd / Pb Balance Charger + Discharger + Power Supply,Charging Room,
873,C_00082,,ELECTRICALS,BHUMI,Doubt (need to check where it is located),6,13625.00,18.00,2025-11-12,BLOCKED,Physical stock verification requires review: Doubt (need to check where it is located),,6S 22000mAh Tattu Battery,Charging Room,
874,C_00838,EL_0322,ELECTRICALS,Astra-x,Verified,2,1500.00,18.00,2025-11-12,IMPORTED,,,Dummy Battery,,
875,C_00721,,ELECTRICALS,Kamikaze - FPV,Doubt (need to check where it is located),3,3000.00,18.00,2025-11-13,BLOCKED,Physical stock verification requires review: Doubt (need to check where it is located),,4S 5000mAh Lithium Battery,Charging Room,
877,C_00846,AC_0324,ACCESSORIES,BHUMI,Verified,1,320.00,18.00,2025-11-20,IMPORTED,,"Original Shipping retained in source metadata, not added to current valuation",M4 Allen Socket head SS304 assorted box,R13,
878,C_00787,EN_0325,ELECTRONICS,Astra-x,Verified,10,463.01,18.00,2025-11-21,IMPORTED,,"Original Round-off retained in source metadata, not added to current valuation","RF Antenna, Dipole, 2.4 GHz to 2.5 GHz, Linear, RP SMA Connector, 4.22 dBi - TAOGLAS - GW.34.5153",R45,
879,C_00765,AF_0326,AIRFRAMES,Astra-x,Verified,2,26190.47,5.00,2025-11-24,IMPORTED,,"Original Shipping retained in source metadata, not added to current valuation; Original Round-off retained in source metadata, not added to current valuation",T-motor NS26x8.5 Propellers 1CW 1CCW - 1Pair,Before L1,
881,C_00847,AF_0327,AIRFRAMES,Warehouse,Verified,2,757.14,5.00,2025-12-01,IMPORTED,,"Original Shipping retained in source metadata, not added to current valuation; Original Round-off retained in source metadata, not added to current valuation",1355 propellers 1CW 1CCW-1Pair,R4,PR1
883,C_00116,,ELECTRICALS,BHUMI,Verified,2,25.00,18.00,2025-12-01,BLOCKED,Comp ID C_00116 has differing Component Specification across positive-stock rows; confirm the correct component ID for each distinct part,,Amass XT60H Male Connectors with Housing,R22,A62
884,C_00117,EL_0328,ELECTRICALS,BHUMI,Verified,1,148.00,18.00,2025-12-01,IMPORTED,,,Amass XT90 Female Connectors with Housing,R22,A59
885,C_00117,EL_0328,ELECTRICALS,BHUMI,Verified,25,54.00,18.00,2025-12-01,IMPORTED,,,Amass XT90 Female Connectors with Housing,R22,A59
886,C_00848,EL_0329,ELECTRICALS,BHUMI,Verified,22,52.00,18.00,2025-12-01,IMPORTED,,,Amass XT90 Male Connectors with Housing,R22,A62
887,C_00125,EL_0330,ELECTRICALS,BHUMI,Verified,13,116.94,18.00,2025-12-01,IMPORTED,,"Original Shipping retained in source metadata, not added to current valuation",AS150 Female Connector,R22,
888,C_00126,EL_0331,ELECTRICALS,BHUMI,Verified,11,210.28,18.00,2025-12-01,IMPORTED,,"Original Shipping retained in source metadata, not added to current valuation",AS150 Male Connector,R22,
889,C_00082,,ELECTRICALS,BHUMI,Doubt (need to check where it is located),4,13559.32,18.00,2025-12-02,BLOCKED,Physical stock verification requires review: Doubt (need to check where it is located),"Original Shipping retained in source metadata, not added to current valuation",6S 22000mAh Tattu Battery,Charging Room,
892,C_00111,EL_0332,ELECTRICALS,BHUMI,Verified,27,14.00,18.00,2025-12-05,IMPORTED,,,Amass XT30 Female Connectors,R22,A59
893,C_00112,EL_0333,ELECTRICALS,BHUMI,Verified,29,14.00,18.00,2025-12-05,IMPORTED,,,Amass XT30 Male Connectors,R22,A62
894,C_00228,PL_0334,PAYLOAD,BHUMI,Verified,27,750.00,5.00,2025-12-05,IMPORTED,,"Original Shipping retained in source metadata, not added to current valuation",EFT Extension Rod High Pressure Nozzles,R51,
895,C_00333,,AIRFRAMES,BHUMI,Excess in stock,19,1200.00,5.00,2025-12-05,BLOCKED,Physical stock verification requires review: Excess in stock; Comp ID C_00333 has differing Component Specification across positive-stock rows; confirm the correct component ID for each distinct part,"Original Shipping retained in source metadata, not added to current valuation",Hobbywing 2480 CCW Propellers,Before L1,
896,C_00334,,AIRFRAMES,BHUMI,Excess in stock,19,1200.00,5.00,2025-12-05,BLOCKED,Physical stock verification requires review: Excess in stock; Comp ID C_00334 has differing Component Specification across positive-stock rows; confirm the correct component ID for each distinct part,"Original Shipping retained in source metadata, not added to current valuation",Hobbywing 2480 CW Propellers,Before L1,
897,C_00545,EL_0299,ELECTRICALS,BHUMI,Verified,48,350.00,18.00,2025-12-05,IMPORTED,,,QS8 Male & Female Pair Anti-Spark Connectors,R22,A2
909,C_00859,CM_0335,COMMUNICATION,Astra-x,Verified,2,38000.00,18.00,2025-12-16,IMPORTED,,,Microhard PMDDL2450 Modem Only,Assembly Area & R48,
910,C_00724,,ELECTRICALS,BHIMA,Verified,12,,0.00,2025-12-17,BLOCKED,"Unit Price is missing or invalid; Comp ID C_00724 has differing Description, Component Specification across positive-stock rows; confirm the correct component ID for each distinct part; Component fields invalid: {'unit_price': [ErrorDetail(string='This field may not be null.', code='null')]}",,P50B-21700 CELLS,R24,
913,C_00858,,ELECTRICALS,BHIMA,Doubt (need to check where it is located),2,450.00,18.00,2025-12-20,BLOCKED,Physical stock verification requires review: Doubt (need to check where it is located),,Cable Assemblies 85442090 TNC Male to SMA Male 1 mtr,R28,
914,C_00862,EN_0336,ELECTRONICS,BHUMI,Verified,1,29500.00,5.00,2025-12-23,IMPORTED,,,Ag++ Flight Controller with AeroGCS GREEN-T,R32,
915,C_00863,EN_0337,ELECTRONICS,BHUMI,Verified,1,15000.00,5.00,2025-12-23,IMPORTED,,,NamoAG Navigation Device-T,R34,
917,C_00829,AC_0338,ACCESSORIES,Astra-x,Verified,4,350.00,18.00,2025-12-24,IMPORTED,,,HAHER20 M4x25mm for Motor Customized Spacer Set,,
918,C_00872,AC_0339,ACCESSORIES,BHIMA,Verified,1,985.59,18.00,2025-12-26,IMPORTED,,,"CAMVATE 1/4""-20 Female to 5/8""-11 Male Screw Adapter for Tripod Laser Level Adapter Bosch (Aluminum Alloy) - 3239",R20,Blue Bin Bhima
920,C_00873,EN_0340,ELECTRONICS,Astra-x,Verified,1,4028.00,18.00,2025-12-27,IMPORTED,,,Aero360 Data Link v.1.1,"R50,R35",
921,C_00197,EN_0341,ELECTRONICS,BHUMI,Verified,1,33890.00,5.00,2026-01-02,IMPORTED,,"Original Round-off retained in source metadata, not added to current valuation",Cube Orange Plus with ADS-B Carrier Board,R32,
922,C_00592,CM_0342,COMMUNICATION,BHUMI,Verified,2,33095.00,18.00,2026-01-02,IMPORTED,,,SIYI MK15 Remote Controller,R46,
923,NA,,ACCESSORIES,Astra-x,Verified,1,143.63,18.00,2026-01-05,BLOCKED,Missing or placeholder Comp ID,,AR 12W/mk Thermal Pad (Size-80x40x0.5mm),R11,
925,C_00707,,ELECTRONICS,BHUMI,Verified,6,628.57,18.00,2026-01-05,BLOCKED,Comp ID C_00707 has differing Component Specification across positive-stock rows; confirm the correct component ID for each distinct part,,YRRC 2-13S 5V 5A BEC,R26,A17
928,C_00468,EN_0343,ELECTRONICS,BHUMI,Verified,2,3999.00,18.00,2026-01-08,IMPORTED,,,Mauch 076 HS 200A HV Sensor Board 10AWG Current Sensor,R34,A29
929,C_00469,EN_0344,ELECTRONICS,BHUMI,Verified,2,3850.00,5.00,2026-01-08,IMPORTED,,,Mauch 084 4-14S HYB-BEC / 5.3V DF-13 - 4p,R34,A29
930,C_00470,EN_0345,ELECTRONICS,BHUMI,Verified,2,435.00,5.00,2026-01-08,IMPORTED,,,Mauch 086 Adapter cable for Pixhawk 2 Bec,R34,A29
940,C_00622,EN_0346,ELECTRONICS,Astra-x,Verified,6,5600.00,5.00,2026-01-20,IMPORTED,,,T-Motor Alpha 60A ESC 6-12S LiPo 500Hz No BEC,R33,
943,C_00891,CM_0347,COMMUNICATION,Inventory/Office,Verified,1,3681.00,18.00,2026-01-24,IMPORTED,,"Original Round-off retained in source metadata, not added to current valuation",3DR 915MHz Telemetry Module Pair for Pixhawk and APM 500mw 2Km range,R26,A21
944,C_00904,AF_0348,AIRFRAMES,Inventory/Office,Verified,1,2380.00,5.00,2026-01-28,IMPORTED,,,XL6 Carbon Fiber Frame,R1,
947,C_00883,EN_0349,ELECTRONICS,bhumi,Verified,3,32.20,18.00,2026-02-03,IMPORTED,,"Original Shipping retained in source metadata, not added to current valuation",5V Single Channel RELAY Module,R26,
952,C_00914,AC_0350,ACCESSORIES,Astra-x,Verified,22,10.40,18.00,2026-02-07,IMPORTED,,,M3 X 25mm Female to Female Brass with Nickel plating Hex Threaded Standoff Spacer,,
953,C_00911,EN_0351,ELECTRONICS,IIITDM,Verified,1,2380.00,5.00,2026-02-07,IMPORTED,,"Original Shipping retained in source metadata, not added to current valuation",MATEK UBEC DUO 4A/5-12V & 4A/5V,R26,A17
954,C_00732,,ELECTRICALS,Astra-x,Verified,1,321.22,18.00,2026-02-08,BLOCKED,Comp ID C_00732 has differing Component Specification across positive-stock rows; confirm the correct component ID for each distinct part,,"3AN Telecom SMA Male to N Male Coax Cables,SMA Connectors to Antenna Cables Assemblies Low Loss WiFi Extender Extension Pigtail Jumpers RF coaxial Cables 1MTR /100 CM 1Pack, Black",R28,RF-01
956,C_00791,EL_0352,ELECTRICALS,Astra-x,Verified,20,13.40,0.00,2026-02-09,IMPORTED,,,5024390600 Connectors,R23,Black Box
957,C_00916,EL_0353,ELECTRICALS,Astra-x,Verified,22,30.28,0.00,2026-02-09,IMPORTED,,,"AGHGH28K203 - Crimp cable JUMPER SSHL-002T-P0.2 X2 8""",R23,
958,C_00794,EL_0354,ELECTRICALS,Astra-x,Verified,7,6.10,0.00,2026-02-09,IMPORTED,,,GHR-03V-S Connectors,R23,
961,C_00280,EL_0207,ELECTRICALS,Astra-x,Verified,18,10.05,0.00,2026-02-09,IMPORTED,,,GHR-06V-S Connectors,R23,
962,C_00788,EL_0355,ELECTRICALS,Astra-x,Verified,5,10.27,0.00,2026-02-09,IMPORTED,,,GHR-07V-S Connectors,R23,
963,C_00790,EL_0356,ELECTRICALS,Astra-x,Verified,8,10.36,0.00,2026-02-09,IMPORTED,,,GHR-08V-S Connectors,R23,
964,'-,,ACCESSORIES,Inventory/Office,Verified,1,468.58,5.00,2026-02-12,BLOCKED,Missing or placeholder Comp ID,,"Chanak Space Explorer Pneumatic Gun Include 12 Orange & 12 Yellow Soft Foam Ball, for Indoor Outdoor Use Safe for Boys Girls, Above 5+ Age, BIS Approved",R12,
967,'-,,ACCESSORIES,Inventory/Office,Verified,1,1136.16,18.00,2026-02-16,BLOCKED,Missing or placeholder Comp ID,"Original Shipping retained in source metadata, not added to current valuation",eSUN 1.75mm eASA 3D Printing Filament 1Kg - Black,Assembly Area,
968,'-,,ACCESSORIES,Inventory/Office,Verified,1,1041.16,18.00,2026-02-16,BLOCKED,Missing or placeholder Comp ID,,eSUN eABS+HS filament 1.75mm 1Kg - Grey,Assembly Area,
969,C_00836,EL_0357,ELECTRICALS,Astra-x,Verified,7,9.88,0.00,2026-02-17,IMPORTED,,,GHR-05V-S Connector,R23,
970,C_00382,CM_0358,COMMUNICATION,Astra-x,Verified,2,1779.66,18.00,2026-02-17,IMPORTED,,,Logitech Gamepad F310,R48,
973,'-,,ACCESSORIES,Inventory/Office,Verified,1,1247.81,18.00,2026-02-23,BLOCKED,Missing or placeholder Comp ID,,"eSUN ePETG+HS 3D Printing Filament-1.75mm, Solid Black",R8,
974,C_00923,EL_0359,ELECTRICALS,Inventory/Office,Verified,40,26.30,0.00,2026-02-25,IMPORTED,,,AGHGH28K102,R23,Black Box
977,C_00170,,AIRFRAMES,BHUMI,Verified,1,3600.00,18.00,2026-03-09,BLOCKED,Comp ID C_00170 has differing Component Specification across positive-stock rows; confirm the correct component ID for each distinct part,,Canopy - BHUMI,R5,
978,'-,,ACCESSORIES,Inventory/Office,Verified,6,26.37,18.00,2026-03-13,BLOCKED,Missing or placeholder Comp ID,,Anti-Static Anti-Skid ESD Gloves,R14,
980,'-,,ACCESSORIES,Inventory/Office,Verified,6,199.15,18.00,2026-03-13,BLOCKED,Missing or placeholder Comp ID,"Original Shipping retained in source metadata, not added to current valuation",Noel Solder Wire,R14,
981,C_00857,,PAYLOAD,Inventory/Office,Verified,1,0.00,0.00,2026-03-20,BLOCKED,"Comp ID C_00857 has differing Category, Description, Component Specification, Comp Type across positive-stock rows; confirm the correct component ID for each distinct part",Invalid HSN retained in source metadata only,30cm Nozzle Gun,R41,
982,C_00925,CM_0360,COMMUNICATION,Astra-x,Verified,3,13034.65,18.00,2026-03-26,IMPORTED,,"Original Round-off retained in source metadata, not added to current valuation",RE14P-SM,R35,A72
984,C_00876,EL_0361,ELECTRICALS,Astra-x,Verified,6,8900.00,5.00,2026-03-26,IMPORTED,,,T-Motor MN6007 II KV320,R17,A0
985,C_00890,AF_0362,AIRFRAMES,Astra-x,Verified,6,12500.00,5.00,2026-03-26,IMPORTED,,,T-motor NS22x6.6 Propellers 1CW 1CCW - 1Pair,Before L1,
986,C_00857,,ELECTRONICS,"TNAU, Coimbatore",Verified,1,26500.00,5.00,2026-03-27,BLOCKED,"Comp ID C_00857 has differing Category, Description, Component Specification, Comp Type across positive-stock rows; confirm the correct component ID for each distinct part",,Here 4 Multiband RTK GNNS,"R28,R6",A22
997,C_00898,EL_0363,ELECTRICALS,Inventory/Office,Verified,2,5961.99,18.00,2026-03-31,IMPORTED,,"Original Shipping retained in source metadata, not added to current valuation",Pro-Range A Grade INR 21700-P45B 14.8V 9000mAh 10C 4S2P 70A/90A Discharge Li-ion Drone Battery Pack for FPV Drone,R23,
1004,C_00927,AC_0364,ACCESSORIES,Astra-x,Verified,80,5.00,18.00,2026-04-04,IMPORTED,,,SS Compression Spring,R45,astra box
1012,C_00929,EN_0365,ELECTRONICS,Astra-x,Verified,24,2.66,0.00,2026-04-09,IMPORTED,,,22uF 25V Multi Layered Ceramic Capacitor (MLCC) - SMD 0805 - CL21A226MAQNNNE,R31,dj
1014,C_00930,EN_0366,ELECTRONICS,Astra-x,Verified,8,23.10,0.00,2026-04-09,IMPORTED,,"Original Shipping retained in source metadata, not added to current valuation",RV05-4 ESD Protection Array Diode – SOT-23 6L,R31,dj
1015,C_00941,EN_0367,ELECTRONICS,Astra-x,Verified,40,0.25,18.00,2026-04-10,IMPORTED,,,4.7k Ohm 1/4W 0603 Surface Mount Chip Resistor,R31,dj
1016,C_00939,EN_0368,ELECTRONICS,Astra-x,Verified,85,0.11,18.00,2026-04-10,IMPORTED,,,AC0603FR-0715K8L-YAGEO-Res Thick Film 0603 15.8K Ohm 1% 0.1W(1/10W) ±100ppm/°C Pad SMD T/R Automotive AEC-Q200 Availability: In stock,R31,dj
1017,C_00943,EN_0369,ELECTRONICS,Astra-x,Verified,31,0.34,18.00,2026-04-10,IMPORTED,,"Original Shipping retained in source metadata, not added to current valuation",AC1206FR-0749R9L-YAGEO-Res Thick Film 1206 49.9 Ohm 1% 0.25W(1/4W) ±100ppm/°C Pad SMD T/R Automotive AEC-Q200,R31,dj
1018,C_00936,EN_0370,ELECTRONICS,Astra-x,Verified,9,1.32,18.00,2026-04-10,IMPORTED,,,"C0603C272K5RACTU-KEMET-SMD Multilayer Ceramic Capacitor, 2700 pF, 50 V, 0603 [1608 Metric], ± 10%, X7R, C Series KEMET",R31,dj
1019,C_00934,EN_0371,ELECTRONICS,Astra-x,Verified,50,0.48,18.00,2026-04-10,IMPORTED,,,CC0603JPX7R9BB104-YAGEO-Cap Ceramic 0.1uF 50V X7R 5% Pad SMD 0603 125°C T/R,R31,dj
1020,C_00935,EN_0372,ELECTRONICS,Astra-x,Verified,18,0.51,18.00,2026-04-10,IMPORTED,,,"CL10A105KB8NNNC-SAMSUNG ELECTRO-MECHANICS-SMD Multilayer Ceramic Capacitor, 1 µF, 50 V, 0603 [1608 Metric], ± 10%, X5R, CL",R31,dj
1021,C_00937,EN_0373,ELECTRONICS,Astra-x,Verified,30,0.30,18.00,2026-04-10,IMPORTED,,,"RC0603JR-07330RL, Yageo, SMD Chip Resistor, 330 ohm, ± 5%, 125 mW, 0603 [1608 Metric], Thick Film, General Purpose",R56,
1022,C_00942,EN_0374,ELECTRONICS,Astra-x,Verified,50,0.20,18.00,2026-04-10,IMPORTED,,,RC0805FR-0775KL-YAGEO-Res Thick Film 0805 75K Ohm 1% 0.125W(1/8W) ±100ppm/°C Pad SMD T/R,R31,dj
1023,C_00962,,ELECTRONICS,Astra-x,Excess in stock,20,1.56,18.00,2026-04-10,BLOCKED,Physical stock verification requires review: Excess in stock,,Red Led - SMD (0603 package),R31,dj
1024,C_00940,EN_0375,ELECTRONICS,Astra-x,Verified,12,1.14,18.00,2026-04-10,IMPORTED,,,RT0603BRD07200KL-YAGEO-Res Thin Film 0603 200K Ohm 0.1% 0.1W(1/10W) ±25ppm/°C Pad SMD T/R,R31,dj
1025,C_00938,EN_0376,ELECTRONICS,Astra-x,Verified,11,1.15,18.00,2026-04-10,IMPORTED,,,RT0603BRD0720KL-YAGEO-Res Thin Film 0603 20K Ohm 0.1% 0.1W(1/10W) ±25ppm/°C Pad SMD T/R,R31,dj
1026,C_00963,,ELECTRONICS,Astra-x,Excess in stock,7,2.46,18.00,2026-04-10,BLOCKED,Physical stock verification requires review: Excess in stock,"Original Shipping retained in source metadata, not added to current valuation; Original Round-off retained in source metadata, not added to current valuation",SMAJ26A,R31,dj
1027,C_00955,EN_0377,ELECTRONICS,Astra-x,Verified,25,3.70,0.00,2026-04-13,IMPORTED,,"Original Shipping retained in source metadata, not added to current valuation",10uF 50V Multi Layered Ceramic Capacitor (MLCC) - X5R - SMD 0805 - Yageo CC0805KKX5R9BB106,R31,dj
1028,C_00959,EN_0378,ELECTRONICS,Astra-x,Verified,10,143.97,0.00,2026-04-13,IMPORTED,,,AP64500SP-13,R31,dj
1031,C_00957,EN_0379,ELECTRONICS,Astra-x,Verified,10,1.68,0.00,2026-04-13,IMPORTED,,,ESD9B5.0ST5G,R31,dj
1034,C_00958,EN_0380,ELECTRONICS,Astra-x,Verified,10,84.80,0.00,2026-04-13,IMPORTED,,,PM5449.332NLT,R31,dj
1035,C_00961,EN_0381,ELECTRONICS,Astra-x,Verified,10,0.37,0.00,2026-04-13,IMPORTED,,,RC0603FR-1024KL,R31,dj
1036,C_00960,EN_0382,ELECTRONICS,Astra-x,Verified,5,60.57,0.00,2026-04-13,IMPORTED,,,TL3302BF180QG/TR,R31,dj
1038,C_00956,EL_0383,ELECTRICALS,Astra-x,Verified,10,22.03,18.00,2026-04-15,IMPORTED,,"Original Shipping retained in source metadata, not added to current valuation","BM04B-GHS-TBT(LF)(SN)-JST-1x4P 4P GH Tin 4 -25℃~+85℃ 1A 1 1.25mm Phosphor Bronze Standing paste SMD,P=1.25mm Wire To Board Connector ROHS",R31,dj
1039,C_00625,EL_0384,ELECTRICALS,Astra-x,Verified,4,10000.00,18.00,2026-04-16,IMPORTED,,,T-Motor Antigravity MN5008 340KV,R62,
1040,C_00640,,ELECTRICALS,Astra-x,Verified,2,466.00,18.00,2026-04-20,BLOCKED,"Comp ID C_00640 has differing Description, Component Specification, UOM across positive-stock rows; confirm the correct component ID for each distinct part","Original Shipping retained in source metadata, not added to current valuation",Quick Attach-Detach Propeller Adapter Q1824,R42,
1042,C_00964,AC_0385,ACCESSORIES,Astra-x,Verified,1,10170.00,18.00,2026-04-22,IMPORTED,,"Original Round-off retained in source metadata, not added to current valuation",Carry Case Astra-x 770x720x600,,
1043,C_00968,,AIRFRAMES,Astra-x,Verified,4,9500.00,18.00,2026-04-29,BLOCKED,"Comp ID C_00968 has differing Description, Component Specification across positive-stock rows; confirm the correct component ID for each distinct part",,16mm Folding Arm Mechanism,R42,Brown Box
1044,C_00970,,AIRFRAMES,Astra-x,Verified,8,10500.00,18.00,2026-04-29,BLOCKED,"Comp ID C_00970 has differing Description, Component Specification, Comp Type across positive-stock rows; confirm the correct component ID for each distinct part",,25mm Folding Arm Mechanism,R42,Brown Box
1047,C_01038,AC_0386,ACCESSORIES,Inventory/Office,Verified,1,295.00,5.00,2026-05-06,IMPORTED,,,666 RTV Silicon Sealant,R12,
1048,C_00977,EN_0387,ELECTRONICS,Astra-x,Verified,1,54000.00,18.00,2026-05-10,IMPORTED,,,N200M VIO Navigation Module,R42,Brown Box
1049,C_00968,,AIRFRAMES,Astra-x,Verified,1,10500.00,18.00,2026-05-11,BLOCKED,"Comp ID C_00968 has differing Description, Component Specification across positive-stock rows; confirm the correct component ID for each distinct part",,25mm Folding Arm Mechanism,R42,Brown Box
1053,C_00971,AC_0388,ACCESSORIES,Astra-x,Verified,380,118.34,0.00,2026-05-12,IMPORTED,,,761-M0614-4-AL,R43,
1054,C_00809,AF_0389,AIRFRAMES,Astra-x,Verified,2,4600.00,18.00,2026-05-13,IMPORTED,,,HAHER20 LG Mount,Assembly Area & R43,
1056,C_00801,AF_0390,AIRFRAMES,Astra-x,Verified,2,165.60,18.00,2026-05-15,IMPORTED,,,"HAHER20-Quad-26"" GPS Enclosure",R56,AMUSE BOX
1057,C_00800,,AIRFRAMES,Astra-x,Verified,1,4402.20,18.00,2026-05-15,BLOCKED,Comp ID C_00800 has differing Component Specification across positive-stock rows; confirm the correct component ID for each distinct part,,"HAHER20-Quad-26"" Top Enclosure",R62,AMUSE BOX
1058,C_00972,AF_0391,AIRFRAMES,Astra-x,Verified,16,115.00,18.00,2026-05-15,IMPORTED,,,Landing Gear Cap (26-30),R62,AMUSE BOX
1059,C_00974,AC_0392,ACCESSORIES,Astra-x,Verified,350,3.80,18.00,2026-05-15,IMPORTED,,,M2.5X6mm Brass Inserts 4mm OD,Above L2,Orange Box
1060,C_00975,,ACCESSORIES,Astra-x,Verified,940,3.80,18.00,2026-05-15,BLOCKED,"Comp ID C_00975 has differing Description, Component Specification across positive-stock rows; confirm the correct component ID for each distinct part",,M3X6mm Brass Inserts 5mm OD,Above L2,Orange Box
1061,C_00973,,AIRFRAMES,Astra-x,Verified,2,4825.40,18.00,2026-05-15,BLOCKED,"Comp ID C_00973 has differing Description, Component Specification across positive-stock rows; confirm the correct component ID for each distinct part",,Micro-hard Enclosure (26-30),R62,AMUSE BOX
1063,C_00799,,AIRFRAMES,Astra-x,Verified,1,3572.00,18.00,2026-05-16,BLOCKED,"Comp ID C_00799 has differing Description, Component Specification across positive-stock rows; confirm the correct component ID for each distinct part","Original Shipping retained in source metadata, not added to current valuation","HAHER20-Quad-26"" Bottom Enclosure",,
1064,C_00800,,AIRFRAMES,Astra-x,Verified,1,4935.00,18.00,2026-05-16,BLOCKED,Comp ID C_00800 has differing Component Specification across positive-stock rows; confirm the correct component ID for each distinct part,,"HAHER20-Quad-26"" Top Enclosure",,
1066,C_00762,EN_0393,ELECTRONICS,RPF/Inventory,Verified,3,40500.00,18.00,2026-05-18,IMPORTED,,,Cube Orange Plus with Mini Carrier Board,R32,
1073,C_00982,EN_0394,ELECTRONICS,Paint Sprayer,Verified,4,2500.00,18.00,2026-05-22,IMPORTED,,,Canhub Module,Brown Box,
1076,C_01015,CM_0395,COMMUNICATION,Paint Sprayer,Verified,4,24500.00,18.00,2026-05-22,IMPORTED,,,R2-T900 Datalink,Brown Box,
1077,C_00984,EN_0396,ELECTRONICS,Paint Sprayer,Verified,5,19350.00,5.00,2026-05-22,IMPORTED,,,R4D-F OA Sensor,Brown Box,
1078,C_00983,EN_0397,ELECTRONICS,Paint Sprayer,Verified,4,19350.00,5.00,2026-05-22,IMPORTED,,,UAVH30-1M Terrain Sensor,Brown Box,
1079,C_00981,CM_0398,COMMUNICATION,Paint Sprayer,Verified,2,154000.00,18.00,2026-05-22,IMPORTED,,,V10-PRO (Controller Module),Brown Box,
1083,C_00622,EN_0346,ELECTRONICS,Astra-x,Verified,4,6305.00,5.00,2026-05-23,IMPORTED,,,T-Motor Alpha 60A ESC 6-12S LiPo 500Hz No BEC,R33,
1085,C_00764,,ELECTRICALS,Astra-x,Verified,2,20661.00,5.00,2026-05-23,BLOCKED,Comp ID C_00764 has differing Component Specification across positive-stock rows; confirm the correct component ID for each distinct part,,T-Motor Antigravity MN7005 230KV,R19,
1087,C_01002,AF_0399,AIRFRAMES,Astra-x,Verified,2,1178.00,18.00,2026-05-25,IMPORTED,,,15X13X1000mm CF Tube,White Bin,
1088,C_00770,,AIRFRAMES,Astra-x,Verified,3,1186.00,18.00,2026-05-25,BLOCKED,"Comp ID C_00770 has differing Description, Component Specification across positive-stock rows; confirm the correct component ID for each distinct part","Original Shipping retained in source metadata, not added to current valuation; Original Round-off retained in source metadata, not added to current valuation",16x14x1000mm Carbon Fiber Tube,Assembly area,
1089,C_00791,,ELECTRICALS,Astra-x,Verified,500,,0.00,2026-05-25,BLOCKED,"Unit Price is missing or invalid; Component fields invalid: {'unit_price': [ErrorDetail(string='This field may not be null.', code='null')]}",Invalid HSN retained in source metadata only,5024390600 Connectors,R56,Brown Box
1090,C_00985,,ELECTRICALS,Astra-x,Verified,1.5,172.39,0.00,2026-05-25,BLOCKED,In Inv must be a positive whole number,"Original Shipping retained in source metadata, not added to current valuation; Invalid HSN retained in source metadata only",A06SUR06SUR32W152B,R31,A20
1094,C_00993,AF_0400,AIRFRAMES,Astra-x,Verified,4,2937.00,18.00,2026-05-27,IMPORTED,,,"Motor Arm 26""",R62,
1096,C_00991,AF_0401,AIRFRAMES,Astra-x,Verified,3,1907.00,18.00,2026-05-27,IMPORTED,,,"Bottom Plate 26"" 2mm thk",R62,
1098,C_00992,AF_0402,AIRFRAMES,Astra-x,Verified,4,2229.00,18.00,2026-05-27,IMPORTED,,,"Fixed Arm Part 26""",R62,Brown Box
1101,C_00995,AF_0403,AIRFRAMES,Astra-x,Verified,12,792.00,18.00,2026-05-27,IMPORTED,,,Motor Support Plate MN7005,R62,
1102,C_00996,AF_0404,AIRFRAMES,Astra-x,Verified,4,799.00,18.00,2026-05-27,IMPORTED,,,Motor Support Plate U8 Lite,R62,
1104,C_00997,AF_0405,AIRFRAMES,Astra-x,Verified,3,1634.00,18.00,2026-05-27,IMPORTED,,,"Top Plate 26"" 2mm thk",R62,Brown Box
1105,'-,,ACCESSORIES,Fire Fighting,Verified,2,1000.00,18.00,2026-05-27,BLOCKED,Missing or placeholder Comp ID,,Trolley Wheel,R63,
1108,C_00432,AC_0406,ACCESSORIES,Astra-x,Verified,600,2.02,0.00,2026-05-28,IMPORTED,,,M3x10 SS Allen Cap - 304 (Pack of 25),R57,
1111,C_00802,AF_0407,AIRFRAMES,Astra-x,Verified,6,294.40,18.00,2026-05-28,IMPORTED,,,"HAHER20-Quad-26"" LG T Joint",R62,AMUSE BOX
1112,C_00780,AC_0408,ACCESSORIES,Astra-x,Verified,560,1.15,0.00,2026-05-28,IMPORTED,,,M1.6 SS 304 Washer (Pack of 25),R57,
1113,C_00763,AC_0409,ACCESSORIES,Astra-x,Verified,560,12.34,0.00,2026-05-28,IMPORTED,,,M1.6x25 SS Allen Cap - 304 (Pack of 10),R57,
1114,C_00394,AC_0410,ACCESSORIES,Astra-x,Verified,520,0.75,0.00,2026-05-28,IMPORTED,,,M2.5 SS 304 Washer (Pack of 25),R57,
1115,C_00395,AC_0411,ACCESSORIES,Astra-x,Verified,600,4.71,0.00,2026-05-28,IMPORTED,,,M2.5 SS Nylock Nut - 304 (Pack of 25),R57,
1116,C_00407,AC_0412,ACCESSORIES,Astra-x,Verified,600,1.80,0.00,2026-05-28,IMPORTED,,,M2.5x12mm SS Allen Cap - 304 (Pack of 25),R57,
1117,C_00409,AC_0413,ACCESSORIES,Astra-x,Verified,600,2.92,0.00,2026-05-28,IMPORTED,,,M2.5x15mm SS Allen Cap - 304 (Pack of 25),R57,
1118,C_00974,AC_0392,ACCESSORIES,Inventory/Office,Verified,600,3.80,0.00,2026-05-28,IMPORTED,,,M2.5X6MM Brass Inserts 4mm OD,Above L2,Orange Box
1119,C_01006,,ACCESSORIES,Inventory/Office,Verified,600,80.00,18.00,2026-05-28,BLOCKED,"Comp ID C_01006 has differing Description, Component Specification across positive-stock rows; confirm the correct component ID for each distinct part",,M2.5X6MM Brass Inserts 5+M1948:N1952mm OD,Above L2,Orange Box
1120,C_00975,,ACCESSORIES,Inventory/Office,Verified,1000,3.80,0.00,2026-05-28,BLOCKED,"Comp ID C_00975 has differing Description, Component Specification across positive-stock rows; confirm the correct component ID for each distinct part",,M2.5X6MM Brass Inserts 5mm OD,Above L2,Orange Box
1121,C_00418,AC_0414,ACCESSORIES,Astra-x,Verified,560,1.57,0.00,2026-05-28,IMPORTED,,,M2.5x8mm SS Allen Cap - 304 (Pack of 25),R57,
1122,C_00430,AC_0415,ACCESSORIES,Astra-x,Verified,1500,0.80,0.00,2026-05-28,IMPORTED,,,M3 SS 304 Washers (Pack of 25),R57,
1123,C_00431,AC_0416,ACCESSORIES,Astra-x,Verified,1500,2.02,0.00,2026-05-28,IMPORTED,,,M3 SS Nylock Nut - 304 (Pack of 25),R57,
1124,C_00433,AC_0417,ACCESSORIES,Astra-x,Verified,600,2.24,0.00,2026-05-28,IMPORTED,,,M3x12 SS Allen Cap - 304 (Pack of 25),R57,
1125,C_00435,AC_0418,ACCESSORIES,Astra-x,Verified,560,2.69,0.00,2026-05-28,IMPORTED,,,M3x15 SS Allen Cap - 304 (Pack of 25),R57,
1126,C_01004,AC_0419,ACCESSORIES,Astra-x,Verified,590,70.00,0.00,2026-05-28,IMPORTED,,,M3X15mm Spacer,R57,
1127,C_00436,AC_0420,ACCESSORIES,Astra-x,Verified,520,3.14,0.00,2026-05-28,IMPORTED,,,M3x20 SS Allen Cap - 304 (Pack of 25),R57,
1128,C_00437,AC_0421,ACCESSORIES,Astra-x,Verified,365,3.82,0.00,2026-05-28,IMPORTED,,,M3x25 SS Allen Cap - 304 (Pack of 25),R57,
1129,C_01005,AC_0422,ACCESSORIES,Astra-x,Verified,590,75.00,0.00,2026-05-28,IMPORTED,,,M3X25mm Spacer,R57,
1130,C_00439,AC_0423,ACCESSORIES,Astra-x,Verified,600,5.16,0.00,2026-05-28,IMPORTED,,,M3x35 SS Allen Cap - 304 (Pack of 25),R57,
1131,C_00760,AC_0424,ACCESSORIES,Inventory/Office,Verified,600,7.18,0.00,2026-05-28,IMPORTED,,,M3x40 SS Allen Cap - 304 (Pack of 10),R57,
1132,C_00440,AC_0425,ACCESSORIES,Inventory/Office,Verified,600,2.02,0.00,2026-05-28,IMPORTED,,,M3x6 SS Allen Cap - 304 (Pack of 25),R57,
1133,C_00443,AC_0426,ACCESSORIES,Inventory/Office,Verified,1000,1.80,0.00,2026-05-28,IMPORTED,,,M3x8 SS Allen Cap - 304 (Pack of 25),R57,
1134,C_00445,AC_0427,ACCESSORIES,Inventory/Office,Verified,1000,0.90,0.00,2026-05-28,IMPORTED,,,M4 SS 304 Washers (pack of 10),R57,
1135,C_01003,AC_0428,ACCESSORIES,Inventory/Office,Verified,1000,6.73,0.00,2026-05-28,IMPORTED,,,M4x35 - SS Allen Cap Screw,R57,
1136,C_01006,,ACCESSORIES,,Verified,600,80.00,0.00,2026-05-28,BLOCKED,"Comp ID C_01006 has differing Description, Component Specification across positive-stock rows; confirm the correct component ID for each distinct part",,M3X30mm Spacer,,
1137,C_00973,,AIRFRAMES,Astra-x,Verified,1,1136.20,18.00,2026-05-28,BLOCKED,"Comp ID C_00973 has differing Description, Component Specification across positive-stock rows; confirm the correct component ID for each distinct part",,Micro-hard Enclosure,,
1138,C_00990,PL_0429,PAYLOAD,RPF,Verified,2,42800.00,5.00,2026-05-28,IMPORTED,,,SKYdroid C12,assembly Area,
1140,C_00987,EL_0430,ELECTRICALS,Astra-x,Verified,50,45.08,18.00,2026-05-30,IMPORTED,,,18AWG High Qualitty Ultra Flexible Silicone Wire - Yellow,R24,
1141,C_00314,EL_0431,ELECTRICALS,Inventory/Office,Verified,30,38.89,18.00,2026-05-30,IMPORTED,,"Original Shipping retained in source metadata, not added to current valuation",High Quality Ultra Flexible 16AWG Silicone Wire – Red,R24,
1142,C_00317,EL_0432,ELECTRICALS,Inventory/Office,Verified,60,16.84,18.00,2026-05-30,IMPORTED,,,High Quality Ultra Flexible 20AWG Silicone Wire - Black,R24,
1143,C_00318,EL_0433,ELECTRICALS,Inventory/Office,Verified,60,19.09,18.00,2026-05-30,IMPORTED,,,High Quality Ultra Flexible 20AWG Silicone Wire - Red,R24,
1144,C_00319,EL_0434,ELECTRICALS,Inventory/Office,Verified,50,13.56,18.00,2026-05-30,IMPORTED,,,High Quality Ultra Flexible 22AWG Silicone Wire - Black,R24,
1145,C_00321,EL_0435,ELECTRICALS,Inventory/Office,Verified,50,13.52,18.00,2026-05-30,IMPORTED,,,High Quality Ultra Flexible 22AWG Silicone Wire – Red,R24,
1146,C_00322,EL_0436,ELECTRICALS,Astra-x,Verified,2,9.54,18.00,2026-05-30,IMPORTED,,,High Quality Ultra Flexible 24AWG Silicone Wire – Black,R24,
1147,C_00323,EL_0437,ELECTRICALS,Astra-x,Verified,2,9.54,18.00,2026-05-30,IMPORTED,,,High Quality Ultra Flexible 24AWG Silicone Wire – Red,R24,
1148,C_00316,EL_0438,ELECTRICALS,Astra-x,Verified,30,41.00,18.00,2026-06-02,IMPORTED,,"Original Shipping retained in source metadata, not added to current valuation",High Quality Ultra Flexible 18AWG Silicone Wire - Red,R24,
1154,C_00970,,AIRFRAMES,Astra-x,Verified,2,1200.00,18.00,2026-06-04,BLOCKED,"Comp ID C_00970 has differing Description, Component Specification, Comp Type across positive-stock rows; confirm the correct component ID for each distinct part",,Left hand Thread Motor Adapter,R42,
1156,C_00969,AF_0439,AIRFRAMES,Astra-x,Verified,2,1200.00,18.00,2026-06-04,IMPORTED,,,Right hand Thread Motor Adapter,R42,
1158,C_00382,CM_0358,COMMUNICATION,Astra-x,Verified,2,1150.00,18.00,2026-06-05,IMPORTED,,,Logitech Gamepad F310,R48,
1162,C_01019,AC_0440,ACCESSORIES,RPF/Inventory,Verified,450,3.20,18.00,2026-06-09,IMPORTED,,,M3 SS Neoprene Washer,R57,Brown Box
1163,C_00832,EN_0441,ELECTRONICS,RPF,Verified,33,840.00,5.00,2026-06-09,IMPORTED,,,Oznium Flush Mount LED Bolt - 2231 Red,R56,Brown Box
1164,C_00830,EN_0442,ELECTRONICS,RPF,Verified,33,840.00,5.00,2026-06-09,IMPORTED,,,Oznium Flush Mount LED Bolt - 2233 Green,R56,Brown Box
1165,C_00831,EN_0443,ELECTRONICS,RPF,Verified,33,840.00,5.00,2026-06-09,IMPORTED,,,Oznium Flush Mount LED Bolt - 2235 Cool White,R56,Brown Box
1166,C_01020,EL_0444,ELECTRICALS,RPF,Verified,2,9930.00,18.00,2026-06-10,IMPORTED,,,GenX Pro+ Solid State 22.2V 6S 12500mah 7C Premium Lithium Ion Solid State Rechargeable Battery 350wh/kg,INV ROOM,
1170,C_01024,AF_0445,AIRFRAMES,RPF,Verified,8,805.50,18.00,2026-06-12,IMPORTED,,,H12 PRO Enclosure,R62,Brown Box
1174,'-,,ACCESSORIES,Astra-x,Verified,1,0.00,0.00,2026-06-12,BLOCKED,Missing or placeholder Comp ID,,TB1521,R14,
1175,C_00493,EN_0446,ELECTRONICS,RPF/Inventory,Verified,9,58.00,18.00,2026-06-15,IMPORTED,,"Original Shipping retained in source metadata, not added to current valuation",N-Channel MOSFET 47A 55V 3-Pin TO-220AB Infineon,R31,A50
1177,C_00792,EL_0447,ELECTRICALS,Astra-x,Verified,487,116.62,5.00,2026-06-15,IMPORTED,,,24AWG Crimp Cable - 0797581015,R23,Brown Box
1178,C_00916,EL_0353,ELECTRICALS,Astra-x,Verified,500,15.00,5.00,2026-06-15,IMPORTED,,,"AGHGH28K203 - Crimp cable JUMPER SSHL-002T-P0.2 X2 8""",R23,Black Box
1179,C_00956,EL_0383,ELECTRICALS,Astra-x,Verified,500,2.70,5.00,2026-06-15,IMPORTED,,,"BM04B-GHS-TBT(LF)(SN)-JST-1x4P 4P GH Tin 4 -25℃~+85℃ 1A 1 1.25mm Phosphor Bronze Standing paste SMD,P=1.25mm Wire To Board Connector ROHS",R23,
1180,C_00794,EL_0354,ELECTRICALS,Astra-x,Verified,500,2.20,5.00,2026-06-15,IMPORTED,,,GHR-03V-S Connectors,R23,
1181,C_00789,EL_0448,ELECTRICALS,Astra-x,Verified,480,2.20,5.00,2026-06-15,IMPORTED,,,GHR-04V-S Connectors,R23,
1182,C_00836,EL_0357,ELECTRICALS,Astra-x,Verified,485,2.30,5.00,2026-06-15,IMPORTED,,,GHR-05V-S Connector,R23,
1183,C_00280,EL_0207,ELECTRICALS,Astra-x,Verified,485,2.40,5.00,2026-06-15,IMPORTED,,,GHR-06V-S Connectors,R23,
1184,C_00788,EL_0355,ELECTRICALS,Astra-x,Verified,485,2.80,5.00,2026-06-15,IMPORTED,,,GHR-07V-S Connectors,R23,
1185,C_00790,EL_0356,ELECTRICALS,Astra-x,Verified,500,2.60,5.00,2026-06-15,IMPORTED,,,GHR-08V-S Connectors,R23,
1187,C_00366,EL_0210,ELECTRICALS,Astra-x,Verified,350,15.00,5.00,2026-06-15,IMPORTED,,,JST - 15cm Crimp Cable - AGHGH28K152,R23,Black Box
1188,C_00793,EL_0449,ELECTRICALS,Astra-x,Verified,460,15.00,5.00,2026-06-15,IMPORTED,,,JST - 30cm Crimp 28 AWG Cable - AGHGH28K305,R23,Brown Box
1189,C_01025,EL_0450,ELECTRICALS,Inventory/Office,Verified,100,35.00,18.00,2026-06-15,IMPORTED,,"Original Shipping retained in source metadata, not added to current valuation",LP PP LP41232NLH,R42,
1190,C_01029,EL_0451,ELECTRICALS,Astra-x,Verified,500,58.48,5.00,2026-06-15,IMPORTED,,,Male to Female Jumper Wire 20cm PRO34 Blue Crimp Cable,R23,Brown Box
1191,C_01028,EL_0452,ELECTRICALS,Astra-x,Verified,500,58.48,5.00,2026-06-15,IMPORTED,,,Male to Female Jumper Wire 20cm PRO34 Red Crimp Cable,R23,Brown Box
1192,C_01026,AF_0453,AIRFRAMES,RPF,Verified,1,4750.00,18.00,2026-06-15,IMPORTED,,,Static Arm Tube_15mm,,
1193,C_01027,,AIRFRAMES,Astra-x,Unlabelled colour,3,7850.00,5.00,2026-06-16,BLOCKED,Physical stock verification requires review: Unlabelled colour,,NS18X6 Props 2 Pair,Before L1,
1194,C_00747,,ELECTRICALS,RPF,Unlabelled colour,10,10900.00,5.00,2026-06-16,BLOCKED,Physical stock verification requires review: Unlabelled colour,,T-Motor Antigravity MN4006 380KV 2Pcs/Set,R61,Brown Box
1196,C_00765,AF_0326,AIRFRAMES,Astra-x,Verified,4,22560.00,5.00,2026-06-16,IMPORTED,,,T-motor NS26x8.5 Propellers 1CW 1CCW - 1Pair,Before L1,
1197,C_00636,,AIRFRAMES,Astra-x,Excess in stock,4,28080.00,5.00,2026-06-16,BLOCKED,Physical stock verification requires review: Excess in stock; Comp ID C_00636 has differing Component Specification across positive-stock rows; confirm the correct component ID for each distinct part,,T-motor NS30x10 Propellers 1CW 1CCW - 1Pair,Assembly Area,
1200,C_01031,EL_0454,ELECTRICALS,Astra-x,Verified,60,30.51,18.00,2026-06-18,IMPORTED,,,18AWG Silicone Braided Wire Black High Flex Heat Resistant Cable,R24,
1201,C_01030,EL_0455,ELECTRICALS,RPF/Inventory,Verified,6,81.36,18.00,2026-06-18,IMPORTED,,,1-8S LiPo Battery Checker Voltage Tester w/ Low Voltage Alarm,R56,
1203,C_01032,AC_0456,ACCESSORIES,RPF/Inventory,Verified,1,1093.22,18.00,2026-06-18,IMPORTED,,,eSUN ABS+ HS Black - 1.75mm 3D Printing Filament Spool,R8,
1205,C_00344,EN_0457,ELECTRONICS,RPF,Verified,5,7125.00,5.00,2026-06-18,IMPORTED,,,Holybro M9N GPS,R34,Green box
1207,C_00118,EL_0458,ELECTRICALS,RPF/Inventory,Verified,21,84.00,18.00,2026-06-20,IMPORTED,,"Original Round-off retained in source metadata, not added to current valuation",Amass XT90E Male Connectors,R22,
1212,C_01042,AF_0459,AIRFRAMES,Astra-x,Verified,2,2820.00,18.00,2026-06-20,IMPORTED,,,"T-Landing Gear 18""",R62,Brown Box
1213,C_01040,AF_0460,AIRFRAMES,Astra-x,Verified,12,3180.00,18.00,2026-06-20,IMPORTED,,,"T-Landing Gear 26"" & 30""",R62,Brown Box
1215,C_01017,AF_0461,AIRFRAMES,RPF/Inventory,Verified,19,4865.00,5.00,2026-06-20,IMPORTED,,,T-motor NS14X4.8 Propeller,R10,
1216,C_01050,AC_0462,ACCESSORIES,RPF,Verified,9,48.00,5.00,2026-06-20,IMPORTED,,,Velcro Hook Part,R12,
1218,C_01018,AC_0463,ACCESSORIES,RPF,Verified,1,9000.00,18.00,2026-06-22,IMPORTED,,,Bottom Foam 14 inch,In Inv,
1220,C_00994,AF_0464,AIRFRAMES,Astra-x,Verified,1,2454.00,18.00,2026-06-22,IMPORTED,,,"Motor Arm 30""",R62,
1221,C_01043,AC_0465,ACCESSORIES,RPF,Verified,2,2300.00,18.00,2026-06-24,IMPORTED,,,Carry Bag,In Inv,
1222,C_01055,AC_0466,ACCESSORIES,Inventory/Office,Verified,8,491.53,18.00,2026-06-24,IMPORTED,,"Original Shipping retained in source metadata, not added to current valuation; Original Round-off retained in source metadata, not added to current valuation",LK-4WBN-12MM TAPE,L11,
1224,C_01047,AC_0467,ACCESSORIES,Inventory/Office,Verified,1,1642.00,18.00,2026-06-27,IMPORTED,,,"3M Scotch-Weld Acrylic Adhesive DP8507NS, Gray, 45 mL Duo-Pak, 1 Each, Delivers Long-Lasting, High-Strength Bonds to Aluminum, Steel, Copper, Brass, and Most Plastics",R13,
1225,C_01045,AC_0468,ACCESSORIES,Inventory/Office,Verified,1,10315.00,18.00,2026-06-27,IMPORTED,,,"3M Scotch-Weld EPX Plus II Applicator #01001, 2 Plunger for 48mL & 50mL, 1 Applicator",R13,
1226,C_01046,AC_0469,ACCESSORIES,Inventory/Office,Verified,9,103.00,18.00,2026-06-27,IMPORTED,,,"3M(TM) Scotch-Weld(TM) EPX(TM) Mix Nozzles Square Orange, for 45mL 10:1 Duo-Pak Cartridges, Bag of 12",R13,
1227,C_01048,EN_0470,ELECTRONICS,R&D Warehouse,Verified,19,8.47,18.00,2026-07-02,IMPORTED,,"Original Round-off retained in source metadata, not added to current valuation",470uF 35V Keltron Electrolytic Capacitor,R31,
1228,C_01053,CM_0471,COMMUNICATION,Astra - X,Verified,1,57876.12,18.00,2026-07-03,IMPORTED,,,CMP-Datalink_V01,R31,
1230,C_00630,EN_0258,ELECTRONICS,Warehouse,Verified,1,12247.00,5.00,2026-07-06,IMPORTED,,"Original Round-off retained in source metadata, not added to current valuation",T-Motor F55A Pro III 3-8S 4in1 ESC,R32,
1231,C_00758,AF_0472,AIRFRAMES,Warehouse,Verified,1,4238.95,5.00,2026-07-07,IMPORTED,,,T-Motor P13x4.4 Prop 1CW 1CCW-1Pair,Before L1,
1232,C_01052,EL_0473,ELECTRICALS,Inventory/Office,Verified,1,90.00,18.00,2026-07-14,IMPORTED,,,Female to Female Jumper Wires (20cm) 40pcs,R31,
1233,C_01051,EL_0474,ELECTRICALS,Inventory/Office,Verified,1,70.00,18.00,2026-07-14,IMPORTED,,,Male To Female Jumper Wires 40 Pcs 20cm,R31,
1235,C_01054,EL_0475,ELECTRICALS,Bhumi,Verified,2,12505.50,18.00,2026-07-24,IMPORTED,,"Original Shipping retained in source metadata, not added to current valuation",EON 6S 22000,,
1236,C_00312,EL_0476,ELECTRICALS,Astra - X,Verified,30,54.24,18.00,2026-07-31,IMPORTED,,,High Quality Ultra Flexible 14AWG Silicone Wire - Black,R24,
1237,C_00311,EL_0477,ELECTRICALS,Astra - X,Verified,30,43.22,18.00,2026-07-31,IMPORTED,,,High Quality Ultra Flexible 14AWG Silicone Wire - Red,R24,
1238,C_00315,EL_0478,ELECTRICALS,Astra - X,Verified,26,37.29,18.00,2026-07-31,IMPORTED,,,High Quality Ultra Flexible 18AWG Silicone Wire - Black,R24,
1239,C_00620,EN_0479,ELECTRONICS,Astra-x,Verified,12,2760.95,5.00,2026-07-31,IMPORTED,,"Original Shipping retained in source metadata, not added to current valuation",T-Motor Air 40A Esc,R33,
1241,C_00799,,AIRFRAMES,Astra-x,Verified,1,3082.00,18.00,2026-08-03,BLOCKED,"Comp ID C_00799 has differing Description, Component Specification across positive-stock rows; confirm the correct component ID for each distinct part",,"HAHER20-Quad-26"" Bottom Enclosure(18 INCH)",R62,
1243,C_01022,,AIRFRAMES,RPF,Verified,1,4098.60,18.00,2026-08-03,BLOCKED,Comp ID C_01022 has differing Component Specification across positive-stock rows; confirm the correct component ID for each distinct part,,Top Enclosure 14 inch,,
1245,C_01059,AF_0480,AIRFRAMES,CRRI,Verified,3,155.00,18.00,2026-08-05,IMPORTED,,,Metallic shaft,R2,
1246,C_01058,EL_0481,ELECTRICALS,TNUAV,Verified,12,5058.00,18.00,2026-08-06,IMPORTED,,"Original Round-off retained in source metadata, not added to current valuation",Brusless DC Motor 4006-380kv,R18,
1247,C_01012,AF_0482,AIRFRAMES,RPF,Verified,4,9500.00,18.00,2026-08-07,IMPORTED,,,15mm Folding Arm Mechanism,R42,
1254,'-,,ACCESSORIES,Fire Fighting,Verified,2,1000.00,18.00,2026-08-18,BLOCKED,Missing or placeholder Comp ID,,Trolley Wheel,R63,
1256,C_00084,,ELECTRICALS,Electrotek-NRSC,Unlabelled colour,2,32850.00,18.00,2026-08-20,BLOCKED,Physical stock verification requires review: Unlabelled colour; Comp ID C_00084 has differing Component Specification across positive-stock rows; confirm the correct component ID for each distinct part,,6S 30000mAh Solid State Battery,,
1257,C_01056,,AIRFRAMES,Fire Fighting,Verified,1,1200.00,18.00,2026-08-25,BLOCKED,Comp ID C_01056 has differing Description across positive-stock rows; confirm the correct component ID for each distinct part,,Laser cutting MS-3mm,,
1258,'-,,AIRFRAMES,Fire Fighting,Verified,1,750.00,18.00,2026-08-25,BLOCKED,Missing or placeholder Comp ID,,"Payload stand, Bands Holder Folding",,
1259,C_01056,,AIRFRAMES,Fire Fighting,Verified,1,3500.00,18.00,2026-08-26,BLOCKED,Comp ID C_01056 has differing Description across positive-stock rows; confirm the correct component ID for each distinct part,,Laser cutting,,
1260,C_00998,AF_0483,AIRFRAMES,Astra - X,Verified,1,2560.00,18.00,2026-08-26,IMPORTED,,,"Bottom Plate 18"" 2mm thk",R63,
1261,C_00999,AF_0484,AIRFRAMES,Astra - X,Verified,2,2560.00,18.00,2026-08-26,IMPORTED,,,"Fixed Arm Part 18""",R63,
1262,C_01000,AF_0485,AIRFRAMES,Astra - X,Verified,2,2590.00,18.00,2026-08-26,IMPORTED,,"Original Shipping retained in source metadata, not added to current valuation","Motor Arm 18""",R63,
1263,C_01001,AF_0486,AIRFRAMES,Astra - X,Verified,1,1540.00,18.00,2026-08-26,IMPORTED,,,"Top Plate 18"" 2mm thk",R63,
1264,C_01065,AC_0487,ACCESSORIES,Inventory/Office,Verified,1,22635.00,18.00,2026-08-28,IMPORTED,,,3M™ Hook Fastener SJ3572,,
1265,C_01064,AC_0488,ACCESSORIES,Inventory/Office,Verified,1,24265.00,5.00,2026-08-28,IMPORTED,,,3M™ Loop Fastener SJ3571,,
1266,C_01061,EL_0489,ELECTRICALS,Warehouse,Verified,1,76.27,18.00,2026-08-28,IMPORTED,,,Con USB to Casio,,
1269,C_00063,,ELECTRONICS,Frequency Hopping,Verified,3,202.54,18.00,2026-09-01,BLOCKED,Comp ID C_00063 has differing Component Specification across positive-stock rows; confirm the correct component ID for each distinct part,"Original Shipping retained in source metadata, not added to current valuation",4S-6S 12V 3A UBEC,R26,
1270,C_01067,EL_0490,ELECTRICALS,Fire Fighting,Verified,1,1396.61,18.00,2026-09-01,IMPORTED,,,"amiciSolar DC-DC 400W 15A Step-Down Buck Converter, 10.5V-60VDC to 0.5V-45V",R26,
1271,C_01068,AC_0491,ACCESSORIES,Inventory/Office,Verified,200,1.40,18.00,2026-09-07,IMPORTED,,,"M3 X 8mm Phillips CSK SS 304 Screw (Dia. 3mm, Length 8mm)",,
1272,C_01069,AC_0492,ACCESSORIES,Inventory/Office,Verified,200,1.20,18.00,2026-09-07,IMPORTED,,"Original Shipping retained in source metadata, not added to current valuation","M3 X 6mm Phillips CSK SS 304 Screw (Dia. 3mm, Length 6mm)",,
1273,,,,Fire Fighting,Verified,7,,0.00,2026-09-09,BLOCKED,Missing or placeholder Comp ID; Category is missing or unsupported; Unit Price is missing or invalid,,Elastic Band,R13,
1274,C_01070,AC_0493,ACCESSORIES,Frequency Hopping,Verified,1,2965.21,18.00,2026-09-11,IMPORTED,,Invalid HSN retained in source metadata only,"CompuPort - 4 Pins Boot Molex DC GPIO AWG24 Power Cable Shielded and soldered Tips, Compatible with Microhard, Cradlepoint, Teltonika, Sierra Wireless Airlink, Peplink, Perl,e and More Cellular Modems",R24,
1275,C_00924,EN_0494,ELECTRONICS,Astra-X,Verified,10,10528.64,18.00,2026-09-11,IMPORTED,,"Original Round-off retained in source metadata, not added to current valuation",PCB/PANEL,R21,
1276,C_00764,,ELECTRICALS,Astra-X,Verified,4,15438.00,5.00,2026-09-16,BLOCKED,Comp ID C_00764 has differing Component Specification across positive-stock rows; confirm the correct component ID for each distinct part,"Original Round-off retained in source metadata, not added to current valuation",T-Motor Antigravity MN7005 230KV,R60,
1277,C_00076,,ACCESSORIES,Bhumi,Verified,10,26.00,18.00,2029-09-18,BLOCKED,Inward Date is in the future,,6mm Heat Shrinkable Sleeves Red,,
1278,C_00077,,ACCESSORIES,Bhumi,Verified,1,430.00,18.00,2029-09-18,BLOCKED,Inward Date is in the future,,6mm Spiral Sleeves Black,,
1279,C_00347,,ACCESSORIES,Bhumi,Verified,10,42.00,18.00,2029-09-18,BLOCKED,Inward Date is in the future,"Original Round-off retained in source metadata, not added to current valuation",Hose Pipe 10mm,R27,
1280,C_01023,AF_0495,AIRFRAMES,RPF,Verified,1,3082.00,18.00,2026-09-19,IMPORTED,,,Bottom Enclosure 14 inch,R63,
1281,C_01022,,AIRFRAMES,RPF,Verified,1,4149.20,18.00,2026-09-19,BLOCKED,Comp ID C_01022 has differing Component Specification across positive-stock rows; confirm the correct component ID for each distinct part,"Original Round-off retained in source metadata, not added to current valuation",Top Enclosure 14 inch,R63,
1282,C_01071,AF_0496,AIRFRAMES,Bhumi,Verified,2,37000.00,5.00,2026-09-21,IMPORTED,,,E616P frame without tank,,
1283,C_00341,,ELECTRICALS,Bhumi,Verified,1,11960.00,5.00,2026-09-21,BLOCKED,Comp ID C_00341 has differing Component Specification across positive-stock rows; confirm the correct component ID for each distinct part,,Hobbywing X8 CW Combo,R20,
1284,C_00340,,ELECTRICALS,Bhumi,Verified,1,11960.00,5.00,2026-09-21,BLOCKED,Comp ID C_00340 has differing Component Specification across positive-stock rows; confirm the correct component ID for each distinct part,,Hobbywing X8 CCW Combo,R20,
1285,C_00339,AF_0497,AIRFRAMES,Bhumi,Verified,3,2212.00,5.00,2026-09-21,IMPORTED,,,Hobbywing X8 3011 Propellers CW,R3,
1286,C_00338,AF_0498,AIRFRAMES,Bhumi,Verified,3,2212.00,5.00,2026-09-21,IMPORTED,,"Original Round-off retained in source metadata, not added to current valuation",Hobbywing X8 3011 Propellers CCW,R3,
1291,C_00727,AF_0499,AIRFRAMES,Astra-x,Verified,2,6900.00,5.00,2026-09-22,IMPORTED,,,T-Motor P17x5.8 Prop 1CW 1CCW-1Pair,R3,
1292,C_01072,CM_0500,COMMUNICATION,Astra-x,Verified,1,9400.00,18.00,2026-09-22,IMPORTED,,,Skydroid GR01 Receiver,,
